Date,Amount,Payment Method,Shop/Person,Location,Description,Category
2024-08-26,-6500.0,Card,Sports Store,Central Sports Stores,Black Shoes,Clothes
2024-08-27,300000.0,Cheque,Dadsie,Knockskehy,,Dadsie
2024-08-27,-2155.0,Card,Supervalu,O'Keeffe's SuperValu Newmarket,Food,Food
2024-08-30,9600.0,Bank Transfer,Old Oak,Old Oak,Wages,Income
2024-08-30,-4400.0,Card,Pennys,Penneys,2 cargo pants,Clothes
2024-08-30,-2045.0,Card,Dinos,Dinos,Takeaway,Impulsive Food
2024-08-30,-12396.0,Card,Amazon,,"Toothbrush, tongue scraper, bouner gear",Personal
2024-09-02,-2160.0,Card,Wok N Roll,Wok'n'Roll Grand Parade,Spice Bag,Impulsive Food
2024-09-09,-3300.0,Card,Life Style Sports,Life Style Sports,Gym bag,Clothes
2024-09-09,-3500.0,Card,Fone Connection,Fone Connection Cork,Airpods,Personal
2024-09-09,-3000.0,Card,Pennys,Penneys,"Socks, jocks and towel",Clothes
2024-09-09,-2286.0,Card,Dunnes Stores,Dunnes Stores,Food,Food
2024-09-09,-2160.0,Card,Wok N Roll,Wok'n'Roll Grand Parade,Spice Bag,Impulsive Food
2024-09-09,-28000.0,Card,Motor Tax,,Car tax,Car Maintenance
2024-09-09,-500.0,Card,BarberHood,BARBERHOOD,Haircut,Personal
2024-09-09,-200.0,Card,Istanbul Kebab,Istanbul Kebab Cork City,Water,Impulsive Food
2024-09-09,-1200.0,Card,FlyeFit,FLYEfit,2 locks,Personal
2024-09-09,-695.0,Card,Tesco,Tesco Superstore,Food,Food
2024-09-09,-615.0,Card,Centra,Centra,Roll,Impulsive Food
2024-09-09,-6406.0,Card,Lidl,Lidl Kanturk,Food,Food
2024-09-09,-7200.0,Card,Dunnes Stores,Dunnes Stores,"Duvet, pillow and bed clothes",Household
2024-09-09,-7500.0,Card,FoneFix,Kanturk,100w charger,Personal
2024-09-09,-735.0,Card,Tesco,Tesco Superstore,Food,Food
2024-09-09,-56000.0,Card,Mick Murphy,Mick Murphy Menswear,"4 shirts, jeans, shoes",Clothes
2024-09-09,-3500.0,Bank Transfer,FlyeFit,FLYEfit,Denis membership,Denis
2024-09-09,3754.9999999999995,Bank Transfer,Voodoo ,Voodoo Rooms,Wages,Income
2024-09-09,-34400.0,Card,FlyeFit,FLYEfit,1 year membership,Personal
2024-09-09,-418.0,Card,Tesco,Tesco Superstore,Food,Food
2024-09-09,-6500.0,Card,Mick Murphy,Mick Murphy Menswear,Waist coat,Clothes
2024-09-09,-825.0,Card,Centra,Herlihy's Centra,Water + cashback,Impulsive Food
2024-09-09,-52000.0,Card,Philpotts,Philpott's Tyre Centre,Changed tyres,Car Maintenance
2024-09-09,-500.0,Card,FoneFix,Kanturk,2 pin to 3 pin convertor,Personal
2024-09-09,-450.0,Card,Supervalu,Twohig's SuperValu Kanturk,Food,Food
2024-09-09,-5250.0,Card,Burtons,Burtons Topline,Sheila's staple gun,Sheila
2024-09-10,-3600.0,Card,Pennys,Penneys,4 t-shirts,Clothes
2024-09-10,-737.0,Card,Chemist Warehouse,Chemist Warehouse Cornmarket,Shampoo + deodorant,Personal
2024-09-10,-4919.0,Card,Dunnes Stores,Kanturk,Cleaning equipment + food,Household
2024-09-11,-27350.0,Card,Dunnes Stores,Dunnes Stores,Kitchen Stuff,Household
2024-09-11,-11888.0,Card,Dunnes Stores,Dunnes Stores,"Food, usb cable, steam iron",Food
2024-09-11,-640.0,Card,Centra,Centra,Pipeline punch + flavoured water,Impulsive Food
2024-09-11,-12900.0,Card,Select,select,Apple airpods,Personal
2024-09-12,-1200.0,Card,Vitiman Shop,Vitamin Shop Cork,Lifting straps,Personal
2024-09-12,-200.0,Card,Istanbul Kebab,Istanbul Kebab Cork City,Coke,Impulsive Food
2024-09-13,-6723.999999999999,Card,Woodies,Woodie's,"Clothes baskets, shower mat, ice cube tray",Household
2024-09-13,-8298.0,Card,Boots,Boots,Gillete shaver,Personal
2024-09-13,33924.0,Bank Transfer,Voodoo ,Voodoo Rooms,Wages,Income
2024-09-15,-1682.0,Card,Lidl,Lidl Kanturk,Food,Food Non-Personal
2024-09-15,-8571.0,Card,Circle K,Circle K Polefield,"Petrol, brownies, mars icecream",Petrol
2024-09-16,-254.0,Card,Spar,Spar,Flavoured water,Impulsive Food
2024-09-16,-138.0,Card,Chemist Warehouse,Chemist Warehouse Cornmarket,2 loofas,Personal
2024-09-16,-2632.0,Card,Tesco,Tesco Superstore,Food,Food
2024-09-18,-2193.0,Card,Tesco,Tesco Superstore,Food,Food
2024-09-19,-250.0,Card,Centra,Centra,Jelly worms,Impulsive Food
2024-09-20,-14887.0,Card,Temu,,Denis's hex lights,Denis
2024-09-20,19339.0,Bank Transfer,Voodoo ,Voodoo Rooms,Wages,Income
2024-09-20,-2388.0,Card,Tesco,Tesco Superstore,Food,Food
2024-09-22,-520.0,Card,Circle K,Circle K Polefield,"Monster, bounty bar",Impulsive Food
2024-09-22,-1080.0,Card,Wok N Roll,Wok'n'Roll Grand Parade,Spice Bag,Impulsive Food
2024-09-23,-6339.0,Card,Dunnes Stores,Dunnes Stores,Food,Food
2024-09-23,-1786.0,Card,Dunnes Stores,Dunnes Stores,"Piri Piri, floss",Food
2024-09-23,-925.0,Card,Centra,Centra,"Roll, flavoured water",Impulsive Food
2024-09-24,-5000.0,Card,Pre Pay Power,,Denis electricity apartment,Denis
2024-09-24,-8500.0,Card,Driving Test,,Denis driving test booking,Denis
2024-09-24,-6196.0,Card,Temu,,"Denis's lights, atlas, clock, t-shirt",Denis
2024-09-25,-250.0,Card,Centra,Centra,Sweets,Impulsive Food
2024-09-25,-1450.0,Card,Tesco,Tesco Superstore,"Chicken, dunkers",Food
2024-09-26,-390.0,Card,Supervalu,O'Keeffe's SuperValu Newmarket,"Sweets, timeouts",Impulsive Food
2024-09-26,-400.0,Card,Supervalu,O'Keeffe's SuperValu Newmarket,Roll,Impulsive Food
2024-09-27,-3194.0,Card,Lidl,Lidl,"Chicken, peppers, mushrooms",Food
2024-09-27,11327.0,Bank Transfer,Voodoo ,Voodoo Rooms,Wages,Income
2024-09-27,-2200.0,Card,Pennys,Penneys,snuddie,Clothes
2024-09-28,-780.0,Card,Lidl,Lidl,Food,Food
2024-09-28,-1995.0,Card,Live Career,,CV,Personal Development
2024-09-28,-2097.0,Card,Chemist Warehouse,Chemist Warehouse Cornmarket,"Shampoo, body wash, razer",Personal
2024-09-30,-2969.0,Card,Lidl,Lidl,Food,Food
2024-09-30,-448.00000000000006,Card,Tesco,Tesco Superstore,"Sheila's strawberry's, Toms peanut butter",Impulsive Food
2024-10-01,-3500.0,Bank Transfer,FlyeFit,FLYEfit,Denis's membership,Denis
2024-10-01,-299.0,Card,Lidl,Lidl,Food,Impulsive Food
2024-10-02,-902.9999999999999,Card,Tesco,Tesco Superstore,Food,Food
2024-10-03,-23272.0,Card,Amazon,,"Prada L'omme EDT, Jean Paul Gaultier ultra male EDT",Personal
2024-10-04,11294.0,Bank Transfer,Voodoo ,Voodoo Rooms,Wages,Income
2024-10-04,-1080.0,Card,Wok N Roll,Wok'n'Roll Grand Parade,Spice Bag,Impulsive Food
2024-10-05,-1998.9999999999998,Card,TK Maxx,TK Maxx,Black hat,Clothes
2024-10-05,-3725.0,Card,Lidl,Lidl,Food,Food
2024-10-06,-1397.0,Card,Lidl,Lidl,Food,Food
2024-10-07,-386.0,Card,Lidl,Lidl,Food,Impulsive Food
2024-10-07,-5000.0,Card,Pre Pay Power,,Denis electricity apartment,Denis
2024-10-08,-715.0,Card,Lidl,Lidl,Food,Food
2024-10-08,-345.0,Card,Centra,Herlihy's Centra,Coke,Impulsive Food
2024-10-08,-1066.0,Card,Lidl,Lidl,Sweets,Impulsive Food
2024-10-09,-1204.0,Card,Lidl,Lidl,Food,Food
2024-10-10,-275.0,Card,Tesco,Tesco Superstore,Pipeline punch,Impulsive Food
2024-10-10,-313.0,Card,Lidl,Lidl,Food,Impulsive Food
2024-10-11,16539.0,Bank Transfer,Voodoo ,Voodoo Rooms,wages,Income
2024-10-11,-1937.0,Card,Lidl,Lidl,Food,Food
2024-10-12,-565.0,Card,Circle K,Circle K Polefield,"Monster, boost bar",Impulsive Food
2024-10-12,-9682.0,Card,Spar,Aspel's Spar,Petrol,Petrol
2024-10-13,-1582.0,Card,Lidl,Lidl,Food,Food
2024-10-14,-718.0,Card,Lidl,Lidl,Food,Food
2024-10-14,-2500.0,Card,BarberHood,BARBERHOOD,Haircut,Personal
2024-10-15,-1730.9999999999998,Card,Lidl,Lidl,Food,Food
2024-10-15,-559.0,Card,Mr Price,MrPRICE Cork City,4 pack monster,Impulsive Food
2024-10-15,-4503.0,Card,TopStep,,Futures 50k funded evaluation,Trading
2024-10-16,-1244.0,Card,Lidl,Lidl,Food,Food
2024-10-17,-200.0,Card,Euro Giant,"EuroGiant, Oliver Plunkett St., Cork.",Water,Impulsive Food
2024-10-17,-1800.0,Card,Barber,City barbers,Haircut,Personal
2024-10-18,-1511.0,Card,Lidl,Lidl,Food,Food
2024-10-18,18277.0,Bank Transfer,Voodoo ,Voodoo Rooms,Wages,Income
2024-10-18,-179.0,Card,Mr Price,MrPRICE Cork City,M&M sweets,Impulsive Food
2024-10-18,-1505.0,Card,Amazon,,Walkie Talkie Earpiece,Personal Development
2024-10-18,-1080.0,Card,Wok N Roll,Wok'n'Roll Grand Parade,Spice Bag,Impulsive Food
2024-10-19,-90.0,Bank Transfer,,,,BOI Fees
2024-10-19,-762.0,Card,Lidl,Lidl Kanturk,Food,Food Non-Personal
2024-10-21,-340.0,Card,Tesco,Tesco Superstore,Club zero,Impulsive Food
2024-10-21,40000.0,Bank Transfer,Denis,,Money owed,Denis
2024-10-21,-1672.0,Card,Lidl,Lidl,Food,Food
2024-10-21,-5000.0,Card,Pre Pay Power,,Denis electricity apartment,Denis
2024-10-22,-324.0,Card,Mr Price,MrPRICE Cork City,Sweets,Impulsive Food
2024-10-22,-819.0,Card,Lidl,Lidl,Food,Food
2024-10-23,-2276.0,Card,Lidl,Lidl,Food,Food
2024-10-25,23667.0,Bank Transfer,Voodoo,Voodoo Rooms,Wages,Income
2024-10-25,-1383.0,Card,Lidl,Lidl,Food,Food
2024-10-25,-200.0,Card,Euro Giant,"EuroGiant, Oliver Plunkett St., Cork.",Water,Impulsive Food
2024-10-27,-320.0,Card,Centra,Centra,Monster,Impulsive Food
2024-10-27,-315.0,Card,Centra,Centra,Monster,Impulsive Food
2024-10-27,-1080.0,Card,Wok N Roll,Wok'n'Roll Grand Parade,Spice Bag,Impulsive Food
2024-10-28,-1920.0,Card,Lidl,Lidl,Food,Food
2024-10-29,-399.0,Card,Lidl,Lidl,Food,Impulsive Food
2024-10-29,-1533.0,Card,Lidl,Lidl,Food,Food
2024-10-30,-549.0,Card,Lidl,Lidl,Food,Impulsive Food
2024-10-30,-628.0,Card,Lidl,Lidl,Food,Food
2024-10-31,-1726.0000000000002,Card,Lidl,Lidl,Food,Food
2024-11-01,33967.0,Bank Transfer,Voodoo,Voodoo Rooms,Wages,Income
2024-11-01,-777.0,Card,Lidl,Lidl,Food,Food
2024-11-01,-288.0,Card,Lidl,Lidl,Food,Impulsive Food
2024-11-01,-3500.0,Card,FlyeFIt,FLYEfit,Denis Membership,Denis
2024-11-02,-743.0,Card,Lidl,Lidl Kanturk,"Cookie, Tayto, Milk",Impulsive Food
2024-11-03,-9675.0,Card,Maxol,Hannon’s Mace/Maxol,Petrol,Petrol
2024-11-04,-1584.0,Card,Lidl,Lidl,Food,Food
2024-11-04,-179.0,Card,Mr Price,MrPRICE Cork City,M&M,Impulsive Food
2024-11-04,-415.00000000000006,Card,Daybreak,Daybreak,Monster + chewing gum,Impulsive Food
2024-11-05,-825.0,Card,Tesco,Tesco Superstore,Food,Food
2024-11-05,10000.0,Bank Transfer,Mumsie,,Powerhosed Knocktoosh,Mumsie
2024-11-05,-295.0,Card,Daybreak,Daybreak,Monster,Impulsive Food
2024-11-05,-199.0,Card,Mr Price,MrPRICE Cork City,Aero Balls,Impulsive Food
2024-11-05,-2105.0,Card,Lidl,Lidl,Food,Food
2024-11-05,-1000.0,Card,PayPal,,Adding money to paypal account,Personal Development
2024-11-06,-229.0,Card,Mr Price,MrPRICE Cork City,Popcorn,Impulsive Food
2024-11-06,-35000.0,Card,Liam Greensdale,P51 FXN8,"Xbox series X, Elite controller, Headphones",Entertainment
2024-11-06,-996.0000000000001,Card,Lidl,Lidl,Food,Food
2024-11-07,-99.0,Card,Mr Price,MrPRICE Cork City,Sweets,Impulsive Food
2024-11-08,-530.0,Card,Daybreak,Daybreak,2 monsters,Impulsive Food
2024-11-08,-788.0,Card,Chemist Warehouse,Chemist Warehouse Cornmarket,"Mouth wash, nail file",Personal
2024-11-08,-1417.0,Card,Lidl,Lidl,Food,Food
2024-11-08,-1350.0,Card,Wok N Roll,Wok'n'Roll Grand Parade,Spice bag,Impulsive Food
2024-11-08,22682.0,Card,Voodoo,Voodoo Rooms,Wages,Income
2024-11-08,-420.0,Card,Wok N Roll,Wok'n'Roll Grand Parade,Monster,Impulsive Food
2024-11-09,-1638.0,Card,Lidl,Lidl Kanturk,Food,Food Non-Personal
2024-11-09,-285.0,Card,Supervalu,Twohig's SuperValu Kanturk,Pepsi Max,Food Non-Personal
2024-11-10,-1805.0,Card,Lidl,Lidl,Food,Food
2024-11-10,-659.0,Card,Mr Price,MrPRICE Cork City,4 pack monster,Impulsive Food
2024-11-10,-1800.0,Card,Yuan Ming Yuan,Yuan Ming Yuan,Chinese,Impulsive Food
2024-11-11,10000.0,Card,Mumsie,,Helped knockskehy,Mumsie
2024-11-11,-670.0,Card,Tesco,Tesco Superstore,"Popcorn, dilutable",Food
2024-11-11,-4000.0,Card,Cork City Council,,"Parking fine, parking in loading bay",Fine
2024-11-12,-289.0,Card,Lidl,Lidl,Ice-cream,Impulsive Food
2024-11-13,-19000.0,Card,Fitzgerald Insurance,Fitzgerald Insurances,"Premium went up, changing address",Car Maintenance
2024-11-13,-4000.0,Card,Cork City Council,,No Valid Disk parking fine,Fine
2024-11-13,-1000.0,Card,Cork Park By Phone,,"Top up, pay for parking",Parking Fees
2024-11-13,-1921.0,Card,Lidl,Lidl,Food,Food
2024-11-13,-200.0,Card,Internet cafe,Internet Cafe Cork City,printed 4 sheets,Car Maintenance
2024-11-14,-1310.0,Card,Lidl,Lidl,Food,Food
2024-11-14,-6078.0,Card,Maxol,Hannon’s Mace/Maxol,Petrol,Petrol
2024-11-14,-1500.0,Card,Cork Park By Phone,,"Top up, pay for parking",Parking Fees
2024-11-14,-289.0,Card,Lidl,Lidl,Ice-cream,Impulsive Food
2024-11-15,-762.0,Card,Lidl,Lidl,Food,Food
2024-11-15,-1500.0,Card,Denis,,Ordering posters,Denis
2024-11-15,11716.0,Card,Voodoo,Voodoo Rooms,Wages,Income
2024-11-16,-673.0,Card,Lidl,Lidl Kanturk,Food,Food Non-Personal
2024-11-16,-1000.0,Card,Supervalu,Twohig's SuperValu Kanturk,"Pringles, Pepsi Max",Food Non-Personal
2024-11-17,-3547.0,Card,Lidl,Lidl,Food,Food
2024-11-17,-1245.0,Card,Tesco,Tesco Superstore,"Monster, Mi Wadi",Food
2024-11-18,-4660.0,Card,Topstep,,Account Fee,Trading
2024-11-18,-93.0,Bank Transfer,,,,BOI Fees
2024-11-18,-3456.0,Card,Denis,,Ordered Coat from Temu,Denis
2024-11-18,-698.0,Card,Costcu,Costcutter,"Tayto's, Pepsi Max",Impulsive Food
2024-11-19,-681.0,Card,Lidl,Lidl,Food,Food
2024-11-19,-499.0,Card,Mr Price ,MrPRICE Cork City,Pens,Personal Development
2024-11-19,6000.0,Bank Transfer,Sheila,,Money for pat,Null
2024-11-19,-9000.0,Card,ATM,Bank of Ireland ATM,"Rent for Pat, €30 for me, €60 for Sheila",Null
2024-11-19,-725.0,Card,Lidl,Lidl,Food,Food
2024-11-20,-679.0,Card,Lidl,Lidl,Food,Food
2024-11-20,-640.0,Card,Lidl,Lidl,Food,Food
2024-11-21,-1785.0000000000002,Card,Lidl,Lidl,Food,Food
2024-11-22,12653.0,Bank Transfer,Voodoo,Voodoo Rooms,Wages,Income
2024-11-22,-2147.0,Card,Lidl,Lidl,Food,Food
2024-11-23,-440.00000000000006,Card,Irish Rail,,Paying for train ticket,Transport
2024-11-24,-2868.0,Card,Lidl,Lidl,Food,Food
2024-11-24,10000.0,Bank Transfer,Mumsie,,Money,Mumsie
2024-11-25,-423.00000000000006,Card,Mr Price ,MrPRICE Cork City,"Popcorn, monster",Impulsive Food
2024-11-25,-1414.0,Card,Tesco,Tesco Superstore,Sweets,Impulsive Food
2024-11-26,-2549.0,Card,Lidl,Lidl,Food,Food
2024-11-26,-448.00000000000006,Card,Lidl,Lidl,"Paper towel, Neo",Household
2024-11-27,-1800.0,Card,Penneys,Penneys,"Hat,Slippers, Socks",Clothes
2024-11-27,-2000.0,Card,BOI ATM,Bank of Ireland,Money for USB type C to HDMI cable,Personal
2024-11-29,-179.0,Card,Mr Price ,MrPRICE Cork City,Mentos Sweets,Impulsive Food
2024-11-29,21199.0,Bank Transfer,Voodoo,Voodoo Rooms,Wages,Income
2024-11-29,-1000.0,Card,Trading212,,€10 in S&P 500,Investing
2024-11-30,-2348.0,Card,Lidl,Lidl,Food,Food
2024-12-01,-3500.0,Card,Flyefit,FLYEfit,Denis Membership,Denis
2024-12-01,-199.0,Card,Mr Price ,MrPRICE Cork City,Sour Patch Kids,Impulsive Food
2024-12-01,-373.0,Card,Lidl,Lidl,"Icecream, sparkling water",Impulsive Food
2024-12-02,-749.0,Card,Lidl,Lidl,"Milk, Rashers and ice-cream",Food
2024-12-02,-10000.0,Card,Pre Pay Power,,Electricity Denis,Denis
2024-12-02,-3322.0,Card,Fx Replay,,1 month subscription,Trading
2024-12-02,-199.0,Card,Mr Price ,MrPRICE Cork City,Sour Patch Kids,Impulsive Food
2024-12-03,-1680.9999999999998,Card,Lidl,Lidl,Food,Food
2024-12-03,-473.00000000000006,Card,Mr Price,MrPRICE Cork City,"Sour Patch Kids, Mi Wadi",Food
2024-12-03,-66.0,Bank Transfer,,,,BOI Fees
2024-12-03,-229.0,Card,Mr Price,MrPRICE Cork City,Boost Bars,Impulsive Food
2024-12-04,-648.0,Card,Lidl,Lidl,"Ice burgers, jaffa cakes",Impulsive Food
2024-12-04,-1435.0,Card,Supervalu,Twohig's SuperValu Kanturk,"Doritos, 4 Monster, Chiken Roll",Impulsive Food
2024-12-05,10000.0,Bank Transfer,Mumsie,,Best Boy,Mumsie
2024-12-05,-179.0,Card,Lidl,Lidl,bannanas,Food
2024-12-05,-468.0,Card,Lidl,Lidl,"Rashers, Noodles",Sheila
2024-12-06,6483.0,Bank Transfer,Voodoo,Voodoo Rooms,Wages,Income
2024-12-06,-1932.9999999999998,Card,Lidl,Lidl,Food,Food
2024-12-06,-1000.0,Card,Trading212,,€10 S&P 500,Investing
2024-12-06,-150.0,Card,Tesco,Tesco Superstore,WIspa,Impulsive Food
2024-12-07,-2000.0,Card,City Barbers,City barbers,Haircut,Personal
2024-12-07,-1007.0,Card,Mr Price,MrPRICE Cork City,"Sour Patch Kids, 4 monster, aero bar",Impulsive Food
2024-12-07,-4499.0,Card,YoungLA,,Denis T-shirt,Denis
2024-12-08,-270.0,Card,CUH,CUH Occupational Health Department,Parking,Parking Fees
2024-12-08,-1240.0,Card,Circle K,Circle K EXPRESS Mallow,"Sweets, boost bars, mango loco, pepsi max",Impulsive Food
2024-12-09,-478.0,Card,Lidl,Lidl,"Ice-cream, chocolate muffins",Impulsive Food
2024-12-10,-199.0,Card,Mr Price,MrPRICE Cork City,Rolo Sweets,Impulsive Food
2024-12-10,-1565.0,Card,Lidl,Lidl,Food,Food
2024-12-11,-1166.0,Card,Lidl,Lidl,"Muffins, ice-cream, pan de chocolate, peach water",Impulsive Food
2024-12-11,-199.0,Card,Mr Price,MrPRICE Cork City,Aero Sweets,Impulsive Food
2024-12-13,6561.0,Bank Transfer,Voodoo,Voodoo Rooms,Wages,Income
2024-12-14,-2361.0,Card,Lidl,Lidl,Food,Food
2024-12-14,-174.0,Card,Mr Price,MrPRICE Cork City,Flavoured water,Impulsive Food
2024-12-15,-125.0,Card,Mr Price,MrPRICE Cork City,Haribo Sweets,Impulsive Food
2024-12-15,-438.99999999999994,Card,Lidl,Lidl,"Pan de chocolate, Cranberry Juice",Impulsive Food
2024-12-16,-94.0,Bank Transfer,,,,BOI Fees
2024-12-16,-4688.0,Card,TopStep,,Account Fee,Trading
2024-12-16,-438.99999999999994,Card,Lidl,Lidl,"Pain Au Chocolat * 3, Cranberry Juice",Impulsive Food
2024-12-16,-1000.0,Card,Trading212,,€10 S&P 500,Investing
2024-12-16,-2082.0,Card,Lidl,Lidl,Food,Food
2024-12-17,-378.0,Card,Lidl,Lidl,Food,Impulsive Food
2024-12-18,-125.0,Card,Mr Price,MrPRICE Cork City,Skittles,Impulsive Food
2024-12-18,-478.0,Card,Lidl,Lidl,Food,Impulsive Food
2024-12-18,-2885.0,Card,Lidl,Lidl,Food,Food
2024-12-20,14341.0,Bank Transfer,Voodoo,Voodoo Rooms,Wages,Income
2024-12-21,-2064.0,Card,Lidl,Lidl,Food,Food
2024-12-21,-5000.0,Card,Pre Pay power,,Denis electricity,Denis
2024-12-22,-893.0,Card,Lidl,Lidl,Food,Food
2024-12-22,-194.0,Card,Mr Price,MrPRICE Cork City,Sweets,Impulsive Food
2024-12-23,-678.0,Card,Lidl,Lidl,Food,Food
2024-12-23,-229.0,Card,Mr Price,MrPRICE Cork City,Boost Bars,Impulsive Food
2024-12-24,-986.9999999999999,Card,Lidl,Lidl Kanturk,Trifale Sponge,Food Non-Personal
2024-12-24,-20904.0,Card,Tesco,Tesco Superstore,Christmas Food,Food Non-Personal
2024-12-24,-378.0,Card,Lidl,Lidl,Cereal + Cranberry Juice,Impulsive Food
2024-12-24,-1416.0,Card,Wok N Roll,Wok'n'Roll Grand Parade,Spice bag,Impulsive Food
2024-12-24,24406.0,Bank Transfer,Voodoo,Voodoo Rooms,Wages,Income
2024-12-24,-229.0,Card,Mr Price,MrPRICE Cork City,Boost Bars,Impulsive Food
2024-12-27,-1076.0,Card,Lidl,Lidl,Food,Food
2024-12-27,-2000.0,Card,Trading212,,€20 S&P 500,Investing
2024-12-27,-5500.0,Card,NCT,,Payed for NCT,Car Maintenance
2024-12-28,-746.0,Card,Lidl,Lidl,Food,Food
2024-12-28,-199.0,Card,Mr Price,MrPRICE Cork City,Sour Patch Kids,Impulsive Food
2024-12-28,-593.0,Card,Lidl,Lidl,"Cookies, Oreo's, Cranberry Juice",Impulsive Food
2024-12-29,-1050.0,Card,Lidl,Lidl,Food,Food
2024-12-29,-199.0,Card,Mr Price,MrPRICE Cork City,Sour Patch Kids,Impulsive Food
2024-12-30,-199.0,Card,Mr Price,MrPRICE Cork City,Sour Patch Kids,Impulsive Food
2024-12-30,-1099.0,Card,TK Maxx,TK Maxx,Black Belt,Clothes
2024-12-30,-1024.0,Card,Lidl,Lidl,Food,Food
2024-12-31,-229.0,Card,Mr Price,MrPRICE Cork City,Boost Bars,Impulsive Food
2024-12-31,-1334.0,Card,Lidl,Lidl,Food,Food
2024-12-31,-85.0,Card,Lidl,Lidl,Piri Piri,Food
2024-12-31,-659.0,Card,Mr Price,MrPRICE Cork City,4 Pack Monster,Impulsive Food
2024-12-31,-600.0,Bank Transfer,,,Maintaining Account,BOI Fees
2025-01-01,-600.0,Card,Daybreak,Daybreak,"Oreos, Pringles",Impulsive Food
2025-01-01,-3700.0,Card,FlyeFit,FLYEfit,"Denis Membership, Owes 137",Denis
2025-01-01,-250.0,Card,Daybreak,Daybreak,Oreos,Impulsive Food
2025-01-02,-1732.9999999999998,Card,Tesco,Tesco Superstore,Food,Food
2025-01-02,-671.0,Card,Lidl,Lidl,Food,Food
2025-01-03,-580.0,Card,Supervalu,Twohig's SuperValu Kanturk,"Yogurt, Pepsi Max",Food Non-Personal
2025-01-03,-10147.0,Card,Circle K,Circle K Polefield,"Petrol, Sour Patch Kids",Petrol
2025-01-03,24912.0,Bank Transfer,Voodoo,Voodoo Rooms,Wages,Income
2025-01-03,-1506.0,Card,Lidl,Lidl Kanturk,"Eggs, Rashers, Bread, other stuff",Food Non-Personal
2025-01-04,-199.0,Card,Mr Price,MrPRICE Cork City,Sour Patch Kids,Impulsive Food
2025-01-04,-892.0,Card,Tesco,Tesco Superstore,"Dilutable, Flavoured Water, Oranges",Food
2025-01-04,-1599.0,Card,Chemist Warehouse,Chemist Warehouse Cornmarket,Condoms,Personal
2025-01-05,-1000.0,Card,Trading212,,€10 to S&P 500,Trading
2025-01-05,-455.0,Card,Tesco,Tesco Superstore,Food,Impulsive Food
2025-01-05,-1043.0,Card,Tesco,Tesco Superstore,Food,Food
2025-01-06,-1367.0,Card,Tesco,Tesco Superstore,Food,Food
2025-01-06,-149.0,Card,Mr Price,MrPRICE Cork City,Mars Bars,Impulsive Food
2025-01-07,-1623.9999999999998,Card,Aldi,ALDI,Food,Food
2025-01-07,-249.00000000000003,Card,Mr Price,MrPRICE Cork City,Mars Bars,Impulsive Food
2025-01-07,-500.0,Card,Daybreak,Daybreak,"Oreo's, Sour Patch Kids",Impulsive Food
2025-01-07,-799.0,Card,Tesco,Tesco Superstore,Sweets,Impulsive Food
2025-01-08,-319.0,Card,Tesco,Tesco Superstore,Sweets,Impulsive Food
2025-01-09,-1527.0,Card,Tesco,Tesco Superstore,Food,Food
2025-01-09,-8003.0,Card,Temu,,Denis ordered lights for room now owes 217,Denis
2025-01-10,16151.0,Card,Voodoo,Voodoo Rooms,Wages,Income
2025-01-10,-2175.0,Card,Aldi,ALDI,"Chicken, ice-cream",Food
2025-01-10,-835.0,Card,Tesco,Tesco Superstore,"4 pack monster, Mi Wadi",Food
2025-01-10,-1000.0,Card,Trading212,,€10 to S&P 500,Investing
2025-01-11,-349.0,Card,Dunnes,Dunnes Stores,"Dunkers, Square Bars",Impulsive Food
2025-01-11,-2275.0,Card,Lidl,Lidl Kanturk,Food for knockskehy,Food Non-Personal
2025-01-11,-449.0,Card,Supervalu,Twohig's SuperValu Kanturk,Yogurt,Food Non-Personal
2025-01-11,-927.9999999999999,Card,Spar,Aspel's Spar,Sweets,Impulsive Food
2025-01-12,-750.0,Card,Centra,Herlihy's Centra,"Hunky Dorys, Dairy Milk Bar",Impulsive Food
2025-01-12,-470.0,Card,Circle K,Circle K Polefield,Sweets,Impulsive Food
2025-01-12,-2854.0,Card,Lidl,Lidl Kanturk,Food for knockskehy,Food Non-Personal
2025-01-12,-785.0,Card,Supervalu,Twohig's SuperValu Kanturk,"Pepsi Max, Yogurt",Food Non-Personal
2025-01-13,-598.0,Card,Tesco,Tesco Superstore,Square's Bars,Impulsive Food
2025-01-14,-199.0,Card,Mr Price,MrPRICE Cork City,Sour Patch Kids,Impulsive Food
2025-01-14,-299.0,Card,Daybreak,Daybreak,Boost Bars,Impulsive Food
2025-01-15,-299.0,Card,Daybreak,Daybreak,Boost Bars,Impulsive Food
2025-01-15,-1809.0,Card,Tesco,Tesco Superstore,Food,Food
2025-01-16,-4777.0,Card,TopStep,,Account Fee,Trading
2025-01-16,-199.0,Card,Mr Price,MrPRICE Cork City,Sour Patch Kids,Impulsive Food
2025-01-17,-68.0,Card,,,,BOI Fees
2025-01-17,18151.0,Bank Transfer,Voodoo,Voodoo Rooms,Wages,Income
2025-01-17,-3411.0,Card,FxReplay,,Backtesting subscription,Trading
2025-01-17,-1000.0,Card,Trading212,,€10 to S&P 500,Investing
2025-01-17,-299.0,Card,Daybreak,Daybreak,Boost Bars,Impulsive Food
2025-01-17,-1378.0,Card,Tesco,Tesco Superstore,Food,Food
2025-01-18,-610.0,Card,Circle K,Circle K Polefield,"Monster, Sweets",Impulsive Food
2025-01-18,-1720.0,Card,Lidl,Lidl Kanturk,Food,Food Non-Personal
2025-01-18,-900.0,Card,Supervalu,Twohig's SuperValu Kanturk,Food,Food Non-Personal
2025-01-19,-550.0,Card,Supervalu,Twohig's SuperValu Kanturk,Food,Food Non-Personal
2025-01-19,-1376.0,Card,Lidl,Lidl Kanturk,Food,Food Non-Personal
2025-01-20,-96.0,Card,,,,BOI Fees
2025-01-21,-1943.0,Card,Tesco,Tesco Superstore,Food,Food
2025-01-21,-149.0,Card,Mr Price,MrPRICE Cork City,Mars Bars,Impulsive Food
2025-01-22,-839.0,Card,Tesco,Tesco Superstore,Food,Food
2025-01-22,-199.0,Card,Mr Price,MrPRICE Cork City,Sour Patch Kids,Impulsive Food
2025-01-22,-899.0,Card,Cotters Costcu,Costcutter,"Tayto, sweets, boost bars",Impulsive Food
2025-01-22,-776.0,Card,Tesco,Tesco Superstore,Food,Impulsive Food
2025-01-23,-1075.0,Card,Tesco,Tesco Superstore,Food,Food
2025-01-23,-10761.0,Card,Circle K,Inver Racecourse Junction,Petrol,Petrol
2025-01-23,-405.0,Card,Lidl,Lidl Kanturk,Mumsie Stuff,Mumsie
2025-01-23,-249.00000000000003,Card,Supervalu,Twohig's SuperValu Kanturk,Yogurt,Food Non-Personal
2025-01-24,20152.0,Card,Voodoo,Voodoo Rooms,Wages,Income
2025-01-24,-2097.0,Card,Tesco,Tesco Superstore,Food,Food
2025-01-24,-1000.0,Card,Trading212,,€10 to S&P 500,Investing
2025-01-26,-6539.0,Card,YoungLA,,2 t-shirts,Clothes
2025-01-26,-699.0,Card,Cotters Costcu,Costcutter,"Tayto's, Boost Bars",Impulsive Food
2025-01-26,-500.0,Card,Tesco,Tesco Superstore,"Oreo's, Apple Juice, Sweets",Impulsive Food
2025-01-27,-2515.0,Card,Aldi,ALDI,Food,Food
2025-01-27,-1445.0,Card,Tesco,Tesco Superstore,Food,Food
2025-01-28,-89.0,Card,Mr Price,MrPRICE Cork City,choclate bar,Impulsive Food
2025-01-28,-551.0,Card,Tesco,Tesco Superstore,Food,Impulsive Food
2025-01-29,-10000.0,Card,Pre Pay Power,,"Denis elctricity, owes 217 now",Denis
2025-01-29,-700.0,Card,Tesco,Tesco Superstore,Food,Impulsive Food
2025-01-29,-917.0,Card,Tesco,Tesco Superstore,Food,Food
2025-01-30,-125.0,Card,Mr Price,MrPRICE Cork City,Tangtastics,Impulsive Food
2025-01-30,-200.0,Card,Tesco,Tesco Superstore,Sqaure Bars,Impulsive Food
2025-01-30,-36.0,Bank Transfer,,,Govt Duty,BOI Fees
2025-01-31,-600.0,Bank Transfer,,,Maintaining Account,BOI Fees
2025-01-31,12888.0,Bank Transfer,Voodoo,Voodoo Rooms,Wages,Income
2025-01-31,-1775.0,Card,Tesco,Tesco Superstore,Food,Food
2025-01-31,-1080.0,Card,Wok N Roll,Wok'n'Roll Grand Parade,Spice Bag,Impulsive Food
2025-01-31,-1000.0,Card,Trading212,,€10 to S&P 500,Investing
2025-02-01,-3700.0,Card,Flyefit,FLYEfit,"Denis membership, owes 254",Denis
2025-02-01,-1003.9999999999999,Card,Lidl,Lidl Kanturk,Food,Food Non-Personal
2025-02-02,-229.0,Card,Mr Price,MrPRICE Cork City,Boost Bars,Impulsive Food
2025-02-02,-1129.0,Card,Tesco,Tesco Superstore,Food,Food
2025-02-03,-894.9999999999999,Card,Tesco,Tesco Superstore,Food,Food
2025-02-03,-720.0,Card,Tesco,Tesco Superstore,Food,Impulsive Food
2025-02-04,-852.0,Card,Tesco,Tesco Superstore,Food,Impulsive Food
2025-02-04,-245.00000000000003,Card,Tesco,Tesco Superstore,Popcorn,Impulsive Food
2025-02-05,-1732.9999999999998,Card,Aldi,ALDI,Food,Food
2025-02-06,-1563.0,Card,Aldi,ALDI,Food,Food
2025-02-06,-409.99999999999994,Card,Tesco,Tesco Superstore,4 pack Club Orange,Impulsive Food
2025-02-07,-265.0,Card,Daybreak,Daybreak,Suger Free Red Bull,Impulsive Food
2025-02-07,-1000.0,Card,Trading212,,€10 to S&P 500,Investing
2025-02-07,28770.999999999996,Bank Transfer,Voodoo,Voodoo Rooms,Wages,Income
2025-02-07,-274.0,Card,Mr Price,MrPRICE Cork City,Mi Wadi,Food
2025-02-07,-1360.0,Card,Aldi,ALDI,Food,Food
2025-02-08,-590.0,Card,Circle K,Circle K Polefield,"Sweets, Tayto's",Impulsive Food
2025-02-08,-994.0,Card,Lidl,Lidl Kanturk,"Stuff for knockskehy, rejected payment.",Null
2025-02-08,994.0,Card,Lidl,Lidl Kanturk,Money back for rejected payment.,Null
2025-02-10,-2000.0,Card,City Barbers,City barbers,Haircut,Personal
2025-02-10,-1533.0,Card,Tesco,Tesco Superstore,Food,Food
2025-02-10,-800.0,Card,Centra,Centra,"Popsorn, Dairy Milk Bar",Impulsive Food
2025-02-11,-1458.0,Card,Tesco,Tesco Superstore,Food,Food
2025-02-11,-350.0,Card,Tesco,Tesco Superstore,Chewing gum,Impulsive Food
2025-02-12,-650.0,Card,Centra,Centra,Ice-cream for sis,Sheila
2025-02-12,-559.0,Card,Mr Price,MrPRICE Cork City,4 Pack Monster,Impulsive Food
2025-02-12,-1524.0,Card,Aldi,ALDI,Food,Food
2025-02-12,-17600.0,Card,ThePerfumeShop,https://www.theperfumeshop.com/ie/my-account/order/10073333429,2 Prada L'Homme,Personal
2025-02-13,-229.0,Card,Mr Price,MrPRICE Cork City,Boost Bars,Impulsive Food
2025-02-13,-831.0,Card,Aldi,ALDI,Food,Food
2025-02-13,-569.0,Card,Chemist Warhouse,Chemist Warehouse Cornmarket,Mouthwash,Personal
2025-02-14,-1079.0,Card,Tesco,Tesco Superstore,,Food
2025-02-14,13247.0,Card,Voodoo,Voodoo Rooms,Wages,Income
2025-02-15,-10625.0,Card,Maxol,Hannon’s Mace/Maxol,"Petrol, Sweets, ice-cream",Petrol
2025-02-15,-755.0,Card,Circle K,Circle K Polefield,"Sweets, Monster",Impulsive Food
2025-02-15,-3804.9999999999995,Card,Lidl,Lidl Kanturk,Food,Food Non-Personal
2025-02-16,-799.0,Card,Daybreak,Daybreak,"Club Lemon, Extra Refreshers",Impulsive Food
2025-02-16,-1000.0,Card,Trading212,,€10 to S&P 500,Investing
2025-02-16,-1583.0,Card,Tesco,Tesco Superstore,Food,Food
2025-02-17,-3351.0,Card,FxReplay,,Backtesting subscription,Trading
2025-02-17,-239.0,Card,Chemist Warhouse,Chemist Warehouse Cornmarket,Nail clippers,Personal
2025-02-17,-1960.0000000000002,Card,Dinos,Dinos,Food,Impulsive Food
2025-02-17,-10000.0,Card,Pre Pay Power,,"Denis electricity, now owes €354",Denis
2025-02-17,35400.0,Bank Transfer,Denis,,"Paid money owed, now owes €0",Denis
2025-02-17,-3357.0,Card,Amazon,,"Shirt stays, shoe polish",Clothes
2025-02-17,-4691.0,Card,Topstep,,Combine subscription,Trading
2025-02-17,-67.0,Bank Transfer,,,,BOI Fees
2025-02-18,-94.0,Bank Transfer,,,,BOI Fees
2025-02-18,-229.0,Card,Mr Price,MrPRICE Cork City,Boost Bars,Impulsive Food
2025-02-18,-1461.0,Card,Tesco,Tesco Superstore,Food,Food
2025-02-18,-229.0,Card,Mr Price,MrPRICE Cork City,Boost Bars,Impulsive Food
2025-02-19,-827.0,Card,Mr Price,MrPRICE Cork City,Sweets and stuff,Impulsive Food
2025-02-19,-1123.0,Card,Tesco,Tesco Superstore,Food,Food
2025-02-20,-1348.0,Card,Tesco,Tesco Superstore,Food,Food
2025-02-21,-1688.0,Card,Tesco,Tesco Superstore,Food,Food
2025-02-21,-420.0,Card,Circle K,Circle K Polefield,Sweets,Impulsive Food
2025-02-21,-295.0,Card,Daybreak,Daybreak,Pipeline Punch,Impulsive Food
2025-02-21,34917.0,Bank Transfer,Voodoo,Voodoo Rooms,Wages,Income
2025-02-21,-1000.0,Card,Trading212,,€10 to S&P 500,Investing
2025-02-21,-499.0,Card,Chemist Warehouse,Chemist Warehouse Cornmarket,Floss,Personal
2025-02-22,-1599.0,Card,Lidl,Lidl Kanturk,Food for knockskehy,Food Non-Personal
2025-02-22,-1215.0,Card,Wok N Roll,Wok'n'Roll Grand Parade,Spice Bag,Impulsive Food
2025-02-23,-2397.0,Card,Chemist Warehouse,Chemist Warehouse Cornmarket,"Body wash, shampoo, ",Personal
2025-02-23,-2237.0,Card,Tesco,Tesco Superstore,Food,Food
2025-02-24,-149.0,Card,Mr Price,MrPRICE Cork City,Container of sweets,Impulsive Food
2025-02-24,-1732.9999999999998,Card,Tesco,Tesco Superstore,Food,Food
2025-02-25,-699.0,Card,Chemist Warehouse,Chemist Warehouse Cornmarket,Face Wash,Personal
2025-02-25,-1060.0,Card,Tesco,Tesco Superstore,Food,Food
2025-02-25,-199.0,Card,Mr Price,MrPRICE Cork City,Sour Patch Kids,Impulsive Food
2025-02-25,-650.0,Card,Tesco,Tesco Superstore,Food,Food
2025-02-26,-199.0,Card,Mr Price,MrPRICE Cork City,Sour Patch Kids,Impulsive Food
2025-02-26,-400.0,Card,Tesco,Tesco Superstore,4 * Pain du choclate,Impulsive Food
2025-02-26,-1968.0,Card,Tesco,Tesco Superstore,Food,Food
2025-02-27,-1064.0,Card,Tesco,Tesco Superstore,Food,Food
2025-02-27,-325.0,Card,Tesco,Tesco Superstore,Mi Wadi,Food
2025-02-27,-199.0,Card,Mr Price,MrPRICE Cork City,Sour Patch Kids,Impulsive Food
2025-02-27,-977.0,Card,Tesco,Tesco Superstore,Food,Food
2025-02-28,-888.0000000000001,Card,Aldi,ALDI,Food,Food
2025-02-28,-1000.0,Card,Trading212,,€10 to S&P 500,Investing
2025-02-28,-600.0,Bank Transfer,,,Maintaining Account,BOI Fees
2025-02-28,21215.0,Bank Transfer,Voodoo,Voodoo Rooms,Wages,Income
2025-02-28,-125.0,Card,Mr Price,MrPRICE Cork City,Sweets,Impulsive Food
2025-02-28,-944.9999999999999,Card,Tesco,Tesco Superstore,Food,Food
2025-03-01,-600.0,Card,Lidl,Lidl Kanturk,Food,Impulsive Food
2025-03-01,-1650.0,Card,Lidl,Lidl Kanturk,Food,Food
2025-03-02,-635.0,Card,Centra,,"Sweets, Monster",Impulsive Food
2025-03-02,-1147.0,Card,Wok N Roll,,Spice Bag,Impulsive Food
2025-03-02,-1539.0,Card,Tesco,Tesco Superstore,Food,Food
2025-03-03,-1273.0,Card,Tesco,Tesco Superstore,Food,Food
2025-03-04,-1494.0,Card,Tesco,Tesco Superstore,Food,Food
2025-03-04,-940.0,Card,Tesco,Tesco Superstore,Sweets,Impulsive Food
2025-03-04,-199.0,Card,Mr Price,MrPRICE Cork City,Sweets,Impulsive Food
2025-03-04,-4500.0,Card,Denis,,"Renew Learner Permit, owes 0 + 45 = 45",Denis
2025-03-04,-7500.0,Card,Denis,,"Renew Passport, 45 + 75 = 120",Denis
2025-03-05,-1017.0,Card,Lidl,Lidl Kanturk,Food,Impulsive Food
2025-03-05,-828.9999999999999,Card,Tesco,Tesco Superstore,Food,Food
2025-03-05,-5000.0,Card,O' Sullivans Tyres,O'Sullivan Tyres,Tracked tyres,Car Maintenance
2025-03-06,-2843.0,Card,Lidl,Lidl,Food,Food
2025-03-07,-1000.0,Card,Trading212,,€10 to S&P 500,Investing
2025-03-07,6717.0,Bank Transfer,Voodoo,,Wages,Income
2025-03-07,65000.0,Bank Transfer,Bernese pup,,Deposit,Mumsie
2025-03-08,-10851.0,Card,Circle K,Inver Racecourse Junction,"Petrol, sweets",Petrol
2025-03-08,-600.0,Card,Lidl,Lidl Kanturk,6 * Pan de choclate,Impulsive Food
2025-03-08,-5701.0,Card,Lidl,Lidl Kanturk,Groceries for week,Food
2025-03-09,-659.0,Card,Mr Price,MrPRICE Cork City,4 pack monster,Impulsive Food
2025-03-09,-4000.0,Card,Cork City Council,,Parking Fine,Fine
2025-03-14,-1084.0,Card,Tesco,Tesco Superstore,Food,Food
2025-03-14,-125.0,Card,Mr Price,MrPRICE Cork City,Sweets,Impulsive Food
2025-03-14,-2700.0,Card,TradingView,,Monthly Subscription,Trading
2025-03-14,-2000.0,Card,Trading212,,€20 to S&P 500,Investing
2025-03-14,13122.0,Bank Transfer,Voodoo,Voodoo Rooms,Wages,Income
2025-03-15,-1219.0,Card,Tesco,Tesco Superstore,Food,Food
2025-03-16,-955.0000000000001,Card,Lidl,Lidl Kanturk,Milk + croissants,Impulsive Food
2025-03-16,-6208.0,Card,Lidl,Lidl Kanturk,Food for week,Food
2025-03-17,-1055.0,Card,Circle K,Circle K Polefield,Sweets + monster,Impulsive Food
2025-03-17,-650.0,Card,Mace,Mace,Sweets,Impulsive Food
2025-03-18,-50000.0,Card,Trading212,,€500 to S&P 500,Investing
2025-03-21,35291.0,Bank Transfer,Voodoo,Voodoo Rooms,Wages,Income
2025-03-21,-14500.0,Card,Mick Murphy,Mick Murphy Menswear,2 shirts,Clothes
2025-03-21,-409.0,Card,Lidl,Lidl,Pan Du Choclate,Impulsive Food
2025-03-21,-2000.0,Card,Trading212,,€20 to S&P 500,Investing
2025-03-22,-1214.0,Card,Superalu,Twohig's SuperValu Kanturk,"Soup, choclate bar, jelly babies",Food Non-Personal
2025-03-22,-8201.0,Card,Lidl,Lidl Kanturk,Food for week,Food
2025-03-22,-4342.0,Card,Lidl,Lidl Kanturk,Food for home,Food Non-Personal
2025-03-23,-1123.0,Card,Lidl,Lidl,"Mi Wadi, 6 Pan Du Choclate",Impulsive Food
2025-03-24,-499.0,Card,Lidl,Lidl,"3 * pan du choclate, aero bar",Impulsive Food
2025-03-25,-878.9999999999999,Card,Cotters Costcu,Costcutter,"Sweets, aero bar, oreo biscuits",Impulsive Food
2025-03-25,-340.0,Card,Eurogiant,EuroGiant,"Sewing needles, pepsi max",Personal
2025-03-25,-125.0,Card,Mr Price,MrPRICE Cork City,Sweets,Impulsive Food
2025-03-25,-647.0,Card,Lidl,Lidl,"2 * Mi Wadi, Aero bar",Impulsive Food
2025-03-26,-544.0,Card,Lidl,Lidl,"4 * Cookie's, ice-cream",Impulsive Food
2025-03-26,-125.0,Card,Mr Price,MrPRICE Cork City,Sweets,Impulsive Food
2025-03-27,-899.0,Card,Cotters Costcu,Costcutter,"Sweets, Hunky Dory's, Boost Bars",Impulsive Food
2025-03-27,-1200.0,Card,Cork Button Co,Cork Button Company,Tailored Waistcoat,Clothes
2025-03-27,-328.0,Card,Centra,Clifford's Centra,"Sweets, Oreo's",Impulsive Food
2025-03-27,-7198.0,Card,Amazon,,Bought hyperX cloud III headphones,Personal
2025-03-28,23304.0,Card,Voodoo,Voodoo Rooms,Wages,Income
2025-03-28,-2000.0,Card,Trading212,,€20 to S&P 500,Investing
2025-03-28,-901.0,Card,Lidl,Lidl,"Cookies, ice-cream, peri peri, black bean sauce",Food
2025-03-29,-4638.0,Card,Lidl,Lidl Kanturk,Food for home,Food Non-Personal
2025-03-29,-900.0,Card,The Veterinary Centre,The Veterinary Centre,"Sheila, 9 tablets",Sheila
2025-03-29,900.0,Bank Transfer,Sheila,,Money for tablets,Sheila
2025-03-30,-1080.0,Card,Wok N Roll,Wok'n'Roll Grand Parade,Spice Bag,Impulsive Food
2025-03-30,-99.0,Card,Mr Price,MrPRICE Cork City,Sweets,Impulsive Food
2025-03-30,-475.0,Card,Circle K,Circle K EXPRESS Mallow,"Monster, sweets",Impulsive Food
2025-03-31,-896.0000000000001,Card,Lidl,Lidl,"Turkey mince, mushrooms, peppers",Food
2025-03-31,-1600.0,Card,Pennys,Penneys,4 * socks,Clothes
2025-03-31,-600.0,Bank Transfer,BOI,,Maintaining Account,BOI Fees
2025-04-01,-532.0,Card,Lidl,Lidl,"Mushroom, peppers, brocolli",Food
2025-04-01,-722.0,Card,Mr Price,MrPRICE Cork City,"Flavoured water, 2 * Mi Wadi",Food
2025-04-02,-349.0,Card,Lidl,Lidl,"2 * Roles, chicken",Impulsive Food
2025-04-02,-894.9999999999999,Card,Lidl,Lidl,"Jaffa Cakes, Veg",Food
2025-04-03,-2000.0,Card,City Barbers,City barbers,Haircut,Personal
2025-04-03,-6998.999999999999,Card,Chemist Warehouse,Chemist Warehouse Cornmarket,Versace Eros,Personal
2025-04-03,-1011.0,Card,Lidl,Lidl,"Tukey Mince, Veg, Brownie ice-cream",Food
2025-04-04,-867.0,Card,Lidl,Lidl,Food,Food
2025-04-04,-2000.0,Card,Trading 212,,€20 to S&P 500,Investing
2025-04-04,-649.0,Card,Cotters Costcu,Costcutter,"Hunky Dory's, Boost Bars",Impulsive Food
2025-04-04,12623.0,Bank Transfer,Voodoo,Voodoo Rooms,Wages,Income
2025-04-05,-2305.0,Card,Lidl,Lidl Kanturk,Food for home,Food Non-Personal
2025-04-06,-1080.0,Card,Wok N Roll,Wok'n'Roll Grand Parade,Spice Bag,Impulsive Food
2025-04-06,-322.0,Card,Lidl,Lidl,"2 * Roles, Sliced deli chicken",Food
2025-04-07,-278.0,Card,Lidl,Lidl,"2 * roles, deli sliced chicken",Food
2025-04-07,-777.0,Card,Lidl,Lidl,"2 * roles, deli sliced chicken, ketchup",Food
2025-04-07,-1750.0,Card,Eskimo,Eskimo Pizza (North),14 inch pizza,Impulsive Food
2025-04-07,-50000.0,Card,Trading212,,€500 to S&P 500,Investing
2025-04-08,-322.0,Card,Lidl,Lidl,"2 * roles, deli sliced chicken, burbons",Food
2025-04-08,-278.0,Card,Lidl,Lidl,"2 * roles, deli sliced chicken",Food
2025-04-08,-324.0,Card,Lidl,Lidl,"Tayto's, tangtastics",Impulsive Food
2025-04-09,-299.0,Card,Lidl,Lidl,Turkey mince,Food
2025-04-09,-373.0,Card,Lidl,Lidl,"Turkey mince, Kong strong energy drink",Food
2025-04-09,-330.0,Card,Cotters Costcu,Costcutter,Monster,Impulsive Food
2025-04-10,-834.0,Card,Lidl,Lidl,"Rolls, deli chicken, cookies",Impulsive Food
2025-04-10,-299.0,Card,Lidl,Lidl,Turkey Mince,Food
2025-04-10,-598.0,Card,Lidl,Lidl,"Tukey Mince, ice-cream",Food
2025-04-11,-730.0,Card,Lidl,Lidl,"Roles, cookies",Impulsive Food
2025-04-11,-413.99999999999994,Card,Lidl,Lidl,"Chicken thighs, 2*Roles",Food
2025-04-11,-659.0,Card,Mr Price,MrPRICE Cork City,4 pack monster,Impulsive Food
2025-04-11,-2000.0,Card,Trading212,,€20 to S&P 500,Investing
2025-04-11,11982.0,Card,Voodoo,Voodoo Rooms,Wages,Income
2025-04-12,-1763.0,Card,Lidl,Lidl Kanturk,Food for home,Food Non-Personal
2025-04-13,-2000.0,Card,Phonetastic,Phonetastic Ltd,32GB USB Stick,Entertainment
2025-04-13,-759.0,Card,Lidl,Lidl,Turkey Breast,Food
2025-04-13,-469.00000000000006,Card,Lidl,Lidl,"Cookies, Cloudy Apple Juice",Impulsive Food
2025-04-14,-559.0,Card,Lidl,Lidl,"Chicken thighs, 2*Roles, Tangfastics",Food
2025-04-14,-274.0,Card,Mr Price,MrPRICE Cork City,Mi Wadi Blackcurrent,Food
2025-04-14,-861.0,Card,TradingView,,Data Plan,Trading
2025-04-14,-1839.0,Card,TradingView,,Subscription Plan,Trading
2025-04-14,-399.0,Card,Cotters Costcu,Costcutter,Hunky Dory's,Impulsive Food
2025-04-15,-713.0,Card,Lidl,Lidl,"Chicken thighs, 2 * Roles, ice-cream",Food
2025-04-15,-650.0,Card,Lidl,Lidl,"Chicken thighs, 2 * Roles",Food
2025-04-16,-484.99999999999994,Card,Lidl,Lidl,Unsure,Impulsive Food
2025-04-16,-1499.0,Card,Steam,,Bought Red Dead Redemtion 2,Entertainment
2025-04-16,-499.0,Card,Lidl,Lidl,"Chicken thighs, 2 * Roles",Food
2025-04-16,-544.0,Card,Lidl,Lidl,"Cookies, Ice-cream",Impulsive Food
2025-04-17,-2000.0,Card,Trading212,,€20 to S&P 500,Investing
2025-04-17,-638.0,Card,Lidl,Lidl,Food,Food
2025-04-17,-245.00000000000003,Card,Lidl,Lidl,Unsure,Impulsive Food
2025-04-17,-199.0,Card,Mr Price,MrPRICE Cork City,Sour Patch Kids,Impulsive Food
2025-04-18,-2100.0,Card,Dunnes Stores,Dunnes Stores,Socks for mumsie,Mumsie
2025-04-18,-649.0,Card,Dunnes Stores,Dunnes Stores,"Boost bars, breakfast bars",Impulsive Food
2025-04-18,-425.0,Card,Johns Bridge,Emo Johnsbridge Service Station,Pepsi Max,Food Non-Personal
2025-04-18,-8675.0,Card,Aspels Spar,Aspel's Spar,Petrol,Petrol
2025-04-18,6295.0,Bank Transfer,Voodoo,Voodoo Rooms,Wages,Income
2025-04-19,-1750.0,Card,Eskimo,Eskimo Pizza (North),Pizza,Impulsive Food
2025-04-19,-5000.0,Card,Dogs.ie,,Cockapoo add,Mumsie
2025-04-20,-630.0,Card,Circle K,Circle K Polefield,"Maltesers, Club Orange",Impulsive Food
2025-04-21,-250.0,Card,Daybreak,Daybreak,Sour Patch Kids,Impulsive Food
2025-04-21,-659.0,Card,Lidl,Lidl,Food,Food
2025-04-21,-375.0,Card,Daybreak,Daybreak,Mi Wadi,Food
2025-04-21,-709.0,Card,Lidl,Lidl,Food,Food
2025-04-22,-1982.0,Card,Lidl,Lidl Kanturk,Food for home,Food Non-Personal
2025-04-23,-749.0,Card,Lidl,Lidl,"Roles, chicken thighs",Food
2025-04-23,-295.0,Card,Daybreak,Daybreak,Monster,Impulsive Food
2025-04-23,-744.0,Card,Lidl,Lidl,"Roles, chicken thighs, doritos",Food
2025-04-24,-883.0,Card,Lidl,Lidl,"Roles, chicken thighs, cookies",Food
2025-04-24,-194.0,Card,Mr Price,MrPRICE Cork City,Mango Loco Monster,Impulsive Food
2025-04-24,-827.9999999999999,Card,Lidl,Lidl,"Slice Pan, chicken thighs",Food
2025-04-25,-2000.0,Card,Trading212,,€20 to S&P 500,Investing
2025-04-25,-423.00000000000006,Card,Mr Price,MrPRICE Cork City,"Monster, Boost Bars",Impulsive Food
2025-04-25,-674.0,Card,Lidl,Lidl,"18 eggs, ice-cream",Food
2025-04-25,53729.99999999999,Bank Transfer,Voodoo,Voodoo Rooms,Wages,Income
2025-04-26,-1614.9999999999998,Card,Lidl,Lidl,Food for home,Food Non-Personal
2025-04-26,-650.0,Card,Supervalu,Twohig's SuperValu Kanturk,"Pepsi Max, sweets",Food Non-Personal
2025-04-26,-345.0,Card,Supervalu,O'Keeffe's SuperValu Newmarket,"Monster, Fini Worms",Impulsive Food
2025-04-27,-1770.0,Card,Wok N Roll,Wok'n'Roll Grand Parade,"Spice Bag, Monster",Impulsive Food
2025-04-27,-824.0,Card,Lidl,Lidl,"2*Roles, Thighs, Cookies",Food
2025-04-27,-254.99999999999997,Card,Daybreak,Daybreak,Club Rock Shandy,Impulsive Food
2025-04-27,-1479.0,Card,Freestyle Asia,Freestyle Asian Food,Duck and black bean sauce,Impulsive Food
2025-04-28,-274.0,Card,Tesco,Tesco Superstore,Smoothie,Impulsive Food
2025-04-28,-698.0,Card,Cotters Costcu,Costcutter,"Coke, Maltesers",Impulsive Food
2025-04-28,-1028.0,Card,Lidl,Lidl,"Eggs, rashers, mi wadi",Food
2025-04-28,-149.0,Card,Mr Price,MrPRICE Cork City,Wine Gums,Impulsive Food
2025-04-29,-250.0,Card,Fast Als,Fast Al's,Coke,Impulsive Food
2025-04-29,-164.0,Card,Mr Price,MrPRICE Cork City,Sweets,Impulsive Food
2025-04-29,-674.0,Card,Lidl,Lidl,Food,Food
2025-04-29,-245.00000000000003,Card,Lidl,Lidl,Food,Impulsive Food
2025-04-30,-600.0,Bank Transfer,BOI,,Maintaining Account,BOI Fees
2025-04-30,-87.0,Bank Transfer,BOI,,,BOI Fees
2025-04-30,-4331.0,Card,TopStep,,Topstep Combine,Trading
2025-04-30,-1411.0,Card,Lidl,Lidl,Food,Food
2025-04-30,-149.0,Card,Lidl,Lidl,Cranberry Juice,Impulsive Food
2025-04-30,-229.0,Card,Mr Price,MrPRICE Cork City,Boost Bars,Impulsive Food
2025-04-30,-300.0,Card,Lidl,Lidl,3 crosaunt,Impulsive Food
2025-05-01,-1272.0,Card,Lidl,Lidl,"Rashers, eggs, ice-cream, mushrooms",Food
2025-05-01,-149.0,Card,Mr Price,MrPRICE Cork City,Wine Gums,Impulsive Food
2025-05-02,-3236.0,Card,Lidl,Lidl Kanturk,Food for home,Food Non-Personal
2025-05-02,-650.0,Card,Supervalu,Twohig's SuperValu Kanturk,"Pepsi max, sweets",Food Non-Personal
2025-05-02,-770.0,Card,Circle K,Circle K Polefield,"Monster, sweets",Impulsive Food
2025-05-02,12451.0,Bank Transfer,Voodoo,Voodoo Rooms,Wages,Income
2025-05-03,-1200.0,Card,Dogs.ie,,Bump up add,Mumsie
2025-05-04,-972.0000000000001,Card,Lidl,Lidl,"Eggs, cranberry juice, mushrooms, ice-cream",Food
2025-05-04,-1200.0,Card,Dogs.ie,,Bump up add,Mumsie
2025-05-05,-1080.0,Card,Wok N Roll,Wok'n'Roll Grand Parade,Spice Bag,Impulsive Food
2025-05-05,-1023.0,Card,Lidl,Lidl,"Thighs, Cookies, Cranberry juice",Food
2025-05-05,-2000.0,Card,Trading212,,€20 into brokerage account,Investing
2025-05-05,-805.0000000000001,Card,Cotters Costcu,Costcutter,"Monster, fini worms, boost bars",Impulsive Food
2025-05-06,-830.0000000000001,Card,Circle K,Circle K Polefield,"Flavoured water, sweets",Impulsive Food
2025-05-06,-956.0,Card,Lidl,Lidl Kanturk,4 * slice pans,Food Non-Personal
2025-05-06,-1376.0,Card,Supervalu,O'Keeffe's SuperValu Newmarket,"Cleaning stuff, tayto's",Food Non-Personal
2025-05-07,-868.0,Card,Lidl,Lidl,Food,Food
2025-05-07,-373.0,Card,Lidl,Lidl,"Cranberry Juice, Mi Wadi",Food
2025-05-07,-10000.0,Card,Circle K,Circle K EXPRESS Mallow,petrol,Petrol
2025-05-07,-215.0,Card,Eurogiant,EuroGiant,white monster,Food
2025-05-08,-215.0,Card,Eurogiant,EuroGiant,white monster,Food
2025-05-08,-783.0,Card,Lidl,Lidl,"Chicken thighs, mushrooms",Food
2025-05-09,-729.0,Card,Lidl,Lidl,"Chicken thighs, mushrooms, cookies",Food
2025-05-09,-2000.0,Card,Trading212,,€20 into brokerage account,Investing
2025-05-09,-783.0,Card,Lidl,Lidl,"Chicken thighs, mushrooms, ice-cream",Impulsive Food
2025-05-09,28410.000000000004,Bank Transfer,Voodoo,Voodoo Rooms,Wages,Income
2025-05-10,-3240.0,Card,Lidl,Lidl Kanturk,Food for home,Food Non-Personal
2025-05-10,-2765.0,Card,Lidl,Lidl Kanturk,Food for home,Food Non-Personal
2025-05-10,-1494.0,Card,Aldi,ALDI,Cat litter,Sheila
2025-05-10,-300.0,Card,Hannons,Hannon’s Mace/Maxol,Monster,Impulsive Food
2025-05-11,-729.0,Card,Lidl,Lidl,"Cookies, mushrooms, chicken thighs",Food
2025-05-11,-229.99999999999997,Card,Toll,M8 Toll,Toll to get monitor arm,Entertainment
2025-05-11,-1080.0,Card,Wok N Roll,Wok'n'Roll Grand Parade,Spice Bag,Impulsive Food
2025-05-11,-469.00000000000006,Card,Lidl,Lidl,food,Food
2025-05-11,-229.99999999999997,Card,Toll,M8 Toll,Toll to get monitor arm,Entertainment
2025-05-12,-3325.0,Card,Dinos,Dinos,"Breast in bun, chicken strips",Impulsive Food
2025-05-12,-2127.0,Card,Chemist Warehouse,Chemist Warehouse Cornmarket,"Toothpaste, Mouthwash, body wash",Personal
2025-05-12,-1057.0,Card,Lidl,Lidl,Food + kitchen stuff,Food
2025-05-13,-544.0,Card,Lidl,Lidl,"Cookies, ice-cream",Impulsive Food
2025-05-13,-729.0,Card,Lidl,Lidl,"Cookies, mushrooms, chicken thighs",Food
2025-05-14,-250.0,Card,Daybreak,Daybreak,Tangtastics,Impulsive Food
2025-05-14,-1839.0,Card,TradingView,,Subscription,Trading
2025-05-14,-245.00000000000003,Card,Lidl,Lidl,Cookies,Impulsive Food
2025-05-14,-559.0,Card,Mr Price,MrPRICE Cork City,4 pack monster,Food
2025-05-14,-1117.0,Card,Lidl,Lidl,"Chicken Breasts, mushrooms, 12 eggs",Food
2025-05-14,-861.0,Card,TradingView,,Data plan,Trading
2025-05-15,-219.0,Card,Lidl,Lidl,Cookies,Impulsive Food
2025-05-15,-963.0000000000001,Card,Lidl,Lidl,"Thighs, Cookies, mushrooms, rice, peri peri",Food
2025-05-16,12185.0,Bank Transfer,Voodoo,Voodoo Rooms,Wages,Income
2025-05-16,-9999.0,Card,DID Electricol,DID Electrical Turners Cross,Smoothy maker,Mumsie
2025-05-16,-3889.0,Card,Lidl,Lidl Kanturk,Food for home,Food Non-Personal
2025-05-17,-729.0,Card,Lidl,Lidl,Food,Food
2025-05-18,-902.0,Card,Lidl,Lidl,"Chicken thighs, mushrooms, solero's, cranberry juice",Food
2025-05-18,-848.0,Card,Lidl,Lidl,"Chicken thighs, mushrooms, cookies, crnaberry juice",Food
2025-05-18,-1995.0,Card,LiveCareer,,CV builder,Personal Development
2025-05-19,-199.0,Card,Mr Price,MrPRICE Cork City,Sweets,Impulsive Food
2025-05-19,-977.0,Card,Lidl,Lidl,Food,Food
2025-05-19,-245.00000000000003,Card,Lidl,Lidl,Cookies,Impulsive Food
2025-05-19,-2000.0,Card,City Barbers,City barbers,Haircut,Personal
2025-05-20,-699.0,Card,Lidl,Lidl,Food,Food
2025-05-20,-295.0,Card,Daybreak,Daybreak,Monster,Impulsive Food
2025-05-21,-1479.0,Card,Tesco,Tesco Superstore,Food,Food
2025-05-21,-918.0,Card,Lidl,Lidl,Food,Food
2025-05-22,-1287.0,Card,Lidl,Lidl,"Beef, eggs, cranberry juice",Food
2025-05-23,-1023.0,Card,Lidl,Lidl,"Chicken thighs, cookies, cranberry juice",Food
2025-05-23,17918.0,Bank Transfer,Voodoo,Voodoo Rooms,Wages,Income
2025-05-23,-4000.0,Card,Trading212,,Deposited €40,Investing
2025-05-23,-295.0,Card,Daybreak,Daybreak,Monster,Impulsive Food
2025-05-24,-4180.0,Card,Lidl,Lidl Kanturk,Food for home,Food Non-Personal
2025-05-24,-1308.0,Card,Wok N Roll,Wok'n'Roll Grand Parade,Spice Bag,Impulsive Food
2025-05-25,-1428.0,Card,Lidl,Lidl,Food,Food
2025-05-25,-1452.0,Card,Wok N Roll,Wok'n'Roll Grand Parade,Spice Bag,Impulsive Food
2025-05-26,-770.0,Card,Circle K,Circle K Polefield,"Sweets, monster",Impulsive Food
2025-05-26,-10172.0,Card,Circle K,Circle K EXPRESS Mallow,Petrol,Petrol
2025-05-27,-393.0,Card,Mr Price,MrPRICE Cork City,"Seets, monster",Impulsive Food
2025-05-27,-1193.0,Card,Lidl,Lidl,Food,Food
2025-05-28,-1098.0,Card,Lidl,Lidl,food,Food
2025-05-28,-4328.0,Card,TopStep,,Account fee,Trading
2025-05-28,-87.0,Bank Transfer,,,Unsure,Null
2025-05-28,-745.0,Card,Lidl,Lidl,Food,Food
2025-05-28,-714.0,Card,Cotters Costcu,Costcutter,"Pepsi max, hunky dory's",Impulsive Food
2025-05-29,-580.0,Card,Lidl,Lidl,"Cookies, chicken thighs",Food
2025-05-29,-194.0,Card,Mr Price,MrPRICE Cork City,Monster,Food
2025-05-30,16600.0,Bank Transfer,Old Oak,Old Oak,Wages,Income
2025-05-30,-799.0,Card,Lidl,Lidl,"Chicken thighs, cookies, yogurt drink",Food
2025-05-30,-600.0,Bank Transfer,BOI,,Maintaining account,BOI Fees
2025-05-30,13872.0,Bank Transfer,Voodoo,Voodoo Rooms,Wages,Income
2025-05-30,-179.0,Card,Mr Price,MrPRICE Cork City,Sweets,Food
2025-05-30,-2000.0,Card,Trading212,,Deposited €20,Investing
2025-05-31,-425.0,Card,Spar,Aspel's Spar,"Sweets, drink",Impulsive Food
2025-05-31,-425.0,Card,Circle K,Circle K Polefield,Maltesers,Impulsive Food
2025-05-31,-4449.0,Card,Lidl,Lidl Kanturk,food for home,Food Non-Personal
2025-06-01,-1989.9999999999998,Card,Eskimo's,Eskimo Pizza (North),Pizza,Impulsive Food
2025-06-01,-729.0,Card,Lidl,Lidl,"Cookies, chicken thighs, cranberry juice",Food
2025-06-01,-179.0,Card,Mr Price,MrPRICE Cork City,Sweets,Food
2025-06-02,-194.0,Card,Mr Price,MrPRICE Cork City,Monster,Food
2025-06-02,-580.0,Card,Lidl,Lidl,Food,Food
2025-06-03,-595.0,Card,Spar,Aspel's Spar,Dorito's + Latte,Mumsie
2025-06-03,-659.0,Card,Lidl,Lidl,Food,Food
2025-06-03,-886.9999999999999,Card,Lidl,Lidl Kanturk,Pepsi max,Food Non-Personal
2025-06-04,-199.0,Card,Mr Price,MrPRICE Cork City,Sweets,Impulsive Food
2025-06-04,-448.00000000000006,Card,Lidl,Lidl,Food,Impulsive Food
2025-06-04,-1079.0,Card,Lidl,Lidl,Food,Food
2025-06-04,-194.0,Card,Mr Price,MrPRICE Cork City,Monster,Impulsive Food
2025-06-05,-936.9999999999999,Card,Lidl,Lidl,Food,Food
2025-06-05,-469.00000000000006,Card,Lidl,Lidl,Food,Impulsive Food
2025-06-06,37523.0,Bank Transfer,Voodoo,Voodoo Rooms,Wages,Income
2025-06-06,-295.0,Card,Daybreak,Daybreak,Monster for Denis,Denis
2025-06-07,-973.0,Card,Lidl,Lidl,Food,Food
2025-06-07,-1750.0,Card,Eskimo's,Eskimo Pizza (North),Pizza,Impulsive Food
2025-06-08,-827.9999999999999,Card,Lidl,Lidl,Food,Food
2025-06-08,-330.0,Card,Cotters Costcu,Costcutter,Monster,Impulsive Food
2025-06-09,-608.0,Card,Lidl,Lidl Kanturk,Pepsi Max,Food Non-Personal
2025-06-10,-960.0,Card,Lidl,Lidl,Food,Food
2025-06-10,-2000.0,Card,Trading212,,Deposited €20 to account.,Investing
2025-06-10,-993.0,Card,Lidl,Lidl,"Cookies, Chicken thighs, roles, cranberry juice",Food
2025-06-11,-836.9999999999999,Card,Lidl,Lidl,Food,Food
2025-06-11,-1014.0,Card,Tesco,Tesco Superstore,"Club Orange, innocent smoothie",Impulsive Food
2025-06-11,-448.00000000000006,Card,Lidl,Lidl,Food,Food
2025-06-12,-647.0,Card,Lidl,Lidl,Food,Food
2025-06-12,-848.0,Card,Lidl,Lidl,Food,Food
2025-06-13,47000.0,Bank Transfer,Old Oak,Old Oak,Wages,Income
2025-06-13,-997.0000000000001,Card,Lidl,Lidl,Food,Food
2025-06-13,-335.0,Card,Lidl,Lidl,Food,Food
2025-06-13,-2000.0,Card,Trading212,,€20 into brokerage account,Investing
2025-06-14,-1839.0,Card,TradingView,,Subscription,Trading
2025-06-14,-1112.0,Card,Lidl,Lidl,Food,Food
2025-06-14,-861.0,Card,TradingView,,Data plan,Trading
2025-06-14,-3539.0,Card,Lidl,Lidl Kanturk,Toilet paper,Food Non-Personal
2025-06-15,-752.0,Card,Lidl,Lidl,Food,Food
2025-06-15,-443.0,Card,Mr Price,MrPRICE Cork City,"Monster, square bars",Impulsive Food
2025-06-15,-669.0,Card,Lidl,Lidl,Food,Food
2025-06-16,-997.0000000000001,Card,Lidl,Lidl,Food,Food
2025-06-16,-9898.0,Card,Spar,Aspel's Spar,Petrol,Petrol
2025-06-16,1494.0,Bank Transfer,Sheila,,Money for cat litter,Sheila
2025-06-17,-1006.0,Card,Lidl,Lidl,Food,Food
2025-06-17,-508.0,Card,Mr Price,MrPRICE Cork City,"4 * pepsi max, square bars",Impulsive Food
2025-06-17,-245.00000000000003,Card,Lidl,Lidl,Cookies,Impulsive Food
2025-06-18,-1479.0,Card,FreeStyle Asia,Freestyle Asian Food,Duck and black bean sauce,Impulsive Food
2025-06-18,-249.00000000000003,Card,Mr Price,MrPRICE Cork City,Dairy Milk Bars,Impulsive Food
2025-06-18,-394.0,Card,Lidl,Lidl,Cookies,Impulsive Food
2025-06-18,-1171.0,Card,Lidl,Lidl,Food,Food
2025-06-19,-936.9999999999999,Card,Lidl,Lidl,Food,Food
2025-06-19,-394.0,Card,Lidl,Lidl,Cookies,Impulsive Food
2025-06-20,-946.0000000000001,Card,Lidl,Lidl,Food,Food
2025-06-20,-544.0,Card,Lidl,Lidl,Food,Food
2025-06-20,-580.0,Card,Lidl,Lidl,"Ice-cream, cookies",Impulsive Food
2025-06-20,-2000.0,Card,Trading212,,€20 into brokerage account,Investing
2025-06-21,-2727.0,Card,Lidl,Lidl Kanturk,Food for home,Food Non-Personal
2025-06-22,-1155.0,Card,Lidl,Lidl,Food,Food
2025-06-22,-523.0,Card,Lidl,Lidl,"Cookies, cranberry juice",Food
2025-06-23,-852.0,Card,Lidl,Lidl,Food,Food
2025-06-23,-1142.0,Card,Lidl,Lidl,Food,Food
2025-06-23,-194.0,Card,Mr Price,MrPRICE Cork City,Monster,Impulsive Food
2025-06-24,-902.0,Card,Lidl,Lidl,Burger Stuff,Food
2025-06-24,-1001.0,Card,Lidl,Lidl,Food,Food
2025-06-24,-194.0,Card,Mr Price,MrPRICE Cork City,Monster,Impulsive Food
2025-06-25,-20821.0,Card,Electric Ireland,,Bill for electricity,Household
2025-06-25,-933.0,Card,Lidl,Lidl,"Chicken thighs, cookies, mushrooms, peppers, peri peri",Food
2025-06-25,-570.0,Card,Daybreak,Daybreak,"Monster, sour patch kids",Food
2025-06-25,-1048.0,Card,Cotters Costcu,Costcutter,Shit,Impulsive Food
2025-06-26,-963.0000000000001,Card,Lidl,Lidl,Food,Food
2025-06-27,-1001.0,Card,Lidl,Lidl,Food,Food
2025-06-27,-2000.0,Card,Trading212,,€20 into brokerage account,Investing
2025-06-28,-1452.0,Card,Wok N Roll,Wok'n'Roll Grand Parade,Spice Bag,Impulsive Food
2025-06-28,-1494.0,Card,Aldi,ALDI,Cat litter,Sheila
2025-06-28,-5492.0,Card,Lidl,Lidl Kanturk,Food for home + Cat food for sheila,Food Non-Personal
2025-06-28,-4196.0,Card,Topstep,,Topstep Combine,Trading
2025-06-29,-394.0,Card,Lidl,Lidl,"Cookies, cranberry juice",Food
2025-06-29,-530.0,Card,Daybreak,Daybreak,2 monsters,Impulsive Food
2025-06-30,-1001.0,Card,Lidl,Lidl,Food,Food
2025-06-30,-600.0,Bank Transfer,BOI,,Maintaining account,BOI Fees
2025-06-30,-84.0,Bank Transfer,,,Unsure,Null
2025-07-01,-4600.0,Card,Lidl,Lidl Kanturk,Food for home,Food Non-Personal
2025-07-01,-574.0,Card,Supervalu,O'Keeffe's SuperValu Newmarket,Pepsi Max + Huny dory's,Impulsive Food
2025-07-01,-50000.0,Card,Mumsie,,Needed Money,Mumsie
2025-07-02,-1159.0,Card,Lidl,Lidl,"Chicken, mushrooms, peppers, cooies, cranberry juice",Food
2025-07-02,-1391.0,Card,Lidl,Lidl,Burger Stuff,Food
2025-07-03,-199.0,Card,Mr Price,MrPRICE Cork City,Sour Patch Kids,Food
2025-07-03,-1155.0,Card,Lidl,Lidl,"Cookies, thighs, peppers, mushrooms, cranberry juice",Food
2025-07-04,31188.0,Bank Transfer,Voodoo,Voodoo Rooms,Wages,Income
2025-07-04,-295.0,Card,Daybreak,Daybreak,Monster,Impulsive Food
2025-07-04,-1240.0,Card,Lidl,Lidl,"thighs, peppers, mushrooms, cookies, yogurts, cranberry",Food
2025-07-04,-2000.0,Card,Trading212,,€20 into brokerage account,Investing
2025-07-05,-1595.0,Card,Lidl,Lidl Kanturk,Food for home,Food Non-Personal
2025-07-05,-5000.0,Card,Dogs.ie,,Bernese add,Personal Development
2025-07-05,-5000.0,Card,Dogs.ie,,Cavapoo add,Mumsie
2025-07-05,-9109.0,Card,Spar,Aspel's Spar,Petrol,Petrol
2025-07-06,-1452.0,Card,Wok N Roll,Wok'n'Roll Grand Parade,Spice Bag,Impulsive Food
2025-07-06,-1155.0,Card,Lidl,Lidl,Food,Food
2025-07-06,-539.0,Card,Chemist Warehouse,Chemist Warehouse Cornmarket,Roll on,Personal
2025-07-06,-448.00000000000006,Card,Lidl,Lidl,Food,Food
2025-07-07,-1728.0,Card,Lidl,Lidl Kanturk,Food for home,Food Non-Personal
2025-07-07,-135975.0,Card,Fitzgeralds,Fitzgerald Insurances,Insurance,Car Maintenance
2025-07-08,-997.0000000000001,Card,Lidl,Lidl,Food,Food
2025-07-09,-961.9999999999999,Card,Lidl,Lidl,Food,Food
2025-07-09,-1155.0,Card,Lidl,Lidl,Burger Stuff,Impulsive Food
2025-07-10,-1407.0,Card,Lidl,Lidl,Food,Food
2025-07-11,-1219.0,Card,Lidl,Lidl,Food,Food
2025-07-11,-194.0,Card,Mr Price,MrPRICE Cork City,Monster,Food
2025-07-11,-2000.0,Card,Trading212,,€20 into brokerage account,Investing
2025-07-11,104792.0,Bank Transfer,Sheila,,"Rent Money, cat litter , cat canned food",Sheila
2025-07-11,29402.999999999996,Bank Transfer,Voodoo,Voodoo Rooms,Wages,Income
2025-07-12,-1308.0,Card,Wok N Roll,Wok'n'Roll Grand Parade,Spice Bag,Impulsive Food
2025-07-12,-552.0,Card,Lidl,Lidl Cork Cornmarket,"Cookies, cranberry juice, yogurts",Food
2025-07-13,-285.0,Card,Wok N Roll,Wok'n'Roll Grand Parade,Coke,Impulsive Food
2025-07-13,-2119.0,Card,Lidl,Lidl Kanturk,Food for home,Food Non-Personal
2025-07-14,-971.0000000000001,Card,Lidl,Lidl Cork Cornmarket,Food,Food
2025-07-14,-2700.0,Card,TradingView,,Subscription + data charges,Trading
2025-07-14,-858.0,Card,Mr Price,MrPRICE Cork City,"Monster, tayto's",Food
2025-07-15,-1579.0,Card,Lidl,Lidl Cork Cornmarket,Food,Food
2025-07-15,-395.0,Card,Daybreak,Daybreak,Chewing gum,Food
2025-07-16,-2000.0,Card,City Barbers,City barbers,Haircut,Personal
2025-07-16,-709.0,Card,Lidl,Lidl Cork Cornmarket,Food,Food
2025-07-17,-1250.0,Card,Lidl,Lidl Cork Cornmarket,Food,Food
2025-07-17,-199.0,Card,Mr Price,MrPRICE Cork City,Tayto's,Food
2025-07-17,-295.0,Card,Daybreak,Daybreak,Monster,Impulsive Food
2025-07-17,-374.0,Card,Lidl,Lidl Cork Cornmarket,bad food,Impulsive Food
2025-07-18,-5000.0,Card,Dogs.ie,,Cavapoo add,Mumsie
2025-07-18,35404.0,Bank Transfer,Voodoo,Voodoo Rooms,Wages,Income
2025-07-18,-946.0000000000001,Card,Lidl,Lidl Cork Cornmarket,Food,Food
2025-07-18,-53620.00000000001,Card,Royal Canin,,Mumsie dog food,Mumsie
2025-07-19,-1375.0,Card,Lidl,Lidl Kanturk,Food for home,Food Non-Personal
2025-07-20,-1185.0,Card,Lidl,Lidl Cork Cornmarket,Food,Food
2025-07-20,-295.0,Card,Daybreak,Daybreak,Monster,Impulsive Food
2025-07-20,-130.0,Card,Daybreak,Daybreak,Chewing gum,Food
2025-07-20,-1750.0,Card,Eskimo's,Eskimo Pizza (North),Pizza,Impulsive Food
2025-07-20,-240.0,Card,Eskimo's,Eskimo Pizza (North),Fanta Lemon,Impulsive Food
2025-07-21,-645.0,Card,Circle K,Circle K Polefield,"Monster, mars ice cream",Impulsive Food
2025-07-22,-1499.0,Card,Lidl,Lidl Cork Cornmarket,food,Food
2025-07-22,-518.0,Card,Lidl,Lidl Cork Cornmarket,Food,Food
2025-07-22,-545.0,Card,Daybreak,Daybreak,"Monster, Oreo's",Impulsive Food
2025-07-23,-867.0,Card,Lidl,Lidl Cork Cornmarket,Food,Food
2025-07-24,-727.0,Card,Lidl,Lidl Cork Cornmarket,"Chewing gum, mints",Food
2025-07-24,-827.0,Card,Lidl,Lidl Cork Cornmarket,Food,Food
2025-07-25,-5000.0,Card,Trading212,,€50 into brokerage account.,Investing
2025-07-25,-194.0,Card,Mr Price,MrPRICE Cork City,Monster,Impulsive Food
2025-07-25,-874.0,Card,Lidl,Lidl Cork Cornmarket,Food,Food
2025-07-25,40208.0,Bank Transfer,Voodoo,Voodoo Rooms,Wages,Income
2025-07-26,-1166.0,Card,Lidl,Lidl Kanturk,Food for home,Food Non-Personal
2025-07-26,-8794.0,Card,Mace,Hannon’s Mace/Maxol,Petrol,Petrol
2025-07-27,-563.0,Card,Aspels Spar,Aspel's Spar,"Sweets, monster",Impulsive Food
2025-07-27,-1989.9999999999998,Card,Eskimo's,Eskimo Pizza (North),Pizza,Impulsive Food
2025-07-28,-199.0,Card,Mr Price,MrPRICE Cork City,Sweets,Impulsive Food
2025-07-28,-986.9999999999999,Card,Lidl,Lidl Cork Cornmarket,Food,Food
2025-07-28,-4187.0,Card,Topstep,,Topstep Combine,Trading
2025-07-29,-84.0,Bank Transfer,,,,Null
2025-07-29,-2400.0,Card,Lidl,Lidl Kanturk,food for home,Food Non-Personal
2025-07-30,-772.0,Card,Aspels Spar,Aspel's Spar,"Sweets, monster",Impulsive Food
2025-07-31,-1632.9999999999998,Card,Lidl,Lidl Cork Cornmarket,Food,Food
2025-07-31,-1570.0,Card,Fast Als,Fast Al's,Pizza,Impulsive Food
2025-07-31,-600.0,Bank Transfer,BOI,,Maintaining Account,BOI Fees
2025-07-31,-219.0,Card,Lidl,Lidl Cork Cornmarket,Yogurt drink,Impulsive Food
2025-08-01,33565.0,Bank Transfer,Voodoo,Voodoo Rooms,Wages,Income
2025-08-01,-972.0000000000001,Card,Lidl,Lidl Cork Cornmarket,Food,Food
2025-08-01,-5000.0,Card,Trading212,,€50 into brokerage account,Investing
2025-08-02,-1078.0,Card,Lidl,Lidl Cork Cornmarket,Food,Food
2025-08-02,-295.0,Card,Daybreak,Daybreak,Monster,Impulsive Food
2025-08-02,-749.0,Card,Cotters Costcu,Costcutter,Sweets,Impulsive Food
2025-08-04,-827.9999999999999,Card,Lidl,Lidl Cork Cornmarket,Food,Food
2025-08-04,-17920.0,Card,The Perfume Shop,,2 * Prada l'omme,Personal
2025-08-04,-1750.0,Card,Eskimo's,Eskimo Pizza (North),Pizza,Impulsive Food
2025-08-04,-249.00000000000003,Card,Mr Price,MrPRICE Cork City,Boost Bars,Impulsive Food
2025-08-05,-274.0,Card,Mr Price,MrPRICE Cork City,"Sewing thread, Sweets",Impulsive Food
2025-08-05,-774.0,Card,Lidl,Lidl Cork Cornmarket,Food,Food
2025-08-06,-1382.0,Card,Lidl,Lidl Cork Cornmarket,Food,Food
2025-08-07,-708.0,Card,Lidl,Lidl Cork Cornmarket,Food,Food
2025-08-07,-245.00000000000003,Card,Lidl,Lidl Cork Cornmarket,Cookies,Food
2025-08-08,34919.0,Bank Transfer,Voodoo,Voodoo Rooms,Wages,Income
2025-08-08,-5000.0,Card,Trading212,,€50 into brokerage account,Investing
2025-08-08,-1531.0,Card,Lidl,Lidl Cork Cornmarket,Food,Food
2025-08-09,-1146.0,Card,Lidl,Lidl Kanturk,Food for home,Food Non-Personal
2025-08-09,-300.0,Card,Mace,Hannon’s Mace/Maxol,Monster,Impulsive Food
2025-08-11,-1168.0,Card,Chemist Warhouse,Chemist Warehouse Cornmarket,"Mouth Wash, floss",Personal
2025-08-11,-250.0,Card,Daybreak,Daybreak,Sweets,Impulsive Food
2025-08-11,-1989.9999999999998,Card,Eskimo's,Eskimo Pizza (North),Pizza,Impulsive Food
2025-08-11,-1212.0,Card,Lidl,Lidl Cork Cornmarket,Food,Food
2025-08-12,-1187.0,Card,Lidl,Lidl Cork Cornmarket,Food,Food
2025-08-12,-295.0,Card,Daybreak,Daybreak,Monster,Food
2025-08-13,-443.0,Card,Lidl,Lidl Cork Cornmarket,Food,Food
2025-08-13,-708.0,Card,Lidl,Lidl Cork Cornmarket,Food,Food
2025-08-13,-295.0,Card,Daybreak,Daybreak,Monster,Food
2025-08-14,-1117.0,Card,Lidl,Lidl Cork Cornmarket,Food,Food
2025-08-14,-194.0,Card,Mr Price,MrPRICE Cork City,Monster,Food
2025-08-14,-2700.0,Card,TradingView,,TradingView Subscription,Trading
2025-08-14,-219.0,Card,Lidl,Lidl Cork Cornmarket,Yogurt drink,Impulsive Food
2025-08-15,27561.0,Bank Transfer,Voodoo,Voodoo Rooms,Wages,Income
2025-08-15,-693.0,Card,Lidl,Lidl,Food,Food
2025-08-15,-194.0,Card,Mr Price,MrPRICE Cork City,Monster,Food
2025-08-15,-5000.0,Card,Trading212,,€50 into brokerage account,Investing
2025-08-16,-10293.0,Card,Circle K,Circle K Polefield,"Petrol, Sweets",Petrol
2025-08-17,-2170.0,Card,Eskimo's,Eskimo Pizza (North),"Pizza, 2*Garlic Sauce, Coke",Impulsive Food
2025-08-17,-1282.0,Card,Lidl,Lidl Cork Cornmarket,Food,Food
2025-08-17,-194.0,Card,Mr Price,MrPRICE Cork City,Monster,Food
2025-08-18,-788.0,Card,Lidl,Lidl Cork Cornmarket,Food,Food
2025-08-18,-493.0,Card,Mr Price,MrPRICE Cork City,"Charger, Monster",Food
2025-08-19,-740.0,Card,Lidl,Lidl Cork Cornmarket,Food,Food
2025-08-19,-145.0,Card,Lidl,Lidl Cork Cornmarket,Baegals,Food
2025-08-19,-194.0,Card,Mr Price,MrPRICE Cork City,Monster,Food
2025-08-20,-738.0,Card,Lidl,Lidl Cork Cornmarket,Food,Food
2025-08-20,-125.0,Card,Mr Price,MrPRICE Cork City,Sweets,Food
2025-08-21,-1714.9999999999998,Card,Tesco,Tesco Superstore,Food,Food
2025-08-21,-199.0,Card,Mr Price,MrPRICE Cork City,Sweets,Impulsive Food
2025-08-22,-600.0,Card,Lidl,Lidl Cork Cornmarket,6 * pain du choclate,Impulsive Food
2025-08-22,-5000.0,Card,Trading212,,€50 into brokerage account,Investing
2025-08-22,33887.0,Bank Transfer,Voodoo,Voodoo Rooms,Wages,Income
2025-08-22,-1619.0000000000002,Card,Supervalu,O'Keeffe's SuperValu Newmarket,Food,Food
2025-08-22,-10300.0,Card,Sports Direct,Sports Direct,Shoes,Clothes
2025-08-23,-2080.0,Card,Eskimo's,Eskimo Pizza (North),"Pizza, 2*Garlic Sauce",Impulsive Food
2025-08-24,-515.0,Card,Centra,Centra,"Sweets, Club Roc Shandy (Bottle)",Impulsive Food
2025-08-24,-1040.0,Card,Lidl,Lidl Cork Cornmarket,Food,Food
2025-08-25,-1253.0,Card,Lidl,Lidl Cork Cornmarket,Food,Food
2025-08-25,-145.0,Card,Lidl,Lidl Cork Cornmarket,Sweets,Food
2025-08-26,-1084.0,Card,Lidl,Lidl Cork Cornmarket,Food,Food
2025-08-27,-599.0,Card,Cotters Costcu,Costcutter,"Tayto's, sweets",Impulsive Food
2025-08-27,-699.0,Card,Lidl,Lidl Cork Cornmarket,Food,Food
2025-08-27,-194.0,Card,Mr Price,MrPRICE Cork City,Monster,Food
2025-08-28,-1264.0,Card,Lidl,Lidl Cork Cornmarket,Food,Food
2025-08-28,-1210.0,Card,Fast Als,Fast Al's,Pizza,Impulsive Food
2025-08-28,-100.0,Card,Fast Als,Fast Al's,Dip,Impulsive Food
2025-08-28,-295.0,Card,Daybreak,Daybreak,Monster,Food
2025-08-29,34214.0,Bank Transfer,Voodoo,Voodoo Rooms,Wages,Income
2025-08-29,-600.0,Card,BOI,,Maintaining Account,BOI Fees
2025-08-29,-5000.0,Card,Trading212,,€50 into brokerage account,Investing
2025-08-29,-1227.0,Card,Lidl,Lidl Cork Cornmarket,Food,Food
2025-08-30,-893.0,Card,Lidl,Lidl Kanturk,Food for home,Food Non-Personal
2025-08-31,-1379.0,Bank Transfer,TradeStation,,"$10 into Account, + €5 for BOI fees",Trading
2025-08-31,-450.0,Card,Tesco,Tesco Superstore,Maltesers,Food
2025-08-31,-295.0,Card,Daybreak,Daybreak,Monster,Food
2025-08-31,-783.0,Card,Lidl,Lidl Cork Cornmarket,Food,Food
2025-08-31,-2410.0,Card,Eskimo's,Eskimo Pizza (North),"Pizza, 2*Garlic Sauce, Fanta",Impulsive Food
2025-09-01,-1461.0,Card,Lidl,Lidl Cork Cornmarket,Food,Food
2025-09-01,-394.0,Card,Lidl,Lidl Cork Cornmarket,Food,Impulsive Food
2025-09-02,-919.9999999999999,Card,North Gate Pharmacy,Mary Shinnick-North Gate Pharmacy,"Fungal cream, plasters",Personal
2025-09-02,-1287.0,Card,Lidl,Lidl Cork Cornmarket,Food,Food
2025-09-02,-295.0,Card,Daybreak,Daybreak,Monster,Food
2025-09-02,-488.99999999999994,Card,Lidl,Lidl Cork Cornmarket,Food,Impulsive Food
2025-09-03,-1436.0,Card,Lidl,Lidl Cork Cornmarket,Food,Food
2025-09-03,-265.0,Card,Lidl,Lidl Cork Cornmarket,Cookies,Impulsive Food
2025-09-04,-729.0,Card,Lidl,Lidl Cork Cornmarket,Food,Food
2025-09-04,-295.0,Card,Daybreak,Daybreak,Monster,Food
2025-09-05,-5000.0,Card,Trading212,,€50 into brokerage account,Investing
2025-09-05,15019.999999999998,Bank Transfer,Voodoo,Voodoo Rooms,Wages,Income
2025-09-05,-1177.0,Card,Lidl,Lidl Cork Cornmarket,Food,Food
2025-09-05,-392.0,Card,Mr Price,MrPRICE Cork City,"Sponges, scrubbing brush",Household
2025-09-06,-2410.0,Card,Eskimo's,Eskimo Pizza (North),"Pizza, 2*Garlic Sauce, Fanta",Impulsive Food
2025-09-07,-1560.0,Card,Tesco,Tesco Superstore,"2 * Mi Wadi, 4 pack monster",Food
2025-09-07,-717.0,Card,Lidl,Lidl Cork Cornmarket,"Chicken breast, mushrooms, peppers",Food
2025-09-07,-299.0,Card,Daybreak,Daybreak,Salt,Food
2025-09-08,-1321.0,Card,Lidl,Lidl Cork Cornmarket,Food,Food
2025-09-09,-36800.0,Card,FlyeFit,FLYEfit Cork,Annual membership,Personal
2025-09-09,-28000.0,Card,Motor Tax,,Car Tax,Car Maintenance
2025-09-09,-743.0,Card,Lidl,Lidl Cork Cornmarket,Food,Food
2025-09-10,-802.0,Card,Lidl,Lidl Cork Cornmarket,Food,Food
2025-09-11,-660.0,Card,Tesco,Tesco Superstore,4 Monster,Food
2025-09-11,-638.0,Card,Chemist Warhouse,Chemist Warehouse Cornmarket,Plasters,Personal
2025-09-11,-921.0000000000001,Card,Lidl,Lidl Cork Cornmarket,Food,Food
2025-09-12,-494.00000000000006,Card,Lidl,Lidl Cork Cornmarket,"4 choc buns, ice-cream",Impulsive Food
2025-09-12,43538.0,Bank Transfer,Voodoo,Voodoo Rooms,Wages,Income
2025-09-12,-5000.0,Card,Trading212,,€50 into brokerage account,Investing
2025-09-12,-2000.0,Card,City Barbers,City barbers,Haircut,Personal
2025-09-12,-2410.0,Card,Eskimo's,Eskimo Pizza (North),"Pizza, 2*Garlic Sauce, Coke",Impulsive Food
2025-09-12,-594.0,Card,Lidl,Lidl Cork Cornmarket,Food,Food
2025-09-13,-1017.0,Card,Lidl,Lidl Kanturk,Food for home,Food Non-Personal
2025-09-13,-9980.0,Card,Spar,Aspel's Spar,Petrol,Petrol
2025-09-14,-2410.0,Card,Eskimo's,Eskimo Pizza (North),"Pizza, 2*Garlic Sauce, Fanta",Impulsive Food
2025-09-14,-921.0000000000001,Card,Lidl,Lidl Cork Cornmarket,Food,Food
2025-09-14,852.9999999999999,Bank Transfer,Tradestation,,$10 returned failed transaction,Trading
2025-09-14,-2700.0,Card,TradingView,,Subscription,Trading
2025-09-14,-245.00000000000003,Card,Lidl,Lidl Cork Cornmarket,Cookies,Impulsive Food
2025-09-15,-2049.0,Card,Lidl,Lidl Cork Cornmarket,Food,Food
2025-09-16,-659.0,Card,Mr Price,MrPRICE Cork City,4 * Monster,Food
2025-09-16,-11999.0,Card,Screenshelf,Screenshelf.ie,S22 Ultra Screen,Personal
2025-09-16,-354.0,Card,Lidl,Lidl Cork Cornmarket,Food,Food
2025-09-17,-1292.0,Card,Lidl,Lidl Cork Cornmarket,Food,Food
2025-09-18,-523.0,Card,Lidl,Lidl Cork Cornmarket,Food,Food
2025-09-18,-130.0,Card,Daybreak,Daybreak,Chewing Gum,Food
2025-09-18,-295.0,Card,Daybreak,Daybreak,Monster,Food
2025-09-19,31116.000000000004,Bank Transfer,Voodoo,Voodoo Rooms,Wages,Income
2025-09-19,-349.0,Card,Chemist Warhouse,Chemist Warehouse Cornmarket,Plasters,Personal
2025-09-19,-413.99999999999994,Card,Lidl,Lidl Cork Cornmarket,Food,Food
2025-09-19,-5000.0,Card,Trading212,,€50 into brokerage account,Investing
2025-09-19,-245.00000000000003,Card,Lidl,Lidl Cork Cornmarket,Cookies,Food
2025-09-19,-1000.0,Card,Pre Pay Power,,Top up denis apartment,Household
2025-09-20,-1711.0,Card,Aldi,ALDI,Food for home,Food Non-Personal
2025-09-22,-932.0,Card,Lidl,Lidl Cork Cornmarket,Food,Food
2025-09-22,-179.0,Card,Mr Price,MrPRICE Cork City,Sweets,Food
2025-09-22,-570.0,Card,Daybreak,Daybreak,"Choclate bar, monster",Food
2025-09-23,-1785.0000000000002,Card,Tesco,Tesco Superstore,"2 * Mi Wadi, 4 * Monster",Food
2025-09-23,-1599.0,Card,Chemist Warhouse,Chemist Warehouse Cornmarket,Condoms,Personal
2025-09-23,-886.0,Card,Lidl,Lidl Cork Cornmarket,Food,Food
2025-09-23,-474.0,Card,Lidl,Lidl Cork Cornmarket,Food,Food
2025-09-23,-274.0,Card,Mr Price,MrPRICE Cork City,Sweets,Impulsive Food
2025-09-24,-125.0,Card,Mr Price,MrPRICE Cork City,Sweets,Food
2025-09-24,-961.0,Card,Lidl,Lidl Cork Cornmarket,Food,Food
2025-09-24,-245.00000000000003,Card,Lidl,Lidl Cork Cornmarket,Cookies,Food
2025-09-25,-952.0,Card,Lidl,Lidl Cork Cornmarket,Food,Food
2025-09-25,-245.00000000000003,Card,Lidl,Lidl Cork Cornmarket,Cookies,Food
2025-09-25,-24000.0,Card,ATM,Bank of Ireland,240 cash for pat,Null
2025-09-26,-245.00000000000003,Card,Lidl,Lidl Cork Cornmarket,Cookies,Food
2025-09-26,-498.00000000000006,Card,Lidl,Lidl Cork Cornmarket,"Eggs, ketchup",Food
2025-09-26,21801.0,Bank Transfer,Voodoo,Voodoo Rooms,Wages,Income
2025-09-27,-1017.0,Card,Lidl,Lidl Kanturk,Food for home,Food Non-Personal
2025-09-28,-839.0,Card,Lidl,Lidl Cork Cornmarket,Food,Food
2025-09-29,-1078.0,Card,Lidl,Lidl Cork Cornmarket,Food,Food
2025-09-30,-600.0,Bank Transfer,Fees,,Maintaining account,BOI Fees
2025-09-30,-1083.0,Card,Lidl,Lidl Cork Cornmarket,Food,Food
2025-09-30,-5007.0,Card,Trading212,,€50 into brokerage account,Investing
2025-10-01,-354.0,Card,Lidl,Lidl Cork Cornmarket,Food,Food
2025-10-02,-54000.0,Card,ATM,Bank of Ireland,Cash,Null
2025-10-02,-982.0,Card,Lidl,Lidl Cork Cornmarket,Food,Food
2025-10-03,29238.0,Bank Transfer,Voodoo,Voodoo Rooms,Wages,Income
2025-10-03,-5000.0,Bank Transfer,Trading212,,€50 into brokerage account,Investing
2025-10-03,-295.0,Card,Daybreak,Daybreak,Monster,Food
2025-10-03,-832.0,Card,Lidl,Lidl Cork Cornmarket,Food,Food
2025-10-04,-1002.0,Card,Lidl,Lidl Kanturk,Food for home,Food Non-Personal
2025-10-05,-1257.0,Card,Lidl,Lidl Cork Cornmarket,"Eggs, Rashers, Cloudy Apple Juice, Bannana",Food
2025-10-06,-366.0,Card,Lidl,Lidl Cork Cornmarket,"Bread, 2 * yogurts, ketchup",Food
2025-10-06,-25000.0,Card,Revolut,,Revolut -> IBKR,Trading
2025-10-07,-1233.0,Card,Lidl,Lidl Cork Cornmarket,"Rashers, Cookies, Apple Juice, Chewing Gum",Food
2025-10-08,-753.0,Card,Lidl,Lidl Cork Cornmarket,Food,Food
2025-10-08,-659.0,Card,Mr Price,MrPRICE Cork City,Monster,Food
2025-10-09,-1008.0,Card,Lidl,Lidl Cork Cornmarket,Food,Food
2025-10-10,27633.0,Bank Transfer,Voodoo,Voodoo Rooms,Wages,Income
2025-10-10,-5000.0,Bank Transfer,Trading212,,€50 into brokerage account,Investing
2025-10-10,-777.0,Card,Lidl,Lidl Cork Cornmarket,Food,Food
2025-10-11,-1047.0,Card,Lidl,Lidl Cork Cornmarket,Food,Food
2025-10-12,-1930.0,Card,Eskimo's,Eskimo Pizza (North),Pizza + 2 dips,Food
2025-10-12,-868.0,Card,Lidl,Lidl Cork Cornmarket,Food,Food
2025-10-13,-768.0,Card,Lidl,Lidl Cork Cornmarket,Food,Food
2025-10-13,-194.0,Card,Mr Price,MrPRICE Cork City,Monster,Food
2025-10-13,-1930.0,Card,Eskimo's,Eskimo Pizza (North),Pizza + 2 dips,Food
2025-10-14,48000.0,Bank Transfer,Denis,,"Alexia 180 + Denis 180 + 120 Owed, Alexia, Denis paid",Denis
2025-10-14,-1026.0,Card,Lidl,Lidl Cork Cornmarket,Food,Food
2025-10-14,-30000.0,Card,Electric Ireland,,Security Deposit,Household
2025-10-14,-1839.0,Card,TradingView,,Subscription,Trading
2025-10-15,-345.0,Card,,,,Null
2025-10-15,-1072.0,Card,Lidl,Lidl Cork Cornmarket,Food,Food
2025-10-16,-17244.0,Card,OneOption,,Chat room 3 months,Trading
2025-10-16,-1046.0,Card,Lidl,Lidl Cork Cornmarket,Food,Food
2025-10-16,-690.0,Card,Daybreak,Daybreak,"Monster, chewing gum",Food
2025-10-17,-1027.0,Card,Lidl,Lidl Cork Cornmarket,Food,Food
2025-10-17,-393.0,Card,Mr Price,MrPRICE Cork City,"Hunky Dory's, Monster",Food
2025-10-17,28564.0,Bank Transfer,Voodoo,Voodoo Rooms,Wages,Income
2025-10-18,-1047.0,Card,Lidl,Lidl Kanturk,Food for home,Food Non-Personal
2025-10-18,-10703.0,Card,Spar,Aspel's Spar,Petrol,Petrol
2025-10-19,-1930.0,Card,Eskimo's,Eskimo Pizza (North),Pizza + 2 dips,Food
2025-10-19,-125.0,Card,Mr Price,MrPRICE Cork City,Sweets,Food
2025-10-19,-643.0,Card,Lidl,Lidl Cork Cornmarket,Food,Food
2025-10-19,-335.0,Card,Centra,Centra,Monster,Food
2025-10-20,-5000.0,Bank Transfer,Trading212,,€50 into brokerage account,Investing
2025-10-20,-295.0,Card,Daybreak,Daybreak,Monster,Food
2025-10-20,-1011.9999999999999,Card,Lidl,Lidl Cork Cornmarket,Food,Food
2025-10-21,-782.0,Card,Lidl,Lidl Cork Cornmarket,Food,Food
2025-10-21,-394.0,Card,Lidl,Lidl Cork Cornmarket,"Cookies, cranberry juice",Food
2025-10-22,-125.0,Card,Mr Price,MrPRICE Cork City,Sweets,Food
2025-10-22,-927.0,Card,Lidl,Lidl Cork Cornmarket,Food,Food
2025-10-22,-395.0,Card,Daybreak,Daybreak,Chewing gum,Food
2025-10-23,-888.0000000000001,Card,Lidl,Lidl Cork Cornmarket,Food,Food
2025-10-23,-335.0,Card,Centra,Centra,Monster,Food
2025-10-23,-295.0,Card,Wok N Roll,Wok'n'Roll Grand Parade,Fanta,Food
2025-10-24,-394.0,Card,Lidl,Lidl Cork Cornmarket,"Cookies, cranberry juice",Food
2025-10-24,-5000.0,Bank Transfer,Trading212,,€50 into brokerage account,Investing
2025-10-24,35174.0,Bank Transfer,Voodoo,Voodoo Rooms,Wages,Income
2025-10-25,-927.0,Card,Lidl,Lidl Kanturk,Food for home,Food Non-Personal
2025-10-26,-1930.0,Card,Eskimo's,Eskimo Pizza (North),Pizza + 2 dips,Food
2025-10-26,-1157.0,Card,Lidl,Lidl Cork Cornmarket,Food,Food
2025-10-26,-299.0,Card,Costcutter,Costcutter,Pepsi Max,Food
2025-10-27,-1175.0,Card,Aldi,ALDI,Cat Litter,Sheila
2025-10-28,-660.0,Card,Tesco,Tesco Superstore,4 * Monster,Food
2025-10-28,-728.0,Card,Lidl,Lidl Cork Cornmarket,Food,Food
2025-10-29,-1146.0,Card,Lidl,Lidl Cork Cornmarket,Food,Food
2025-10-30,-1213.0,Card,Lidl,Lidl Cork Cornmarket,Food,Food
2025-10-31,-659.0,Card,Mr Price,MrPRICE Cork City,4 * Monster,Food
2025-10-31,59579.0,Bank Transfer,Voodoo,Voodoo Rooms,Wages,Income
2025-10-31,-600.0,Bank Transfer,Fees,,Maintaining account,BOI Fees
2025-10-31,-5000.0,Bank Transfer,Trading212,,€50 into brokerage account,Investing
2025-10-31,-888.0000000000001,Card,Lidl,Lidl Cork Cornmarket,Food,Food
2025-11-01,-886.9999999999999,Card,Lidl,Lidl Cork Cornmarket,Food,Food
2025-11-01,-1930.0,Card,Eskimo's,Eskimo Pizza (North),Pizza + 2 dips,Food
2025-11-02,-1930.0,Card,Eskimo's,Eskimo Pizza (North),Pizza + 2 dips,Food
2025-11-02,-1027.0,Card,Lidl,Lidl Cork Cornmarket,Food,Food
2025-11-03,-1380.0,Card,Lidl,Lidl Cork Cornmarket,Food,Food
2025-11-04,-1017.0,Card,Lidl,Lidl Cork Cornmarket,Food,Food
2025-11-04,-772.0,Card,Lidl,Lidl Cork Cornmarket,Food,Food
2025-11-05,-548.0,Card,Lidl,Lidl Cork Cornmarket,Food,Food
2025-11-05,-494.00000000000006,Card,Lidl,Lidl Cork Cornmarket,"Ice-cream, 4 muffins",Food
2025-11-06,-822.0000000000001,Card,Lidl,Lidl Cork Cornmarket,Food,Food
2025-11-07,-545.0,Card,Daybreak,Daybreak,"Monster, sweets",Food
2025-11-07,-1930.0,Card,Eskimo's,Eskimo Pizza (North),Pizza + 2 dips,Food
2025-11-07,-763.0,Card,Lidl,Lidl Cork Cornmarket,Food,Food
2025-11-07,41469.0,Bank Transfer,Voodoo,Voodoo Rooms,Wages,Income
2025-11-07,-5000.0,Bank Transfer,Trading212,,€50 into brokerage account,Investing
2025-11-08,-135.0,Card,Lidl,Lidl Cork Cornmarket,3 * Donuts,Food
2025-11-09,-135.0,Card,Lidl,Lidl Cork Cornmarket,3 * Donuts,Food
2025-11-09,-762.0,Card,Lidl,Lidl Cork Cornmarket,"Chicken thighs, Mi Wadi, ",Food
2025-11-10,-752.0,Card,Lidl,Lidl Cork Cornmarket,Food,Food
2025-11-10,-135.0,Card,Lidl,Lidl Cork Cornmarket,3 * Donuts,Food
2025-11-10,-1018.0,Card,Chermist Warehouse,Chemist Warehouse Cornmarket,"Mouth Wash, rolly",Personal
2025-11-10,-295.0,Card,Daybreak,Daybreak,monster,Food
2025-11-11,-346.0,Card,Lidl,Lidl Cork Cornmarket,3 * jam donuts and cream,Food
2025-11-11,-179.0,Card,Lidl,Lidl Cork Cornmarket,Cookies and cream donut,Food
2025-11-11,-856.0,Card,Lidl,Lidl Cork Cornmarket,Food,Food
2025-11-12,-816.0,Card,Lidl,Lidl Cork Cornmarket,Food,Food
2025-11-12,-819.9999999999999,Card,Tesco,Tesco Superstore,Food,Food
2025-11-12,-179.0,Card,Lidl,Lidl Cork Cornmarket,Cookie and cream donut,Food
2025-11-13,-358.0,Card,Lidl,Lidl,2 * cookie and cream donuts,Food
2025-11-13,-726.0,Card,Lidl,Lidl,Food,Food
2025-11-14,25264.0,Bank Transfer,Voodoo,Voodoo Rooms,Wages,Income
2025-11-14,-5000.0,Bank Transfer,Trading212,,€50 into brokerage account,Investing
2025-11-14,-504.0,Card,Lidl,Lidl Cork Cornmarket,Food,Food
2025-11-14,-752.0,Card,Lidl,Lidl Cork Cornmarket,Food,Food
2025-11-14,-1839.0,Card,TradingView,,Subscription,Trading
2025-11-15,-8929.0,Card,Circle K,Circle K Polefield,Petrol,Petrol
2025-11-15,-1006.0,Card,Lidl,Lidl Kanturk,"Pepsi Max, 2 cookie and cream donuts",Food Non-Personal
2025-11-16,-1839.9999999999998,Card,Eskimo's,Eskimo Pizza (North),Pizza + 2 dips,Food
2025-11-16,-1084.0,Card,Lidl,Lidl Cork Cornmarket,Food,Food
2025-11-17,-885.0,Card,Lidl,Lidl Cork Cornmarket,Food,Food
2025-11-17,-358.0,Card,Lidl,Lidl Cork Cornmarket,2 * Cookie and cream donuts,Food
2025-11-17,-358.0,Card,Lidl,Lidl Cork Cornmarket,2 * Cookie and cream donuts,Food
2025-11-18,-179.0,Card,Lidl,Lidl Cork Cornmarket,Cookie and cream donut,Food
2025-11-18,-1030.0,Card,Lidl,Lidl Cork Cornmarket,Food,Food
2025-11-18,-249.00000000000003,Card,Lidl,Lidl Cork Cornmarket,Neo littlt bars,Food
2025-11-19,-358.0,Card,Lidl,Lidl Cork Cornmarket,2 * Cookie and cream donut,Food
2025-11-19,-894.9999999999999,Card,Lidl,Lidl Cork Cornmarket,Food,Food
2025-11-19,-545.0,Card,Daybreak,Daybreak,"Sweets, Monster",Food
2025-11-20,-1035.0,Card,Lidl,Lidl Cork Cornmarket,Food,Food
2025-11-20,30000.0,Bank Transfer,Electric Ireland,,Refund security deposit,Household
2025-11-20,-358.0,Card,Lidl,Lidl Cork Cornmarket,2 * Cookie and cream donut,Food
2025-11-20,-3710.0,Card,Chemist Warehouse,Chemist Warehouse Cornmarket,"Rasers, body wash, tweesers, toothpaste",Personal
2025-11-21,21637.0,Bank Transfer,Voodoo,Voodoo Rooms,Wages,Income
2025-11-21,-393.0,Card,Mr Price,MrPRICE Cork City,"Monster, hunky dory taytos",Food
2025-11-21,-5000.0,Bank Transfer,Trading212,,€50 into brokerage account,Investing
2025-11-21,-1930.0,Card,Eskimo's,Eskimo Pizza (North),Pizza + 2 dips,Food
2025-11-21,-1050.0,Card,Lidl,Lidl,Food,Food
2025-11-22,-1006.0,Card,Lidl,Lidl Kanturk,"Pepsi Max, 2 cookie and cream donuts",Food Non-Personal
2025-11-23,-507.0,Card,Lidl,Lidl Cork Cornmarket,Food,Food
2025-11-23,-819.9999999999999,Card,Tesco,Tesco Superstore,Food,Food
2025-11-24,-179.0,Card,Lidl,Lidl Cork Cornmarket,Cookie and cream donut,Food
2025-11-24,-1254.0,Card,Lidl,Lidl Cork Cornmarket,Food,Food
2025-11-24,-507.0,Card,Lidl,Lidl Cork Cornmarket,Food,Food
2025-11-25,-1449.0,Card,Lidl,Lidl Cork Cornmarket,Food,Food
2025-11-25,-2000.0,Card,City Barbers,City barbers,Haircut,Personal
2025-11-25,-10350.0,Card,Mick Murphy,Mick Murphy Menswear,Pants,Clothes
2025-11-26,-358.0,Card,Lidl,Lidl Cork Cornmarket,2 * Cookie and cream donuts,Food
2025-11-26,-776.0,Card,Lidl,Lidl Cork Cornmarket,Food,Food
2025-11-27,-676.0,Card,Lidl,Lidl Cork Cornmarket,Food,Food
2025-11-27,-358.0,Card,Lidl,Lidl Cork Cornmarket,2 * Cookie and cream donuts,Food
2025-11-28,-358.0,Card,Lidl,Lidl Cork Cornmarket,2 * Cookie and cream donuts,Food
2025-11-28,-676.0,Card,Lidl,Lidl Cork Cornmarket,Food,Food
2025-11-28,-600.0,Bank Transfer,BOI,,Maintaining account,BOI Fees
2025-11-28,45097.0,Bank Transfer,Voodoo,Voodoo Rooms,Wages,Income
2025-11-28,-5000.0,Bank Transfer,Trading212,,€50 into brokerage account,Investing
2025-11-28,-2170.0,Card,Eskimo's,Eskimo Pizza (North),Pizza + 2 dips + Coke,Food
2025-11-29,-19995.0,Card,Select Apple Store,select,Airpods 4 with active noise cancellation,Michael
2025-11-29,-1277.0,Card,Lidl,Lidl Kanturk,"Pepsi Max, Jelly, Donuts",Food Non-Personal
2025-11-30,-1930.0,Card,Eskimo's,Eskimo Pizza (North),Pizza + 2 dips,Food
2025-11-30,-1641.0,Card,Lidl,Lidl Cork Cornmarket,Food + sponges + bags + paper towels,Food
2025-12-01,-926.0,Card,Lidl,Lidl Cork Cornmarket,Food,Food
2025-12-01,-394.0,Card,Lidl,Lidl Cork Cornmarket,Food,Food
2025-12-01,-179.0,Card,Lidl,Lidl Cork Cornmarket,Donut,Food
2025-12-01,-1995.0,Card,Live Carreer,,CV builder,Personal Development
2025-12-01,-353.0,Card,Mr Price,Mr Price,"Club Orange, Pens",Food
2025-12-02,-63.0,Card,,,,Null
2025-12-02,-3130.0,Card,TopStep,,Combine Trial 50k,Trading
2025-12-02,-687.0,Card,Lidl,Lidl Cork Cornmarket,Food,Food
2025-12-02,-1000.0,Card,Lidl,Lidl Cork Cornmarket,Food,Food
2025-12-02,-358.0,Card,Lidl,Lidl Cork Cornmarket,2 Donuts,Food
2025-12-03,-932.0,Card,Lidl,Lidl Cork Cornmarket,Food,Food
2025-12-03,-659.0,Card,Mr Price,Mr Price,4 Monster,Food
2025-12-04,-687.0,Card,Lidl,Lidl Cork Cornmarket,Food,Food
2025-12-04,-358.0,Card,Lidl,Lidl Cork Cornmarket,2 Donuts,Food
2025-12-05,36150.0,Bank Transfer,Voodoo,Voodoo Rooms,Wages,Income
2025-12-05,-1083.0,Card,Lidl,Lidl Kanturk,"Pepsi Max, Donuts, Sweets",Food Non-Personal
2025-12-08,-894.9999999999999,Card,Lidl,Lidl Cork Cornmarket,Food,Food
2025-12-08,-1176.0,Card,Lidl,Lidl Cork Cornmarket,Food,Food
2025-12-09,-921.0000000000001,Card,Lidl,Lidl Cork Cornmarket,Food,Food
2025-12-10,-135.0,Card,Lidl,Lidl Cork Cornmarket,Food,Food
2025-12-10,-1298.0,Card,Lidl,Lidl Cork Cornmarket,Food,Food
2025-12-11,-836.0,Card,Lidl,Lidl Cork Cornmarket,Food,Food
2025-12-12,36080.0,Bank Transfer,Voodoo,Voodoo Rooms,Wages,Income
2025-12-12,-1071.0,Card,Lidl,Lidl Cork Cornmarket,Food,Food
2025-12-12,-398.0,Card,Mr Price,Mr Price,Sweets,Food
2025-12-13,-10000.0,Card,Circle K,Circle K | Car Wash,Petrol,Petrol
2025-12-13,-1274.0,Card,Lidl,Lidl Kanturk,"Pepsi Max, Donuts, Sweets",Food Non-Personal
2025-12-14,-1839.0,Card,TradingView,,Subscription,Trading
2025-12-14,-1231.0,Card,Lidl,Lidl Cork Cornmarket,Food,Food
2025-12-15,-394.0,Card,Lidl,Lidl Cork Cornmarket,Food,Food
2025-12-15,-1879.0,Card,Lidl,Lidl Cork Cornmarket,Food,Food
2025-12-16,-969.9999999999999,Card,Lidl,Lidl Cork Cornmarket,Food,Food
2025-12-16,-876.0,Card,Lidl,Lidl Cork Cornmarket,Food,Food
2025-12-16,-308.0,Card,Lidl,Lidl Cork Cornmarket,Food,Food
2025-12-17,-164568.0,Bank Transfer,Electric Ireland,,Back pay since Feb/2024,Household
2025-12-17,-1146.0,Card,Lidl,Lidl Cork Cornmarket,Food,Food
2025-12-19,45848.0,Bank Transfer,Voodoo,Voodoo Rooms,Wages,Income
2025-12-19,-15000.0,Bank Transfer,Trading212,,€150 into brokerage account,Investing
2025-12-19,-856.0,Card,Lidl,Lidl Cork Cornmarket,Food,Food
2025-12-20,-1355.0,Card,Lidl,Lidl Kanturk,Food for home,Food Non-Personal
2025-12-20,-1014.0,Card,Supervalu,Twohig's SuperValu Kanturk,Food for home,Food Non-Personal
2025-12-21,-1998.9999999999998,Card,Lidl,Lidl Kanturk,Food for home,Food Non-Personal
2025-12-21,-725.0,Card,Supervalu,Twohig's SuperValu Kanturk,Food for home,Food Non-Personal
2025-12-22,-1021.0000000000001,Card,Lidl,Lidl Cork Cornmarket,Food,Food
2025-12-22,-13244.999999999998,Bank Transfer,Electric Ireland,,Electricity Bill,Household
2025-12-23,56176.0,Bank Transfer,Voodoo,Voodoo Rooms,Wages,Income
2025-12-23,-527.0,Card,Lidl,Lidl Cork Cornmarket,Food,Food
2025-12-24,-4095.0000000000005,Card,Tesco,Tesco mallow,Turkey,Food Non-Personal
2025-12-24,-324.0,Card,Spar,Aspel's Spar,Monster,Food
2025-12-26,-894.9999999999999,Card,Daybreak,Daybreak,"Sweets, tayto's, monster",Food
2025-12-27,-2170.0,Card,Eskimo's,Eskimo Pizza (North),Pizza + 2 dips + Coke,Food
2025-12-27,-1504.0,Card,Lidl,Lidl Cork Cornmarket,Food,Food
2025-12-27,-5000.0,Bank Transfer,Trading212,,€50 into brokerage account,Investing
2025-12-28,-985.0,Card,Lidl,Lidl Cork Cornmarket,Food,Food
2025-12-29,-977.0,Card,Lidl,Lidl Cork Cornmarket,Food,Food
2025-12-30,-857.0,Card,Lidl,Lidl Cork Cornmarket,Food,Food
2025-12-31,-793.0,Card,Lidl,Lidl Cork Cornmarket,Food,Food
2025-12-31,52084.0,Bank Transfer,Voodoo,Voodoo Rooms,Wages,Income
2025-12-31,-600.0,Bank Transfer,BOI,,Maintaining account,BOI Fees
2025-12-31,-5133.0,Card,TopStep,,50K Combine,Trading
2026-01-01,-1000.0,Card,Animark,,Transferring ownership for Mumsie,Mumsie
2026-01-02,-103.0,Bank Transfer,,,Dont have a clue,Null
2026-01-02,-833.0,Card,Lidl,Lidl Cork Cornmarket,Food,Food
2026-01-03,-9385.0,Card,Circle K,Circle K | Car Wash,Petrol,Petrol
2026-01-03,-2366.0,Card,Lidl,Lidl Kanturk,"Tayto's, Pepsi Max, Toilet Paper",Food
2026-01-04,-245.00000000000003,Card,Lidl,Lidl Cork Cornmarket,Cookies,Food
2026-01-05,-952.9999999999999,Card,Lidl,Lidl Cork Cornmarket,Food,Food
2026-01-05,-469.00000000000006,Card,Lidl,Lidl Cork Cornmarket,"Cookies, Apple Juice",Food
2026-01-05,-5000.0,Bank Transfer,Trading212,,€50 into brokerage account,Investing
2026-01-06,-1083.0,Card,Lidl,Lidl Cork Cornmarket,Food,Food
2026-01-07,-952.9999999999999,Card,Lidl,Lidl Cork Cornmarket,Food,Food
2026-01-08,-1001.0,Card,Lidl,Lidl Cork Cornmarket,Food,Food
2026-01-08,-459.99999999999994,Card,Tesco,Tesco Superstore,Monster,Food
2026-01-09,-1081.0,Card,Lidl,Lidl Cork Cornmarket,Food,Food
2026-01-09,-457.0,Card,Lidl,Lidl Cork Cornmarket,Food,Food
2026-01-09,-966.0,Card,Lidl,Lidl Cork Cornmarket,Food,Food
2026-01-09,30351.0,Bank Transfer,Voodoo,Voodoo Rooms,Wages,Income
2026-01-09,-5000.0,Bank Transfer,Trading212,,€50 into brokerage account,Investing
2026-01-10,-1212.0,Card,Lidl,Lidl Kanturk,Food for home,Food Non-Personal
2026-01-10,-1494.0,Card,Aldi,ALDI,Cat litter,Sheila
2026-01-11,-668.0,Card,Lidl,Lidl Cork Cornmarket,Food,Food
2026-01-11,-407.0,Card,Lidl,Lidl Cork Cornmarket,Food,Food
2026-01-12,-1280.0,Card,Lidl,Lidl Cork Cornmarket,Food,Food
2026-01-12,1494.0,Bank Transfer,Sheila,,Cat litter,Sheila
2026-01-13,-683.0,Card,Lidl,Lidl Cork Cornmarket,Food,Food
2026-01-13,-1130.0,Card,Tesco,Tesco Superstore,"Mi Wadi * 2, Monster",Food
2026-01-14,-395.0,Card,Daybreak,Daybreak,Ketchup,Food
2026-01-14,-1329.0,Card,Lidl,Lidl Cork Cornmarket,Food,Food
2026-01-14,-1839.0,Card,TradingView,,Subscription,Trading
2026-01-15,-10100.0,Card,Dunnes Stores,Dunnes Stores,"Socks, Jocks, Bed Clothes",Clothes
2026-01-15,-525.0,Card,Dunnes Stores,Dunnes Stores,"Crunchie Bites, Jelly Snakes, Dunkers",Food
2026-01-15,-717.0,Card,Lidl,Lidl Cork Cornmarket,Food,Food
2026-01-16,36941.0,Bank Transfer,Voodoo,Voodoo Rooms,Wages,Income
2026-01-16,-17167.0,Card,OneOption,,OneOption Chat Room 3 Month,Trading
2026-01-16,-1211.0,Card,Lidl,Lidl Cork Cornmarket,Food,Food
2026-01-17,-827.0,Card,Lidl,Lidl Kanturk,"Pepsi Max, Tayto's",Food Non-Personal
2026-01-18,-1930.0,Card,Eskimo's,Eskimo Pizza (North),Pizza + 2 dips,Food
2026-01-18,-257.0,Card,Lidl,Lidl Cork Cornmarket,Food,Food
2026-01-18,-852.0,Card,Lidl,Lidl Cork Cornmarket,Food,Food
2026-01-19,-343.0,Card,OneOption,,One Option convertion fee,Trading
2026-01-19,-258.0,Card,Lidl,Lidl Cork Cornmarket,Food,Food
2026-01-19,-658.0,Card,Lidl,Lidl Cork Cornmarket,Food,Food
2026-01-19,-1264.0,Card,Lidl,Lidl Cork Cornmarket,Food,Food
2026-01-19,-1657.0,Card,Chemist Warehouse,Chemist Warehouse Cornmarket,"Deodrent, shampoo, body wash",Personal
2026-01-20,-258.0,Card,Lidl,Lidl Cork Cornmarket,Food,Food
2026-01-20,-600.0,Card,Lidl,Lidl Cork Cornmarket,Food,Food
2026-01-20,-1023.0,Card,Lidl,Lidl Cork Cornmarket,Food,Food
2026-01-21,-258.0,Card,Lidl,Lidl Cork Cornmarket,Food,Food
2026-01-21,-905.0000000000001,Card,Lidl,Lidl Cork Cornmarket,Food,Food
2026-01-21,-438.0,Card,Lidl,Lidl Cork Cornmarket,Food,Food
2026-01-22,-297.0,Card,Lidl,Lidl Cork Cornmarket,Food,Food
2026-01-22,-1055.0,Card,Lidl,Lidl Cork Cornmarket,Food,Food
2026-01-23,-10000.0,Bank Transfer,Trading212,,€100 into brokerage account,Investing
2026-01-23,-194.0,Card,Mr Price,Mr Price,Monster,Food
2026-01-23,-1309.0,Card,Lidl,Lidl Cork Cornmarket,Food,Food
2026-01-23,-258.0,Card,Lidl,Lidl Cork Cornmarket,Food,Food
2026-01-23,31162.0,Bank Transfer,Voodoo,Voodoo Rooms,Wages,Income
2026-01-24,-948.0,Card,Lidl,Lidl Kanturk,Food for home,Food
2026-01-24,-10554.0,Card,Spar,Aspel's Spar,Petrol,Petrol
2026-01-25,-300.0,Card,Lidl,Lidl Cork Cornmarket,Food,Food
2026-01-25,-1085.0,Card,Lidl,Lidl Cork Cornmarket,Food,Food
2026-01-25,-1930.0,Card,Eskimo's,Eskimo Pizza (North),Pizza + 2 dips,Food
2026-01-26,-1051.0,Card,Lidl,Lidl Cork Cornmarket,Food,Food
2026-01-26,-194.0,Card,Mr Price,Mr Price,monster,Food
2026-01-27,-245.00000000000003,Card,Lidl,Lidl Cork Cornmarket,Cookies,Food
2026-01-27,-24.0,Bank Transfer,BOI,,GOVT DUTY,BOI Fees
2026-01-27,-295.0,Card,Dinos,Dinos Blackpool,Food,Food
2026-01-27,-2112.0,Card,TC2000,,1 month subscription,Trading
2026-01-27,-42.0,Card,TC2000,,Convertion Fee,Trading
2026-01-27,-7190.000000000001,Card,The Perfume Shop,The Perfume Shop,2 prada l'homme,Personal
2026-01-27,-295.0,Card,Daybreak,Daybreak,Monster,Food
2026-01-28,-1248.0,Card,Lidl,Lidl Cork Cornmarket,Food,Food
2026-01-29,-1275.0,Card,Lidl,Lidl Cork Cornmarket,Food,Food
2026-01-30,-688.0,Card,Lidl,Lidl Cork Cornmarket,Food,Food
2026-01-30,-600.0,Bank Transfer,BOI,,Maintaining account,BOI Fees
2026-01-30,-1110.0,Card,Tesco,Tesco Superstore,"Monster, 2 Mi Wadi",Food
2026-01-30,30082.0,Bank Transfer,Voodoo,Voodoo Rooms,Wages,Income
2026-01-30,-5000.0,Bank Transfer,Trading212,,€50 into brokerage account,Investing
2026-01-31,-866.0,Card,Lidl,Lidl Kanturk,"Pepsi Max, 2 pan du choclate",Food Non-Personal
2026-02-01,-1196.0,Card,Lidl,Lidl Cork Cornmarket,Food,Food
2026-02-01,-1930.0,Card,Eskimo's,Eskimo Pizza (North),Pizza + 2 dips,Food
2026-02-02,-1930.0,Card,Eskimo's,Eskimo Pizza (North),Pizza + 2 dips,Food
2026-02-02,-836.9999999999999,Card,Lidl,Lidl Cork Cornmarket,Food,Food
2026-02-02,-5088.0,Card,Topstep,,Topstep Combine New Account,Trading
2026-02-02,-102.0,Bank Transfer,BOI,,Convertion Fee,Trading
2026-02-03,-459.99999999999994,Card,Tesco,Tesco Superstore,"Monster, 2 Mi Wadi",Food
2026-02-03,-876.0,Card,Lidl,Lidl Cork Cornmarket,Food,Food
2026-02-04,-1196.0,Card,Lidl,Lidl Cork Cornmarket,Food,Food
2026-02-05,-1125.0,Card,Lidl,Lidl Cork Cornmarket,Food,Food
2026-02-06,39934.0,Bank Transfer,Voodoo,Voodoo Rooms,Wages,Income
2026-02-06,-5000.0,Bank Transfer,Trading212,,€50 into brokerage account,Investing
2026-02-07,-1772.0,Card,Lidl,Lidl Kanturk,Food for home,Food Non-Personal
2026-02-09,-394.0,Card,Lidl,Lidl Cork Cornmarket,Food,Food
2026-02-10,-724.0,Card,Lidl,Lidl Cork Cornmarket,Food,Food
2026-02-10,-245.00000000000003,Card,Lidl,Lidl Cork Cornmarket,Food,Food
2026-02-10,-373.0,Card,Mr Price,Mr Price,"Monster, tayto's",Food
2026-02-11,-883.0,Card,Lidl,Lidl Cork Cornmarket,Food,Food
2026-02-11,-395.0,Card,Daybreak,Daybreak,Chewing gum,Food
2026-02-12,-982.0,Card,Lidl,Lidl Cork Cornmarket,Food,Food
2026-02-12,-194.0,Card,Mr Price,Mr Price,Monster,Food
2026-02-12,21000.0,Bank Transfer,Revolut,,IBKR -> Revolut,Trading
2026-02-13,35559.0,Bank Transfer,Voodoo,Voodoo Rooms,Wages,Income
2026-02-13,-5000.0,Bank Transfer,Trading212,,€50 into brokerage account,Investing
2026-02-13,-1063.0,Card,Lidl,Lidl Cork Cornmarket,Food,Food
2026-02-13,-393.0,Card,Mr Price,Mr Price,"Monster, tayto's",Food
2026-02-14,-1839.0,Card,TradingView,,Monthly subscription,Trading
2026-02-14,-1784.0,Card,Lidl,Lidl Kanturk,Food for home,Food Non-Personal
2026-02-16,-1261.0,Card,Lidl,Lidl Cork Cornmarket,Food,Food
2026-02-16,-2170.0,Card,Eskimo's,Eskimo Pizza (North),Pizza + 2 dips + Coke,Food
2026-02-17,-2017.0000000000002,Card,Lidl,Lidl Cork Cornmarket,Food,Food
2026-02-18,-443.0,Card,Mr Price,Mr Price,"Tayto's, monster",Food
2026-02-18,-1171.0,Card,Lidl,Lidl Cork Cornmarket,Food,Food
2026-02-19,-966.0,Card,Lidl,Lidl Cork Cornmarket,Food,Food
2026-02-19,-2500.0,Card,City Barbers,City barbers,Haircut,Personal
2026-02-20,39202.0,Bank Transfer,Voodoo,Voodoo Rooms,Wages,Income
2026-02-20,-5000.0,Bank Transfer,Trading212,,€50 into brokerage account,Investing
2026-02-20,-15000.0,Card,Mick Murphy,Mick Murphy Menswear,Work Shoes,Clothes
2026-02-20,-808.0,Card,Lidl,Lidl Cork Cornmarket,Food,Food
2026-02-20,-373.0,Card,Mr Price,Mr Price,"Tayto's, Monster",Food
2026-02-22,-1930.0,Card,Eskimo's,Eskimo Pizza (North),Pizza + 2 dips ,Food
2026-02-22,-709.0,Card,Lidl,Lidl Cork Cornmarket,Food,Food
2026-02-23,-1078.0,Card,Chemist Warhouse,Chemist Warehouse Cornmarket,"Shampoo, mouthwash",Personal
2026-02-23,-709.0,Card,Lidl,Lidl Cork Cornmarket,Food,Food
2026-02-23,-1310.0,Card,Tesco,Tesco Superstore,Mi Wadi * 2,Food
2026-02-24,-16099.0,Bank Transfer,Electric Ireland,,Electricity Bill,Household
2026-02-24,-1195.0,Card,Irish Rail,Kent Station,"Going home to put in sawdust, down by train",Transport
2026-02-25,-1137.0,Card,Lidl,Lidl Cork Cornmarket,Food,Food
2026-02-26,-1318.0,Card,Lidl,Lidl Cork Cornmarket,Food,Food
2026-02-27,25296.0,Bank Transfer,Voodoo,Voodoo Rooms,Wages,Income
2026-02-27,-5000.0,Bank Transfer,Trading212,,€50 into brokerage account,Investing
2026-02-27,-600.0,Bank Transfer,BOI,,Maintaining account,BOI Fees
2026-02-27,-1033.0,Card,Lidl,Lidl Cork Cornmarket,Food,Food
2026-02-28,-369.0,Card,Shop,Kent Station,Sweets,Food
2026-02-28,-1195.0,Card,Irish Rail,Kent Station,"Train ticket, Banteer",Transport
2026-03-01,-1165.0,Card,Irish Rail,Kent Station,"Train ticket, Banteer",Transport
2026-03-02,-838.0000000000001,Card,Lidl,Lidl Cork Cornmarket,Food,Food
2026-03-02,-249.00000000000003,Card,Costco,Costcutter,Sweets,Food
2026-03-02,-2025.0,Card,Mc Donalds,McDonald's,Food,Food
2026-03-03,-897.0000000000001,Card,Lidl,Lidl Cork Cornmarket,Food,Food
2026-03-04,-194.0,Card,Mr Price,Mr Price,Monster,Food
2026-03-04,-1181.0,Card,Lidl,Lidl Cork Cornmarket,Food,Food
2026-03-05,-5228.0,Card,TopStep ,,Combine subscription,Trading
2026-03-05,-105.0,Bank Transfer,BOI,,"$ -> € fee, for topstep",Trading
2026-03-05,-1046.0,Card,Lidl,Lidl Cork Cornmarket,Food,Food
2026-03-05,-194.0,Card,Mr Price,Mr Price,Monster,Food
2026-03-06,25780.0,Bank Transfer,Voodoo,Voodoo Rooms,Wages,Income
2026-03-06,-5000.0,Bank Transfer,Trading212,,€50 into brokerage account,Investing
2026-03-06,-194.0,Card,Mr Price,Mr Price,Monster,Food
2026-03-06,-739.0,Card,Lidl,Lidl Cork Cornmarket,Food,Food
2026-03-06,-1930.0,Card,Eskimo's,Eskimo Pizza (North),Pizza + 2 dips ,Food
2026-03-07,-1134.0,Card,Lidl,Lidl Kanturk,Cat lick sticks * 6,Food Non-Personal
2026-03-07,-395.0,Card,Spar,Aspel's Spar,Latte,Mumsie
2026-03-07,-1165.0,Card,Irish Rail,Kent Station,"Train ticket, Banteer",Transport
2026-03-07,-4750.0,Card,Lidl,Lidl Kanturk,"Soup, chowder, rolls, chicen tikka, pepsi max, club orange",Food Non-Personal
2026-03-08,-194.0,Card,Mr Price,Mr Price,Monster,Food
2026-03-08,-739.0,Card,Lidl,Lidl Cork Cornmarket,Food,Food
2026-03-09,-773.0,Card,Lidl,Lidl Cork Cornmarket,Food,Food
2026-03-10,-484.0,Card,Lidl,Lidl Cork Cornmarket,Food,Food
2026-03-10,-650.0,Card,Centra,Centra,"Sweets, choclate bar",Food
2026-03-11,-558.0,Card,Lidl,Lidl Cork Cornmarket,"Cookies, kinder bars",Food
2026-03-11,-1081.0,Card,Lidl,Lidl Cork Cornmarket,Food,Food
2026-03-11,-650.0,Card,Tesco,Tesco Superstore,Mi Wadi * 2,Food
2026-03-12,-802.0,Card,Lidl,Lidl Cork Cornmarket,Food,Food
2026-03-12,-194.0,Card,Mr Price,Mr Price,Monster,Food
2026-03-13,20863.0,Bank Transfer,Voodoo,Voodoo Rooms,Wages,Income
2026-03-13,-1449.0,Card,Lidl,Lidl Cork Cornmarket,Food,Food
2026-03-14,-5000.0,Card,,Newmarket,Account -> Cash,Null
2026-03-14,-1165.0,Card,Irish Rail,Kent Station,"Train ticket, Banteer",Transport
2026-03-14,-1839.0,Card,TradingView,,Subscription,Trading
2026-03-14,-25000.0,Card,,Newmarket,Account -> Cash,Null
2026-03-15,-1021.0000000000001,Card,Lidl,Lidl Cork Cornmarket,Food,Food
2026-03-16,-872.0000000000001,Card,Lidl,Lidl Cork Cornmarket,Food,Food
2026-03-17,-570.0,Card,Lidl,Lidl Cork Cornmarket,Food,Food
2026-03-18,-1152.0,Card,Lidl,Lidl Cork Cornmarket,Food,Food
2026-03-19,-947.0000000000001,Card,Lidl,Lidl Cork Cornmarket,Food,Food
2026-03-20,-872.0000000000001,Card,Lidl,Lidl Cork Cornmarket,Food,Food
2026-03-20,-1930.0,Card,Eskimo's,Eskimo Pizza (North),Pizza + 2 dips ,Food
2026-03-20,57637.0,Bank Transfer,Voodoo,Voodoo Rooms,Wages,Income
2026-03-20,-70000.0,Card,BOI,Bank of Ireland Workbench,Account -> Cash,Null
2026-03-21,-1165.0,Card,Irish Rail,Kent Station,"Train tciket, Banteer",Transport
2026-03-22,-739.0,Card,Lidl,Lidl Cork Cornmarket,Food,Food
2026-03-23,-239.0,Card,Lidl,Lidl Cork Cornmarket,Food,Food
2026-03-24,-1017.0,Card,Lidl,Lidl Cork Cornmarket,Food,Food
2026-03-24,-384.0,Card,Lidl,Lidl Cork Cornmarket,Food for Denis,Denis
2026-03-24,-1894.0000000000002,Card,Lidl,Lidl Cork Cornmarket,Food,Food
2026-03-25,-298.0,Card,Lidl,Lidl Cork Cornmarket,Food,Food
2026-03-26,-70000.0,Card,BOI,Bank of Ireland Workbench,Account -> Cash,Null
2026-03-26,-830.0000000000001,Card,Lidl,Lidl Cork Cornmarket,Food,Food
2026-03-27,-5000.0,Card,Mumsie,,Dogs.ie add,Mumsie
2026-03-27,33214.0,Bank Transfer,Voodoo,Voodoo Rooms,Wages,Income
2026-03-27,-926.0,Card,Lidl,Lidl Cork Cornmarket,Food,Food
2026-03-27,-24000.0,Card,BOI,Bank of Ireland Workbench,Account -> Cash,Null
2026-03-28,-5000.0,Card,Mumsie,,Dogs.ie add,Mumsie
2026-03-28,-487.0,Card,Lidl,Lidl Cork Cornmarket,Food,Food
2026-03-29,-1930.0,Card,Eskimo's,Eskimo Pizza (North),Pizza + 2 dips ,Food
2026-03-30,-908.0,Card,Lidl,Lidl Cork Cornmarket,Food,Food
2026-03-30,-295.0,Card,Daybreak,Daybreak,Monster,Food
2026-03-31,-8000.0,Card,BOI,Bank of Ireland Workbench,Account -> Cash,Null
2026-03-31,-600.0,Bank Transfer,BOI,,Maintaining account,BOI Fees
2026-03-31,-624.0,Card,Lidl,Lidl Cork Cornmarket,Food,Food
2026-04-01,-1052.0,Card,Lidl,Lidl Cork Cornmarket,Food,Food
2026-04-02,-1102.0,Card,Lidl,Lidl Cork Cornmarket,Food,Food
2026-04-03,-1121.0,Card,Lidl,Lidl Cork Cornmarket,Food,Food
2026-04-03,22889.0,Bank Transfer,Voodoo,Voodoo Rooms,Wages,Income
2026-04-04,-1165.0,Card,Irish Rail,Kent Station,"Train ticket, Banteer",Transport
2026-04-05,-524.0,Card,Lidl,Lidl Cork Cornmarket,Food,Food
2026-04-05,-295.0,Card,Daybreak,Daybreak,Monster,Food
2026-04-05,-998.0,Card,Chemist Warehouse,Chemist Warehouse Cornmarket,"Toothpaste, deodrant",Personal
2026-04-06,-538.0,Card,Lidl,Lidl Cork Cornmarket,Food,Food
2026-04-06,-329.0,Card,Lidl,Lidl Cork Cornmarket,Food,Food
2026-04-06,-235.0,Card,Tesco,Tesco Superstore,"Monster, 2*mi wadi",Food
2026-04-07,-773.0,Card,Lidl,Lidl Cork Cornmarket,Food,Food
2026-04-07,-712.0,Card,Lidl,Lidl Cork Cornmarket,Food,Food
2026-04-07,-218.00000000000003,Card,Lidl,Lidl Cork Cornmarket,Food,Food
2026-04-08,-801.0,Card,Lidl,Lidl Cork Cornmarket,Food,Food
2026-04-09,-218.00000000000003,Card,Lidl,Lidl Cork Cornmarket,Food,Food
2026-04-09,-753.0,Card,Lidl,Lidl Cork Cornmarket,Food,Food
2026-04-10,45666.0,Bank Transfer,Voodoo,Voodoo Rooms,Wages,Income
2026-04-10,-5000.0,Bank Transfer,Trading212,,€50 into brokerage account,Investing
2026-04-10,-1126.0,Card,Lidl,Lidl Cork Cornmarket,Food,Food
2026-04-11,-218.00000000000003,Card,Lidl,Lidl Cork Cornmarket,Food,Food
2026-04-11,-882.0,Card,Lidl,Lidl Cork Cornmarket,Food,Food
2026-04-12,-1165.0,Card,Irish Rail,Kent Station,"Train ticket, Banteer",Transport
2026-04-12,-369.0,Card,Kent Station,Kent Station,Sweets,Food
2026-04-13,10000.0,Bank Transfer,Mumsie,,Labour,Mumsie
2026-04-13,-539.0,Card,Lidl,Lidl Kanturk,"Cloudy apple juice, mints, chewing gum",Food
2026-04-13,-718.0,Card,Lidl,Lidl Cork Cornmarket,Food,Food
2026-04-14,-1839.0,Card,TradingView,,TradingView subscription,Trading
2026-04-14,-1332.0,Card,Lidl,Lidl Cork Cornmarket,Food,Food
2026-04-14,-1803.0,Card,Lidl,Lidl Cork Cornmarket,Burger stuff,Food
2026-04-15,-382.0,Card,Lidl,Lidl Cork Cornmarket,Food,Food
2026-04-15,-194.0,Card,Mr Price,Mr Price,Monster,Food
2026-04-16,-1109.0,Card,Lidl,Lidl Cork Cornmarket,Food,Food
2026-04-16,-650.0,Card,Tesco,Tesco Superstore,2 * Mi wadi,Food
2026-04-17,40810.0,Bank Transfer,Voodoo,Voodoo Rooms,Wages,Income
2026-04-17,-5000.0,Bank Transfer,Trading212,,€50 into brokerage account,Investing
2026-04-17,-42410.0,Card,One Option,,Chat Room 1 Year,Trading
2026-04-17,-657.0,Card,Lidl,Lidl Cork Cornmarket,Food,Food
2026-04-18,-1165.0,Card,Irish Rail,Kent Station,"Train ticket, Banteer",Transport
2026-04-18,-848.0,Bank Transfer,BOI,,Convertion Fee,BOI Fees
2026-04-19,-1165.0,Card,Irish Rail,Kent Station,"Train ticket, Banteer",Transport
2026-04-20,-838.0000000000001,Card,Lidl,Lidl Cork Cornmarket,Food,Food
2026-04-20,-15000.0,Card,Revolut,,Account -> Revolut -> IBKR,Trading
2026-04-21,-538.0,Card,Lidl,Lidl Cork Cornmarket,Food,Food
2026-04-21,-218.00000000000003,Card,Lidl,Lidl Cork Cornmarket,Food,Food
2026-04-22,-538.0,Card,Lidl,Lidl Cork Cornmarket,Food,Food
2026-04-22,-470.0,Card,Lidl,Lidl Cork Cornmarket,Food,Food
2026-04-23,-817.0,Card,Lidl,Lidl Cork Cornmarket,Food,Food
2026-04-23,-403.0,Card,Lidl,Lidl Cork Cornmarket,Food,Food
2026-04-23,-628.0,Card,Chemist Warehouse,Chemist Warehouse Cornmarket,"Sampoo, floss",Personal
2026-04-23,-1930.0,Card,Eskimo's,Eskimo Pizza (North),Pizza + 2 dips ,Food
2026-04-24,-1032.0,Card,Lidl,Lidl Cork Cornmarket,Food,Food
2026-04-24,21672.0,Bank Transfer,Voodoo,Voodoo Rooms,Wages,Income
2026-04-24,-1705.9999999999998,Card,Apex Trader Funding,,Eval 25K,Trading
2026-04-24,-34.0,Bank Transfer,BOI,,Convertion Fee,BOI Fees
2026-04-25,-1035.0,Card,Lidl,Lidl Cork Cornmarket,Food,Food
2026-04-25,-218.00000000000003,Card,Lidl,Lidl Cork Cornmarket,Food,Food
2026-04-25,-394.0,Card,Lidl,Lidl Cork Cornmarket,Food,Food
2026-04-27,-199.0,Card,Mr Price ,Mr Price,Monster,Food
2026-04-27,-400.0,Card,Tesco,Tesco Superstore,Mi Wadi * 2,Food
2026-04-27,-1430.0,Card,Lidl,Lidl Cork Cornmarket,Food,Food
2026-04-27,-923.0,Card,Lidl,Lidl Cork Cornmarket,Burger Stuff,Food
2026-04-28,-14809.0,Bank Transfer,Electric Ireland,,Direct debit bill,Household
2026-04-28,-1151.0,Card,Lidl,Lidl Cork Cornmarket,Food,Food
2026-04-28,-245.00000000000003,Card,Lidl,Lidl Cork Cornmarket,Cookies,Food
2026-04-29,-892.0,Card,Lidl,Lidl Cork Cornmarket,Food,Food
2026-04-29,-300.0,Card,Lidl,Lidl Cork Cornmarket,3 * Toffee Yum yum,Food
2026-04-30,-988.0000000000001,Card,Lidl,Lidl Cork Cornmarket,Food,Food
2026-04-30,-98.0,Card,Lidl,Lidl Cork Cornmarket,Food,Food
2026-04-30,17002.0,Bank Transfer,Voodoo,Voodoo Rooms,Wages,Income
2026-04-30,-600.0,Bank Transfer,BOI,,Maintaining account,BOI Fees
2026-05-01,-1237.0,Card,Lidl,Lidl Cork Cornmarket,Food,Food
2026-05-01,-2345.0,Card,Mr Price,Mr Price,"Cleaning stuff, tablets for washing",Household
2026-05-01,20000.0,Bank Transfer,Denis,,Money given back,Denis
2026-05-01,-5000.0,Bank Transfer,Trading212,,€50 into brokerage account,Investing
2026-05-02,-3665.0,Card,Dinos,Dinos Blackpool,"2 * breast bun meal, 2 curry, chicken strips",Food
2026-05-02,-1930.0,Card,Eskimo's,Eskimo Pizza (North),Pizza + 2 dips ,Food
2026-05-02,-753.0,Card,Lidl,Lidl Cork Cornmarket,Food,Food
2026-05-02,-254.99999999999997,Card,Daybreak,Daybreak,Club Orange,Food
2026-05-03,-620.0,Card,Centra,Aspel's Centra,"Latte, sweets",Food
2026-05-03,-1165.0,Card,Irish Rail,Kent Station,"Train ticket, Banteer",Transport
2026-05-03,-195.0,Card,Caseys,Freemount,Spuds,Food
2026-05-04,-790.0,Card,SuperMacs,Supermac's & Papa John's Mallow,2 * hot choclate muffin,Food
2026-05-04,-495.0,Card,Irish Rail,Kent Station,"Train ticket, Mallow",Transport
2026-05-04,-545.0,Card,Macs Place,Supermac's & Papa John's Mallow,"Pepsi Max, wispa bars",Food
2026-05-05,-1415.0,Card,Lidl,Lidl Cork Cornmarket,Food,Food
2026-05-05,-245.00000000000003,Card,Lidl,Lidl Cork Cornmarket,Cookies,Food
2026-05-06,-1253.0,Card,Lidl,Lidl Cork Cornmarket,Food,Food
2026-05-06,-683.0,Card,Lidl,Lidl Cork Cornmarket,Food,Food
2026-05-07,-1540.0,Card,Lidl,Lidl Cork Cornmarket,Food,Food
2026-05-07,-295.0,Card,Daybreak,Daybreak,Monster,Food
2026-05-08,-1739.9999999999998,Card,Lidl,Lidl Cork Cornmarket,Food,Food
2026-05-08,-792.0,Card,Mr Price,Mr Price,"Sweets, monster for sis",Food
2026-05-08,36572.0,Bank Transfer,Voodoo,Voodoo Rooms,Wages,Income
2026-05-08,-5000.0,Bank Transfer,Trading212,,€50 into brokerage account,Investing
2026-05-09,-4077.0000000000005,Card,Lidl,Lidl Kanturk,Food for home,Food Non-Personal
2026-05-09,-900.0,Card,Lidl,Lidl Kanturk,Food for home,Food Non-Personal
2026-05-10,-757.0,Card,Lidl,Lidl Cork Cornmarket,Food,Food
2026-05-10,-524.0,Card,Lidl,Lidl Cork Cornmarket,Food,Food
2026-05-11,-793.0,Card,Lidl,Lidl Cork Cornmarket,Food,Food
2026-05-12,-194.0,Card,Mr Price,Mr Price,Monster,Food
2026-05-12,-245.00000000000003,Card,Lidl,Lidl Cork Cornmarket,Cookies,Food
2026-05-12,-1252.0,Card,Lidl,Lidl Cork Cornmarket,Food,Food
2026-05-13,-1093.0,Card,Lidl,Lidl Cork Cornmarket,Food,Food
2026-05-13,-404.0,Card,Lidl,Lidl Cork Cornmarket,Food,Food
2026-05-14,-902.9999999999999,Card,Lidl,Lidl Cork Cornmarket,Food,Food
2026-05-14,-384.0,Card,Lidl,Lidl Cork Cornmarket,Food,Food
2026-05-14,-1839.0,Card,TradingView,,TradingView subscription,Trading
2026-05-15,32152.999999999996,Bank Transfer,Voodoo,Voodoo Rooms,Wages,Income
2026-05-15,-5000.0,Bank Transfer,Trading212,,€50 into brokerage account,Investing
2026-05-15,-1869.0000000000002,Card,Lidl,Lidl Cork Cornmarket,Food,Food
2026-05-15,-169.0,Card,Lidl,Lidl Cork Cornmarket,Food,Food
2026-05-15,-194.0,Card,Mr Price,Mr Price,Monster,Food
2026-05-16,-380.0,Card,Spar,Aspel's Centra,Latte for mumsie,Food Non-Personal
2026-05-16,-1195.0,Card,Irish Rail,Kent,Ticket to Banteer,Transport
2026-05-17,-495.0,Card,Irish Rail,Kent,Ticket to Mallow,Transport
2026-05-17,-275.0,Card,Centra,Aspel's Centra,Sweets,Food
2026-05-17,-38.0,Card,SuperValu,O'Keeffe's SuperValu Newmarket,Food,Food
2026-05-17,-450.0,Card,Mace,Hannon’s Mace/Maxol,Tayto's,Food
2026-05-18,-1165.0,Card,Irish Rail,Banteer,Train ticket to Kent,Transport
2026-05-18,-1035.0,Card,Lidl,Lidl Cork Cornmarket,Food,Food
2026-05-19,-710.0,Card,Lidl,Lidl Cork Cornmarket,Food,Food
2026-05-19,-300.0,Card,Lidl,Lidl Cork Cornmarket,Food,Food
2026-05-19,-194.0,Card,Mr Price,Mr Price,Monster,Food
2026-05-20,-667.0,Card,Lidl,Lidl Cork Cornmarket,Food,Food
2026-05-21,-4245.0,Card,Dinos,Dinos Blackpool,Food,Food
2026-05-22,28660.000000000004,Bank Transfer,Voodoo,Voodoo Rooms,Wages,Income
2026-05-22,-5000.0,Bank Transfer,Trading212,,€50 into brokerage account,Investing
2026-05-22,-667.0,Card,Lidl,Lidl Cork Cornmarket,Food,Food
2026-05-22,-194.0,Card,Mr Price,Mr Price,Monster,Food
2026-05-23,-495.0,Card,Irish Rail,Kent,Ticket to Mallow,Transport
2026-05-23,-960.0,Card,Centra,Aspel's Centra,"Coffee's, Monster",Food
2026-05-23,-299.0,Card,Costcutter,Costcutter,Coke,Food
2026-05-24,-1200.0,Card,Wok N Roll,Wok'n'Roll Grand Parade,Spice Cone,Food
2026-05-24,-1073.0,Card,Costcutter,Costcutter,Sweets,Food
2026-05-24,-667.0,Card,Lidl,Lidl Cork Cornmarket,Food,Food
2026-05-24,-257.0,Card,Lidl,Lidl Cork Cornmarket,Food,Food
2026-05-25,-534.0,Card,Costcutter,Costcutter,Sweets,Food
2026-05-25,-938.0000000000001,Card,Lidl,Lidl Cork Cornmarket,Food,Food
2026-05-26,-2149.0,Card,Apex Trader Funding,,1 month 25K Evaluation,Trading
2026-05-26,-43.0,Card,BOI,,FX Fee,BOI Fees
2026-05-26,-670.0,Card,Tesco,Tesco Superstore,2 * Mi Wadi,Food
2026-05-26,-956.0,Card,Lidl,Lidl Cork Cornmarket,Food,Food
2026-05-26,-459.0,Card,Lidl,Lidl Cork Cornmarket,Food,Food
2026-05-26,-700.0,Card,Costcutter,Costcutter,Sweets,Food
2026-05-27,-749.0,Card,Lidl,Lidl Cork Cornmarket,Food,Food
2026-05-27,-670.0,Card,Centra,Centra,Sweets,Food
2026-05-28,-218.00000000000003,Card,Lidl,Lidl Cork Cornmarket,Food,Food
2026-05-28,-590.0,Card,Lidl,Lidl Cork Cornmarket,Food,Food
2026-05-28,-570.0,Card,Lidl,Lidl Cork Cornmarket,Food,Food
2026-05-29,-245.00000000000003,Card,Lidl,Lidl Cork Cornmarket,Food,Food
2026-05-29,-877.0,Card,Lidl,Lidl Cork Cornmarket,Food,Food
2026-05-29,-600.0,Bank Transfer,BOI,,Maintaining account,BOI Fees
2026-05-29,-5000.0,Bank Transfer,Trading212,,€50 into brokerage account,Investing
2026-05-29,23661.0,Bank Transfer,Voodoo,Voodoo Rooms,Wages,Income
2026-05-30,-495.0,Card,Irish Rail,Kent,Train ticket to Mallow,Transport
2026-05-30,-850.0,Card,Aspels Spar,Aspel's Centra,"Coffee's, Monster",Food
2026-05-31,-495.0,Card,Irish Rail,Kent,Train ticket to Mallow,Transport
2026-05-31,-2200.0,Card,SuperValu,O'Keeffe's SuperValu Newmarket,"Guiness, pepsi maxx",Food Non-Personal
2026-05-31,-1165.0,Card,Irish Rail,Banteer,Train ticket to Cork,Transport
2026-06-01,-1316.0,Card,Lidl,Lidl Cork Cornmarket,Food,Food
2026-06-01,-245.00000000000003,Card,Lidl,Lidl Cork Cornmarket,Cookies,Food
2026-06-02,-1112.0,Card,Lidl,Lidl Cork Cornmarket,Food,Food
2026-06-03,-289.0,Card,Lidl,Lidl Cork Cornmarket,Food,Food
2026-06-03,-1177.0,Card,Lidl,Lidl Cork Cornmarket,Food,Food
2026-06-04,-1265.0,Card,Lidl,Lidl Cork Cornmarket,"Noodles, chicken, peppers, mushrooms, monster, BB sauce",Food
2026-06-05,61710.0,Bank Transfer,Voodoo,Voodoo Rooms,Wages,Income
2026-06-05,-5000.0,Bank Transfer,Trading212,,€50 into brokerage account,Investing
2026-06-05,50000.0,Bank Transfer,Denis,,Money back for plumber,Denis
2026-06-05,-2093.0,Card,Lidl,Lidl Cork Cornmarket,Food,Food
2026-06-05,-45000.0,Card,Trading212,,€450 into trading212 CFD account,Trading
2026-06-06,-469.00000000000006,Card,Lidl,Lidl Cork Cornmarket,Food,Food
2026-06-06,-923.0,Card,Lidl,Lidl Cork Cornmarket,Food,Food
2026-06-06,-1930.0,Card,Eskimo's,Eskimo Pizza (North),Pizza + 2 dips ,Food
2026-06-07,-4065.0,Card,Dogs.ie,Knockskehy,Bernese Add,Sheila
2026-06-07,-495.0,Card,Lidl,Lidl Cork Cornmarket,Food,Food
2026-06-08,-629.0,Card,Chemist Warehouse,Chemist Warehouse Cornmarket,Mouth wash,Personal
2026-06-08,-1460.0,Card,Lidl,Lidl Cork Cornmarket,Food,Food
2026-06-08,-195.0,Card,LiveCareer.com,,2 week CV editor,Personal Development
2026-06-09,-1559.0,Card,Lidl,Lidl Cork Cornmarket,Food,Food
2026-06-10,-1485.0,Card,Lidl,Lidl Cork Cornmarket,Food,Food
2026-06-10,-274.0,Card,Lidl,Lidl Cork Cornmarket,Food,Food
2026-06-11,-933.0,Card,Lidl,Lidl Cork Cornmarket,Food,Food
2026-06-12,41549.0,Bank Transfer,Voodoo,Voodoo Rooms,Wages,Income
2026-06-12,-5000.0,Bank Transfer,Trading212,,€50 into brokerage account,Investing
2026-06-12,-419.00000000000006,Card,Chemist Warehouse,Chemist Warehouse Cornmarket,Deodrant,Personal
2026-06-12,-1031.0,Card,Lidl,Lidl Cork Cornmarket,Food,Food
2026-06-13,-1506.0,Card,Lidl,Lidl Cork Cornmarket,Food,Food
2026-06-14,-495.0,Card,Irish Rail,Kent,Train Ticket to mallow,Transport
2026-06-14,-9674.0,Card,Lidl,Lidl Kanturk,Food for home,Food Non-Personal
2026-06-14,-1839.0,Card,Trading View,,1 month subscription,Trading
2026-06-15,-1236.0,Card,Lidl,Lidl Cork Cornmarket,Food,Food
2026-06-15,-1722.0,Card,Apex Trader Funding,,1 month 25k eval,Trading
2026-06-15,-34.0,Bank Transfer,BOI,,Convertion Fee,BOI Fees
2026-06-15,-700.0,Card,Tesco,Tesco Superstore,Hay for squirells,Denis
2026-06-16,-1410.0,Card,Lidl,Lidl Cork Cornmarket,Food,Food
2026-06-16,-646.0,Card,Lidl,Lidl Cork Cornmarket,Food,Food
2026-06-17,-990.0,Card,Lidl,Lidl Cork Cornmarket,Food,Food
2026-06-17,-916.0,Card,Lidl,Lidl Cork Cornmarket,Food,Food
2026-06-18,-732.0,Card,Lidl,Lidl Cork Cornmarket,Food,Food
2026-06-19,-295.0,Card,Daybreak,Daybreak,Monster,Food
2026-06-19,-732.0,Card,Lidl,Lidl Cork Cornmarket,Food,Food
2026-06-19,30975.0,Bank Transfer,Voodoo,Voodoo Rooms,Wages,Income
2026-06-20,-2306.0,Card,Lidl,Lidl Kanturk,Food,Food Non-Personal
2026-06-20,-380.0,Card,Centa,Aspel's Centra,Latte,Food Non-Personal
2026-06-21,-495.0,Card,Irish Rail,Kent,train ticket mallow,Transport
2026-06-22,-1086.0,Card,Lidl,Lidl Cork Cornmarket,Food,Food
2026-06-22,-194.0,Card,Mr Price,Mr Price,Monster,Food
2026-06-22,-1680.0,Card,Eskimo's,Eskimo Pizza (North),Pizza + 2 dips ,Food
2026-06-23,-867.0,Card,Lidl,Lidl Cork Cornmarket,Food,Food
2026-06-23,-957.0,Card,Costcutter,Costcutter,Sweets,Food
2026-06-23,-1743.0,Card,Apex Trader Funding,,Eval 25K,Trading
2026-06-23,-35.0,Card,BOI,,FX Fee,Trading
2026-06-24,-264.0,Card,Mr Price,Mr Price,Sweets,Food
2026-06-24,-1032.0,Card,Lidl,Lidl Cork Cornmarket,Food,Food
2026-06-25,-1757.0,Card,Apex Trader Funding,,Eval 25K,Trading
2026-06-25,-35.0,Card,BOI,,FX Fee,Trading
2026-06-25,-1611.0,Card,Lidl,Lidl Cork Cornmarket,Food,Food
2026-06-26,-1052.0,Card,Lidl,Lidl Cork Cornmarket,Food,Food
2026-06-26,30648.0,Bank Transfer,Voodoo,Voodoo Rooms,Wages,Income
2026-06-26,-10000.0,Bank Transfer,Trading212,,€100 into brokerage account,Investing
2026-06-26,-14254.0,Bank Transfer,Electric Ireland,,ESB bill,Household
2026-06-27,-495.0,Card,Irish Rail,Kent,"Train ticker, cork -> mallow",Transport
2026-06-27,-495.0,Card,Irish Rail,Kent,"Train ticker, mallow->cork",Transport
2026-06-27,-330.0,Card,Shop,Supermac's & Papa John's Mallow,"Pepsi Max, Latte",Food
2026-06-27,-790.0,Card,Supermacs,Supermac's & Papa John's Mallow,2 hot choclate muffin,Food
2026-06-28,-1202.0,Card,Lidl,Lidl Cork Cornmarket,Food,Food
2026-06-29,-300.0,Card,Centa,Centra,bread,Food
2026-06-30,-712.0,Card,Lidl,Lidl Cork Cornmarket,Food,Food
2026-06-30,-35.0,Card,BOI,,FX Fee,Trading
2026-06-30,-600.0,Bank Transfer,BOI,,Maintaining account,BOI Fees
2026-06-30,-1748.9999999999998,Card,Apex Trader Funding,,Eval 25K,Trading
2026-07-01,-783.0,Card,Lidl,Lidl Cork Cornmarket,Food,Food
2026-07-02,-664.0,Card,Lidl,Lidl Cork Cornmarket,Food,Food
2026-07-02,-808.0,Card,Lidl,Lidl Cork Cornmarket,Food,Food
2026-07-02,-320.0,Card,Tesco,Tesco Superstore,Club Lemon 4 pack,Food
2026-07-03,27714.0,Bank Transfer,Voodoo,Voodoo Rooms,Wages,Income
2026-07-03,-5000.0,Bank Transfer,Trading212,,€50 into brokerage account,Investing
2026-07-03,-388.0,Card,Lidl,Lidl Cork Cornmarket,Food,Food
2026-07-04,-495.0,Card,Irish Rail,Kent,Train ticket Cork -> Mallow,Transport
2026-07-06,-1500.0,Card,Eskimo's,Eskimo Pizza (North),Pizza + 2 dips ,Food
2026-07-06,-198.0,Card,Lidl,Lidl Cork Cornmarket,Food,Food
2026-07-06,-638.0,Card,Lidl,Lidl Cork Cornmarket,Food,Food
2026-07-07,-673.0,Card,Costcutter,Costcutter,Sweets,Food
2026-07-08,-323.0,Card,Lidl,Lidl Cork Cornmarket,Food,Food
2026-07-08,-1861.0,Card,Lidl,Lidl Cork Cornmarket,Food,Food
2026-07-09,-519.0,Card,Lidl,Lidl Cork Cornmarket,Food,Food
2026-07-10,44891.0,Bank Transfer,Voodoo,Voodoo Rooms,Wages,Income
2026-07-10,-5000.0,Bank Transfer,Trading212,,€50 into brokerage account,Investing
2026-07-10,-473.00000000000006,Card,Lidl,Lidl Cork Cornmarket,Food,Food
2026-07-11,-495.0,Card,Irish Rail,Kent,"Train ticker, cork -> mallow",Transport
2026-07-11,-495.0,Card,Irish Rail,Kent,"Train ticker, mallow->cork",Transport
2026-07-12,-1750.0,Card,Eskimo's,Eskimo Pizza (North),Pizza + 2 dips ,Food
2026-07-12,-1402.0,Card,Lidl,Lidl Cork Cornmarket,Food,Food
2026-07-12,-275.0,Card,Centa,Centra,drink,Food
2026-07-13,-540.0,Card,Costcutter,Costcutter,Sweets,Food
2026-07-14,-558.0,Card,Lidl,Lidl Cork Cornmarket,Food,Food
2026-07-15,-1702.0,Card,Lidl,Lidl Cork Cornmarket,Food,Food
2026-07-16,-275.0,Card,Centa,Centra,drink,Food
2026-07-16,-737.0,Card,Lidl,Lidl Cork Cornmarket,Food,Food
2026-07-16,-1995.0,Card,Live Career,,CV,Personal Development
2026-07-17,24181.0,Bank Transfer,Voodoo,Voodoo Rooms,Wages,Income
2026-07-17,-5000.0,Bank Transfer,Trading212,,€50 into brokerage account,Investing
2026-07-17,-742.0,Card,Lidl,Lidl Cork Cornmarket,Food,Food
2026-07-18,-495.0,Card,Irish Rail,Kent,Train ticket,Transport
2026-07-18,-1165.0,Card,Irish Rail,Banteer,Train Ticket,Transport
2026-07-18,-430.0,Card,Johns Bridge,Freemount,Food,Food
2026-07-19,-494.00000000000006,Card,Lidl,Lidl Cork Cornmarket,Food,Food
2026-07-19,-653.0,Card,Lidl,Lidl Cork Cornmarket,Food,Food
2026-07-19,-275.0,Card,Centra,Centra,Drink,Food
2026-07-19,-1930.0,Card,Eskimo's,Eskimo Pizza (North),Pizza + 2 dips ,Food
2026-07-20,-942.0,Card,Lidl,Lidl Cork Cornmarket,Food,Food
2026-07-20,-393.0,Card,Mr Price,Mr Price,Sweets,Food
2026-07-21,-1680.0,Card,Eskimo's,Eskimo Pizza (North),Pizza + 2 dips,Food
2026-07-21,-194.0,Card,Mr Price,Mr Price,Sweets,Food
2026-07-21,-614.0,Card,Lidl,Lidl Cork Cornmarket,Food,Food
2026-07-21,-404.0,Card,Lidl,Lidl Cork Cornmarket,Food,Food
2026-07-22,-1027.0,Card,Lidl,Lidl Cork Cornmarket,Food,Food
2026-07-23,-295.0,Card,Daybreak,Daybreak,Monster,Food
2026-07-23,-974.0,Card,Lidl,Lidl Cork Cornmarket,Food,Food
2026-07-23,-653.0,Card,Lidl,Lidl Cork Cornmarket,Food,Food
2026-07-24,-5000.0,Bank Transfer,Trading212,,€50 into brokerage account,Investing
2026-07-24,34491.0,Bank Transfer,Voodoo,Voodoo Rooms,Wages,Income
2026-07-24,-818.0,Card,Lidl,Lidl Cork Cornmarket,Food,Food
2026-07-25,-1165.0,Card,Irish Rail,Banteer,Train ticket,Transport
2026-07-25,-495.0,Card,Irish Rail,Kent,Train ticket,Transport
2026-07-26,-1165.0,Card,Irish Rail,Kent,Train ticket,Transport
2026-07-27,-2011.0,Card,Lidl,Lidl Cork Cornmarket,Food,Food
2026-07-27,-898.0,Card,Lidl,Lidl Cork Cornmarket,Food,Food
2026-07-28,-1017.0,Card,Lidl,Lidl Cork Cornmarket,Food,Food
2026-07-28,-739.0,Card,Lidl,Lidl Cork Cornmarket,Food,Food
2026-07-29,-1215.0,Card,Lidl,Lidl Cork Cornmarket,Food,Food
2026-07-29,-194.0,Card,Mr Price,Mr Price,Monster,Food
2026-07-30,-1376.0,Card,Lidl,Lidl Cork Cornmarket,Food,Food
2026-07-30,-1750.0,Card,Apex Trader Funding,,25K Eval,Trading
2026-07-30,-35.0,Card,BOI,,FX Fee,Trading
2026-07-31,-1128.0,Card,Lidl,Lidl Cork Cornmarket,Food,Food
2026-07-31,24085.0,Bank Transfer,Voodoo,Voodoo Rooms,Wages,Income
2026-07-31,-5000.0,Bank Transfer,Trading212,,€50 into brokerage account,Investing
2026-07-31,-600.0,Bank Transfer,BOI,,Maintaining account,BOI Fees
2026-08-01,-495.0,Card,Irish Rail,Banteer,Train ticket,Transport
2026-08-01,-1165.0,Card,Irish Rail,Kent,Train ticket,Transport
2026-08-02,-495.0,Card,Irish Rail,Kent,Train ticket,Transport
2026-08-02,-2359.0,Card,Lidl,Lidl Kanturk,Food for home,Food Non-Personal
2026-08-03,-1364.0,Card,Lidl,Lidl Cork Cornmarket,Food,Food
2026-08-03,-759.0,Card,Lidl,Lidl Cork Cornmarket,Food,Food
2026-08-03,-194.0,Card,Mr Price,Mr Price,monster,Food
2026-08-04,-1362.0,Card,Lidl,Lidl Cork Cornmarket,Food,Food
2026-08-04,-275.0,Card,CostCutter,Costcutter,Drink,Food
2026-08-05,-1123.0,Card,CostCutter,Costcutter,food,Food
2026-08-05,-1097.0,Card,Lidl,Lidl Cork Cornmarket,Food,Food
2026-08-05,-2127.0,Card,Chemist Warehouse,Chemist Warehouse Cornmarket,"tooth brush heads, soup moisturizer",Personal
2026-08-05,-295.0,Card,Daybreak,Daybreak,Monster,Food
