Date,Total Balance,Cash Balance,Account Balance,Amount,Payment Method,Shop/Person,Location,Description,Category,Unnamed: 10,Unnamed: 11,Unnamed: 12,Unnamed: 13,Start Date,End Date,Hours,Net Pay,Payslip,Unnamed: 19,Start Date.1,End Date.1,Rent,Paid/ Unpaid
26-Aug-2024,4478.71,120,4358.71,-65.0,Card,Sports Store,Central Sports Stores,Black Shoes,Clothes,,Account Balance,2317.96,,29-Aug-2024,4-Sep-2024,5.5,37.55,Payslip 2410 (06-09-2024).pdf,,1-Sep-2024,7-Sep-2024,60.0,Paid
27-Aug-2024,7478.71,120,7358.71,3000.0,Cheque,Dadsie,Knockskehy,,Dadsie,,Cash Balance,1850.0,,5-Sep-2024,11-Sep-2024,20.5,339.24,Payslip 2410 (13-09-2024).pdf,,8-Sep-2024,14-Sep-2024,60.0,Paid
27-Aug-2024,7457.16,120,7337.16,-21.55,Card,Supervalu,O'Keeffe's SuperValu Newmarket,Food,Food,,Total Balance,4167.96,,12-Sep-2024,18-Sep-2024,13.5,193.39,Payslip 2410 (20-09-2024).pdf,,15-Sep-2024,21-Sep-2024,60.0,Paid
30-Aug-2024,7553.16,120,7433.16,96.0,Bank Transfer,Old Oak,Old Oak,Wages,Income,,,,,19-Sep-2024,25-Sep-2024,7.5,113.27,Payslip 2410 (27-09-2024).pdf,,22-Sep-2024,28-Sep-2024,60.0,Paid
30-Aug-2024,7509.16,120,7389.16,-44.0,Card,Pennys,Penneys,2 cargo pants,Clothes,,Unpaid Rent,1520.0,,26-Sep-2024,2-Oct-2024,7.5,112.94,Payslip 2410 (04-10-2024).pdf,,29-Sep-2024,5-Oct-2024,60.0,Paid
30-Aug-2024,7488.71,120,7368.71,-20.45,Card,Dinos,Dinos,Takeaway,Impulsive Food,,,,,3-Oct-2024,9-Oct-2024,11.5,165.39,Payslip 2410 (11-10-2024).pdf,,6-Oct-2024,12-Oct-2024,60.0,Paid
30-Aug-2024,7364.75,120,7244.75,-123.96,Card,Amazon,,"Toothbrush, tongue scraper, bouner gear",Personal,,Michaels Owes,0.0,,10-Oct-2024,16-Oct-2024,12.0,182.77,Payslip 2410 (18-10-2024).pdf,,13-Oct-2024,19-Oct-2024,60.0,Paid
2-Sep-2024,7343.15,120,7223.15,-21.6,Card,Wok N Roll,Wok'n'Roll Grand Parade,Spice Bag,Impulsive Food,,Denis Owes,0.0,,17-Oct-2024,23-Oct-2024,15.0,236.67,Payslip 2410 (25-10-2024).pdf,,20-Oct-2024,26-Oct-2024,60.0,Paid
9-Sep-2024,7335.8,120,7215.8,-7.35,Card,Tesco,Tesco Superstore,Food,Food,,Alexia Owes,0.0,,24-Oct-2024,30-Oct-2024,20.0,339.67,Payslip 2410 (01-11-2024).pdf,,27-Oct-2024,2-Nov-2024,60.0,Paid
9-Sep-2024,6775.8,120,6655.8,-560.0,Card,Mick Murphy,Mick Murphy Menswear,"4 shirts, jeans, shoes",Clothes,,,,,31-Oct-2024,6-Nov-2024,7.5,226.82,Payslip 2410 (08-11-2024).pdf,,3-Nov-2024,9-Nov-2024,60.0,Paid
9-Sep-2024,6740.8,120,6620.8,-35.0,Bank Transfer,FlyeFit,FLYEfit,Denis membership,Denis,,,,,7-Nov-2024,13-Nov-2024,8.0,117.16,Payslip 2410 (15-11-2024).pdf,,10-Nov-2024,16-Nov-2024,60.0,Paid
9-Sep-2024,6778.35,120,6658.35,37.55,Bank Transfer,Voodoo ,Voodoo Rooms,Wages,Income,,,,,14-Nov-2024,20-Nov-2024,8.0,126.53,Payslip 2410 (22-11-2024).pdf,,17-Nov-2024,23-Nov-2024,60.0,Paid
9-Sep-2024,6774.17,120,6654.17,-4.18,Card,Tesco,Tesco Superstore,Food,Food,,,,,21-Nov-2024,27-Nov-2024,14.0,211.99,Payslip 2410 (29-11-2024).pdf,,24-Nov-2024,30-Nov-2024,60.0,Paid
9-Sep-2024,6430.17,120,6310.17,-344.0,Card,FlyeFit,FLYEfit,1 year membership,Personal,,,,,28-Nov-2024,4-Dec-2024,4.0,64.83,Payslip 2410 (06-12-2024).pdf,,1-Dec-2024,7-Dec-2024,60.0,Paid
9-Sep-2024,6365.17,120,6245.17,-65.0,Card,Mick Murphy,Mick Murphy Menswear,Waist coat,Clothes,,,,,5-Dec-2024,11-Dec-2024,4.0,65.61,Payslip 2410 (13-12-2024).pdf,,8-Dec-2024,14-Dec-2024,60.0,Paid
9-Sep-2024,6356.92,120,6236.92,-8.25,Card,Centra,Herlihy's Centra,Water + cashback,Impulsive Food,,,,,12-Dec-2024,18-Dec-2024,9.5,143.41,Payslip 2410 (20-12-2024).pdf,,15-Dec-2024,21-Dec-2024,60.0,Paid
9-Sep-2024,5836.92,120,5716.92,-520.0,Card,Philpotts,Philpott's Tyre Centre,Changed tyres,Car Maintenance,,,,,19-Dec-2024,25-Dec-2024,14.0,244.06,Payslip 2410 (27-12-2024).pdf,,22-Dec-2024,28-Dec-2024,60.0,Paid
9-Sep-2024,5831.92,120,5711.92,-5.0,Card,FoneFix,Kanturk,2 pin to 3 pin convertor,Personal,,,,,26-Dec-2024,1-Jan-2025,14.0,249.12,Payslip 2410 (03-01-2025).pdf,,29-Dec-2024,4-Jan-2025,60.0,Paid
9-Sep-2024,5827.42,120,5707.42,-4.5,Card,Supervalu,Twohig's SuperValu Kanturk,Food,Food,,,,,2-Jan-2025,8-Jan-2025,5.0,161.51,Payslip 2410 (10-01-2025).pdf,,5-Jan-2025,11-Jan-2025,60.0,Paid
9-Sep-2024,5752.42,120,5632.42,-75.0,Card,FoneFix,Kanturk,100w charger,Personal,,,,,9-Jan-2025,15-Jan-2025,12.0,181.51,Payslip 2410 (17-01-2025).pdf,,12-Jan-2025,18-Jan-2025,60.0,Paid
9-Sep-2024,5699.92,120,5579.92,-52.5,Card,Burtons,Burtons Topline,Sheila's staple gun,Sheila,,,,,16-Jan-2025,22-Jan-2025,13.5,201.52,Payslip 2410 (24-01-2025).pdf,,19-Jan-2025,25-Jan-2025,60.0,Paid
9-Sep-2024,5635.86,120,5515.86,-64.06,Card,Lidl,Lidl Kanturk,Food,Food,,,,,23-Jan-2025,29-Jan-2025,8.5,128.88,Payslip 2410 (31-01-2025).pdf,,26-Jan-2025,1-Feb-2025,60.0,Paid
9-Sep-2024,5623.86,120,5503.86,-12.0,Card,FlyeFit,FLYEfit,2 locks,Personal,,,,,30-Jan-2025,5-Feb-2025,17.0,287.71,Payslip 2410 (07-02-2025).pdf,,2-Feb-2025,8-Feb-2025,60.0,Paid
9-Sep-2024,5590.86,120,5470.86,-33.0,Card,Life Style Sports,Life Style Sports,Gym bag,Clothes,,,,,6-Feb-2025,12-Feb-2025,8.5,132.47,Payslip 2410 (14-02-2025).pdf,,9-Feb-2025,15-Feb-2025,60.0,Paid
9-Sep-2024,5555.86,120,5435.86,-35.0,Card,Fone Connection,Fone Connection Cork,Airpods,Personal,,,,,13-Feb-2025,19-Feb-2025,23.5,349.17,Payslip 2410 (21-02-2025).pdf,,16-Feb-2025,22-Feb-2025,60.0,Paid
9-Sep-2024,5525.86,120,5405.86,-30.0,Card,Pennys,Penneys,"Socks, jocks and towel",Clothes,,,,,20-Feb-2025,26-Feb-2025,14.0,212.15,Payslip 2410 (28-02-2025).pdf,,23-Feb-2025,1-Mar-2025,60.0,Paid
9-Sep-2024,5503.0,120,5383.0,-22.86,Card,Dunnes Stores,Dunnes Stores,Food,Food,,,,,27-Feb-2025,5-Mar-2025,4.5,67.17,Payslip 2410 (07-03-2025).pdf,,2-Mar-2025,8-Mar-2025,60.0,Paid
9-Sep-2024,5431.0,120,5311.0,-72.0,Card,Dunnes Stores,Dunnes Stores,"Duvet, pillow and bed clothes",Household,,,,,6-Mar-2025,12-Mar-2025,8.5,131.22,Payslip 2410 (14-03-2025).pdf,,9-Mar-2025,15-Mar-2025,60.0,Paid
9-Sep-2024,5409.4,120,5289.4,-21.6,Card,Wok N Roll,Wok'n'Roll Grand Parade,Spice Bag,Impulsive Food,,,,,13-Mar-2025,19-Mar-2025,22.0,352.91,Payslip 2410 (21-03-2025).pdf,,16-Mar-2025,22-Mar-2025,60.0,Paid
9-Sep-2024,5403.25,120,5283.25,-6.15,Card,Centra,Centra,Roll,Impulsive Food,,,,,20-Mar-2025,26-Mar-2025,16.0,233.04,Payslip 2410 (28-03-2025).pdf,,23-Mar-2025,29-Mar-2025,60.0,Paid
9-Sep-2024,5398.25,120,5278.25,-5.0,Card,BarberHood,BARBERHOOD,Haircut,Personal,,,,,27-Mar-2025,2-Apr-2025,8.0,126.23,Payslip 2410 (04-04-2025).pdf,,30-Mar-2025,5-Apr-2025,60.0,Paid
9-Sep-2024,5396.25,120,5276.25,-2.0,Card,Istanbul Kebab,Istanbul Kebab Cork City,Water,Impulsive Food,,,,,3-Apr-2025,9-Apr-2025,7.5,119.82,Payslip 2410 (11-04-2025).pdf,,6-Apr-2025,12-Apr-2025,60.0,Paid
9-Sep-2024,5116.25,120,4996.25,-280.0,Card,Motor Tax,,Car tax,Car Maintenance,,,,,10-Apr-2025,16-Apr-2025,4.0,62.95,Payslip 2410 (18-04-2025).pdf,,13-Apr-2025,19-Apr-2025,60.0,Paid
9-Sep-2024,5109.3,120,4989.3,-6.95,Card,Tesco,Tesco Superstore,Food,Food,,,,,17-Apr-2025,23-Apr-2025,20.5,537.3,Payslip 2410 (25-04-2025).pdf,,20-Apr-2025,26-Apr-2025,60.0,Paid
10-Sep-2024,5073.3,120,4953.3,-36.0,Card,Pennys,Penneys,4 t-shirts,Clothes,,,,,24-Apr-2025,30-Apr-2025,8.0,124.51,Payslip 2410 (02-05-2025).pdf,,27-Apr-2025,3-May-2025,60.0,Paid
10-Sep-2024,5065.93,120,4945.93,-7.37,Card,Chemist Warehouse,Chemist Warehouse Cornmarket,Shampoo + deodorant,Personal,,,,,1-May-2025,7-May-2025,15.5,284.1,Payslip 2410 (09-05-2025).pdf,,4-May-2025,10-May-2025,60.0,Paid
10-Sep-2024,5016.74,120,4896.74,-49.19,Card,Dunnes Stores,Kanturk,Cleaning equipment + food,Household,,,,,8-May-2025,14-May-2025,7.75,121.85,Payslip 2410 (16-05-2025).pdf,,11-May-2025,17-May-2025,60.0,Paid
11-Sep-2024,4887.74,120,4767.74,-129.0,Card,Select,select,Apple airpods,Personal,,,,,15-May-2025,21-May-2025,12.0,179.18,Payslip 2410 (23-05-2025).pdf,,18-May-2025,24-May-2025,60.0,Paid
11-Sep-2024,4881.34,120,4761.34,-6.4,Card,Centra,Centra,Pipeline punch + flavoured water,Impulsive Food,,,,,22-May-2025,28-May-2025,9.0,138.72,Payslip 2410 (30-05-2025).pdf,,25-May-2025,31-May-2025,60.0,Paid
12-Sep-2024,4879.34,120,4759.34,-2.0,Card,Istanbul Kebab,Istanbul Kebab Cork City,Coke,Impulsive Food,,,,,29-May-2025,4-Jun-2025,15.5,375.23,Payslip 2410 (06-06-2025).pdf,,1-Jun-2025,7-Jun-2025,60.0,Paid
11-Sep-2024,4605.84,120,4485.84,-273.5,Card,Dunnes Stores,Dunnes Stores,Kitchen Stuff,Household,,,,,26-Jun-2025,2-Jul-2025,17.5,311.88,Payslip 2410 (04-07-2025).pdf,,8-Jun-2025,14-Jun-2025,60.0,Paid
11-Sep-2024,4486.96,120,4366.96,-118.88,Card,Dunnes Stores,Dunnes Stores,"Food, usb cable, steam iron",Food,,,,,3-Jul-2025,9-Jul-2025,15.75,294.03,Payslip 2410 (11-07-2025).pdf,,15-Jun-2025,21-Jun-2025,60.0,Paid
13-Sep-2024,4419.72,120,4299.72,-67.24,Card,Woodies,Woodie's,"Clothes baskets, shower mat, ice cube tray",Household,,,,,10-Jul-2025,16-Jul-2025,18.75,354.04,Payslip 2410 (18-07-2025).pdf,,22-Jun-2025,28-Jun-2025,60.0,Paid
13-Sep-2024,4336.74,120,4216.74,-82.98,Card,Boots,Boots,Gillete shaver,Personal,,,,,17-Jul-2025,23-Jul-2025,24.0,402.08,Payslip 2410 (25-07-2025).pdf,,29-Jun-2025,5-Jul-2025,60.0,Paid
13-Sep-2024,4675.98,120,4555.98,339.24,Bank Transfer,Voodoo ,Voodoo Rooms,Wages,Income,,,,,24-Jul-2025,30-Jul-2025,19.0,335.65,Payslip 2410 (01-08-2025).pdf,,6-Jul-2025,12-Jul-2025,60.0,Paid
12-Sep-2024,4663.98,120,4543.98,-12.0,Card,Vitiman Shop,Vitamin Shop Cork,Lifting straps,Personal,,,,,31-Jul-2025,6-Aug-2025,18.5,349.19,Payslip 2410 (08-08-2025).pdf,,13-Jul-2025,19-Jul-2025,60.0,Paid
15-Sep-2024,4647.16,120,4527.16,-16.82,Card,Lidl,Lidl Kanturk,Food,Food Non-Personal,,,,,7-Aug-2025,13-Aug-2025,15.0,275.61,Payslip 2410 (15-08-2025).pdf,,20-Jul-2025,26-Jul-2025,60.0,Paid
15-Sep-2024,4561.45,120,4441.45,-85.71,Card,Circle K,Circle K Polefield,"Petrol, brownies, mars icecream",Petrol,,,,,14-Aug-2025,20-Aug-2025,18.5,338.87,Payslip 2410 (22-08-2025).pdf,,27-Jul-2025,2-Aug-2025,60.0,Paid
16-Sep-2024,4558.91,120,4438.91,-2.54,Card,Spar,Spar,Flavoured water,Impulsive Food,,,,,21-Aug-2025,27-Aug-2025,19.5,342.14,Payslip 2410 (29-08-2025).pdf,,3-Aug-2025,9-Aug-2025,60.0,Paid
16-Sep-2024,4557.53,120,4437.53,-1.38,Card,Chemist Warehouse,Chemist Warehouse Cornmarket,2 loofas,Personal,,,,,28-Aug-2025,3-Sep-2025,9.0,150.2,Payslip 2410 (05-09-2025).pdf,,10-Aug-2025,16-Aug-2025,60.0,Paid
16-Sep-2024,4531.21,120,4411.21,-26.32,Card,Tesco,Tesco Superstore,Food,Food,,,,,4-Sep-2025,10-Sep-2025,23.0,435.38,Payslip 2410 (12-09-2025).pdf,,17-Aug-2025,23-Aug-2025,60.0,Paid
18-Sep-2024,4509.28,120,4389.28,-21.93,Card,Tesco,Tesco Superstore,Food,Food,,,,,11-Sep-2025,17-Sep-2025,16.75,311.16,Payslip 2410 (19-09-2025).pdf,,24-Aug-2025,30-Aug-2025,60.0,Paid
19-Sep-2024,4506.78,120,4386.78,-2.5,Card,Centra,Centra,Jelly worms,Impulsive Food,,,,,18-Sep-2025,24-Sep-2025,11.75,218.01,Payslip 2410 (26-09-2025).pdf,,31-Aug-2025,6-Sep-2025,60.0,Paid
20-Sep-2024,4700.17,120,4580.17,193.39,Bank Transfer,Voodoo ,Voodoo Rooms,Wages,Income,,,,,25-Sep-2025,1-Oct-2025,15.75,292.38,Payslip 2410 (03-10-2025).pdf,,7-Sep-2025,13-Sep-2025,60.0,Paid
20-Sep-2024,4551.3,120,4431.3,-148.87,Card,Temu,,Denis's hex lights,Denis,,,,,2-Oct-2025,8-Oct-2025,15.25,276.33,Payslip 2410 (10-10-2025).pdf,,14-Sep-2025,20-Sep-2025,60.0,Paid
20-Sep-2024,4527.42,120,4407.42,-23.88,Card,Tesco,Tesco Superstore,Food,Food,,,,,9-Oct-2025,15-Oct-2025,15.75,285.64,Payslip 2410 (17-10-2025).pdf,,21-Sep-2025,27-Sep-2025,80.0,Paid
22-Sep-2024,4516.62,120,4396.62,-10.8,Card,Wok N Roll,Wok'n'Roll Grand Parade,Spice Bag,Impulsive Food,,,,,16-Oct-2025,22-Oct-2025,19.75,351.74,Payslip 2410 (24-10-2025).pdf,,28-Sep-2025,4-Oct-2025,80.0,Paid
22-Sep-2024,4511.42,120,4391.42,-5.2,Card,Circle K,Circle K Polefield,"Monster, bounty bar",Impulsive Food,,,,,23-Oct-2025,29-Oct-2025,30.5,595.79,Payslip 2410 (31-10-2025).pdf,,5-Oct-2025,11-Oct-2025,80.0,Paid
23-Sep-2024,4448.03,120,4328.03,-63.39,Card,Dunnes Stores,Dunnes Stores,Food,Food,,,,,30-Oct-2025,5-Nov-2025,23.5,414.69,Payslip 2410 (07-11-2025).pdf,,12-Oct-2025,18-Oct-2025,80.0,Paid
23-Sep-2024,4430.17,120,4310.17,-17.86,Card,Dunnes Stores,Dunnes Stores,"Piri Piri, floss",Food,,,,,6-Nov-2025,12-Nov-2025,15.5,252.64,Payslip 2410 (14-11-2025).pdf,,19-Oct-2025,25-Oct-2025,80.0,Paid
23-Sep-2024,4420.92,120,4300.92,-9.25,Card,Centra,Centra,"Roll, flavoured water",Impulsive Food,,,,,13-Nov-2025,19-Nov-2025,11.5,216.37,Payslip 2410 (21-11-2025).pdf,,26-Oct-2025,1-Nov-2025,80.0,Paid
24-Sep-2024,4370.92,120,4250.92,-50.0,Card,Pre Pay Power,,Denis electricity apartment,Denis,,,,,20-Nov-2025,26-Nov-2025,21.5,450.97,Payslip 2410 (28-11-2025).pdf,,2-Nov-2025,8-Nov-2025,80.0,Paid
24-Sep-2024,4285.92,120,4165.92,-85.0,Card,Driving Test,,Denis driving test booking,Denis,,,,,27-Nov-2025,3-Dec-2025,15.0,361.5,Payslip 2410 (05-12-2025).pdf,,9-Nov-2025,15-Nov-2025,80.0,Paid
24-Sep-2024,4223.96,120,4103.96,-61.96,Card,Temu,,"Denis's lights, atlas, clock, t-shirt",Denis,,,,,4-Dec-2025,10-Dec-2025,15.0,360.8,Payslip 2410 (12-12-2025).pdf,,16-Nov-2025,22-Nov-2025,80.0,Paid
25-Sep-2024,4221.46,120,4101.46,-2.5,Card,Centra,Centra,Sweets,Impulsive Food,,,,,11-Dec-2025,17-Dec-2025,21.25,458.48,Payslip 2410 (19-12-2025).pdf,,23-Nov-2025,29-Nov-2025,80.0,Paid
25-Sep-2024,4206.96,120,4086.96,-14.5,Card,Tesco,Tesco Superstore,"Chicken, dunkers",Food,,,,,18-Dec-2025,24-Dec-2025,24.5,561.76,Payslip 2410 (26-12-2025).pdf,,30-Nov-2025,6-Dec-2025,80.0,Paid
26-Sep-2024,4203.06,120,4083.06,-3.9,Card,Supervalu,O'Keeffe's SuperValu Newmarket,"Sweets, timeouts",Impulsive Food,,,,,25-Dec-2025,31-Dec-2025,22.25,520.84,Payslip 2410 (02-01-2026).pdf,,7-Dec-2025,13-Dec-2025,80.0,Paid
26-Sep-2024,4199.06,120,4079.06,-4.0,Card,Supervalu,O'Keeffe's SuperValu Newmarket,Roll,Impulsive Food,,,,,1-Jan-2026,7-Jan-2026,9.5,303.51,Payslip 2410 (09-01-2026).pdf,,14-Dec-2025,20-Dec-2025,80.0,Paid
27-Sep-2024,4167.12,120,4047.12,-31.94,Card,Lidl,Lidl,"Chicken, peppers, mushrooms",Food,,,,,8-Jan-2026,14-Jan-2026,22.0,369.41,Payslip 2410 (16-01-2026).pdf,,21-Dec-2025,27-Dec-2025,80.0,Paid
27-Sep-2024,4280.39,120,4160.39,113.27,Bank Transfer,Voodoo ,Voodoo Rooms,Wages,Income,,,,,15-Jan-2026,21-Jan-2026,14.0,311.62,Payslip 2410 (23-01-2026).pdf,,28-Dec-2025,3-Jan-2026,80.0,Paid
27-Sep-2024,4258.39,120,4138.39,-22.0,Card,Pennys,Penneys,snuddie,Clothes,,,,,22-Jan-2026,28-Jan-2026,16.5,300.82,Payslip 2410 (30-01-2026).pdf,,4-Jan-2026,10-Jan-2026,80.0,Paid
28-Sep-2024,4238.44,120,4118.44,-19.95,Card,Live Career,,CV,Personal Development,,,,,29-Jan-2026,4-Feb-2026,19.75,399.34,Payslip 2410 (06-02-2026).pdf,,11-Jan-2026,17-Jan-2026,80.0,Paid
28-Sep-2024,4217.47,120,4097.47,-20.97,Card,Chemist Warehouse,Chemist Warehouse Cornmarket,"Shampoo, body wash, razer",Personal,,,,,5-Feb-2026,11-Feb-2026,20.5,355.59,Payslip 2410 (13-02-2026).pdf,,18-Jan-2026,24-Jan-2026,80.0,Paid
28-Sep-2024,4209.67,120,4089.67,-7.8,Card,Lidl,Lidl,Food,Food,,,,,12-Feb-2026,18-Feb-2026,28.75,392.02,Payslip 2410 (20-02-2026).pdf,,25-Jan-2026,31-Jan-2026,80.0,Paid
30-Sep-2024,4179.98,120,4059.98,-29.69,Card,Lidl,Lidl,Food,Food,,,,,19-Feb-2026,25-Feb-2026,14.0,252.96,Payslip 2410 (27-02-2026).pdf,,1-Feb-2026,7-Feb-2026,80.0,Paid
30-Sep-2024,4175.5,120,4055.5,-4.48,Card,Tesco,Tesco Superstore,"Sheila's strawberry's, Toms peanut butter",Impulsive Food,,,,,26-Feb-2026,4-Mar-2026,15.0,257.8,Payslip 2410 (06-03-2026).pdf,,8-Feb-2026,14-Feb-2026,80.0,Paid
1-Oct-2024,4140.5,120,4020.5,-35.0,Bank Transfer,FlyeFit,FLYEfit,Denis's membership,Denis,,,,,5-Mar-2026,11-Mar-2026,11.5,208.63,Payslip 2410 (13-03-2026).pdf,,15-Feb-2026,21-Feb-2026,80.0,Paid
1-Oct-2024,4137.51,120,4017.51,-2.99,Card,Lidl,Lidl,Food,Impulsive Food,,,,,12-Mar-2026,18-Mar-2026,29.75,576.37,Payslip 2410 (20-03-2026).pdf,,22-Feb-2026,28-Feb-2026,80.0,Paid
2-Oct-2024,4128.48,120,4008.48,-9.03,Card,Tesco,Tesco Superstore,Food,Food,,,,,19-Mar-2026,25-Mar-2026,17.0,332.14,,,1-Mar-2026,7-Mar-2026,80.0,Paid
3-Oct-2024,3895.76,120,3775.76,-232.72,Card,Amazon,,"Prada L'omme EDT, Jean Paul Gaultier ultra male EDT",Personal,,,,,26-Mar-2026,1-Apr-2026,12.0,228.89,,,8-Mar-2026,14-Mar-2026,80.0,Paid
4-Oct-2024,4008.7,120,3888.7,112.94,Bank Transfer,Voodoo ,Voodoo Rooms,Wages,Income,,,,,2-Apr-2026,8-Apr-2026,21.0,,,,15-Mar-2026,21-Mar-2026,80.0,Paid
4-Oct-2024,3997.9,120,3877.9,-10.8,Card,Wok N Roll,Wok'n'Roll Grand Parade,Spice Bag,Impulsive Food,,,,,,,,,,,22-Mar-2026,28-Mar-2026,80.0,Paid
4-Oct-2024,4097.9,220,3877.9,100.0,Cash,Dadise,,Cleaned Quinlanns house,Dadsie,,,,,,,,,,,29-Mar-2026,4-Apr-2026,80.0,Paid
5-Oct-2024,4077.91,220,3857.91,-19.99,Card,TK Maxx,TK Maxx,Black hat,Clothes,,,,,,,,,,,5-Apr-2026,11-Apr-2026,80.0,Unpaid
5-Oct-2024,4040.66,220,3820.66,-37.25,Card,Lidl,Lidl,Food,Food,,,,,,,,,,,12-Apr-2026,18-Apr-2026,80.0,Unpaid
6-Oct-2024,4026.69,220,3806.69,-13.97,Card,Lidl,Lidl,Food,Food,,,,,,,,,,,19-Apr-2026,25-Apr-2026,80.0,Unpaid
7-Oct-2024,3976.69,220,3756.69,-50.0,Card,Pre Pay Power,,Denis electricity apartment,Denis,,,,,,,,,,,26-Apr-2026,2-May-2026,80.0,Unpaid
7-Oct-2024,3972.83,220,3752.83,-3.86,Card,Lidl,Lidl,Food,Impulsive Food,,,,,,,,,,,3-May-2026,9-May-2026,80.0,Unpaid
8-Oct-2024,3965.68,220,3745.68,-7.15,Card,Lidl,Lidl,Food,Food,,,,,,,,,,,10-May-2026,16-May-2026,80.0,Unpaid
8-Oct-2024,4015.68,270,3745.68,50.0,Cash,Denis,,Money back for pre pay power yesterday.,Denis,,,,,,,,,,,17-May-2026,23-May-2026,80.0,Unpaid
8-Oct-2024,4012.23,270,3742.23,-3.45,Card,Centra,Herlihy's Centra,Coke,Impulsive Food,,,,,,,,,,,24-May-2026,30-May-2026,80.0,Unpaid
8-Oct-2024,4001.57,270,3731.57,-10.66,Card,Lidl,Lidl,Sweets,Impulsive Food,,,,,,,,,,,31-May-2026,6-Jun-2026,80.0,Unpaid
9-Oct-2024,3989.53,270,3719.53,-12.04,Card,Lidl,Lidl,Food,Food,,,,,,,,,,,7-Jun-2026,13-Jun-2026,80.0,Unpaid
10-Oct-2024,3986.78,270,3716.78,-2.75,Card,Tesco,Tesco Superstore,Pipeline punch,Impulsive Food,,,,,,,,,,,14-Jun-2026,20-Jun-2026,80.0,Unpaid
10-Oct-2024,3983.65,270,3713.65,-3.13,Card,Lidl,Lidl,Food,Impulsive Food,,,,,,,,,,,21-Jun-2026,27-Jun-2026,80.0,Unpaid
11-Oct-2024,4149.04,270,3879.04,165.39,Bank Transfer,Voodoo ,Voodoo Rooms,wages,Income,,,,,,,,,,,28-Jun-2026,4-Jul-2026,80.0,Unpaid
11-Oct-2024,4129.67,270,3859.67,-19.37,Card,Lidl,Lidl,Food,Food,,,,,,,,,,,5-Jul-2026,11-Jul-2026,80.0,Unpaid
12-Oct-2024,4124.02,270,3854.02,-5.65,Card,Circle K,Circle K Polefield,"Monster, boost bar",Impulsive Food,,,,,,,,,,,12-Jul-2026,18-Jul-2026,80.0,Unpaid
12-Oct-2024,4027.2,270,3757.2,-96.82,Card,Spar,Aspel's Spar,Petrol,Petrol,,,,,,,,,,,19-Jul-2026,25-Jul-2026,80.0,Unpaid
13-Oct-2024,4011.38,270,3741.38,-15.82,Card,Lidl,Lidl,Food,Food,,,,,,,,,,,26-Jul-2026,1-Aug-2026,80.0,Unpaid
14-Oct-2024,3986.38,270,3716.38,-25.0,Card,BarberHood,BARBERHOOD,Haircut,Personal,,,,,,,,,,,2-Aug-2026,8-Aug-2026,80.0,Unpaid
14-Oct-2024,3979.2,270,3709.2,-7.18,Card,Lidl,Lidl,Food,Food,,,,,,,,,,,9-Aug-2026,15-Aug-2026,80.0,Unpaid
15-Oct-2024,3961.89,270,3691.89,-17.31,Card,Lidl,Lidl,Food,Food,,,,,,,,,,,16-Aug-2026,,,Unpaid
15-Oct-2024,3956.3,270,3686.3,-5.59,Card,Mr Price,MrPRICE Cork City,4 pack monster,Impulsive Food,,,,,,,,,,,,,,Unpaid
15-Oct-2024,3911.27,270,3641.27,-45.03,Card,TopStep,,Futures 50k funded evaluation,Trading,,,,,,,,,,,,,,Unpaid
16-Oct-2024,3898.83,270,3628.83,-12.44,Card,Lidl,Lidl,Food,Food,,,,,,,,,,,,,,Unpaid
17-Oct-2024,3896.83,270,3626.83,-2.0,Card,Euro Giant,"EuroGiant, Oliver Plunkett St., Cork.",Water,Impulsive Food,,,,,,,,,,,,,,Unpaid
17-Oct-2024,3878.83,270,3608.83,-18.0,Card,Barber,City barbers,Haircut,Personal,,,,,,,,,,,,,,Unpaid
18-Oct-2024,3863.72,270,3593.72,-15.11,Card,Lidl,Lidl,Food,Food,,,,,,,,,,,,,,Unpaid
18-Oct-2024,4046.49,270,3776.49,182.77,Bank Transfer,Voodoo ,Voodoo Rooms,Wages,Income,,,,,,,,,,,,,,Unpaid
18-Oct-2024,4044.7,270,3774.7,-1.79,Card,Mr Price,MrPRICE Cork City,M&M sweets,Impulsive Food,,,,,,,,,,,,,,Unpaid
18-Oct-2024,4029.65,270,3759.65,-15.05,Card,Amazon,,Walkie Talkie Earpiece,Personal Development,,,,,,,,,,,,,,Unpaid
18-Oct-2024,4018.85,270,3748.85,-10.8,Card,Wok N Roll,Wok'n'Roll Grand Parade,Spice Bag,Impulsive Food,,,,,,,,,,,,,,
19-Oct-2024,4011.23,270,3741.23,-7.62,Card,Lidl,Lidl Kanturk,Food,Food Non-Personal,,,,,,,,,,,,,,
19-Oct-2024,4010.33,270,3740.33,-0.9,Bank Transfer,,,,BOI Fees,,,,,,,,,,,,,,
21-Oct-2024,3960.33,270,3690.33,-50.0,Card,Pre Pay Power,,Denis electricity apartment,Denis,,,,,,,,,,,,,,
21-Oct-2024,3943.61,270,3673.61,-16.72,Card,Lidl,Lidl,Food,Food,,,,,,,,,,,,,,
21-Oct-2024,4343.61,270,4073.61,400.0,Bank Transfer,Denis,,Money owed,Denis,,,,,,,,,,,,,,
21-Oct-2024,4340.21,270,4070.21,-3.4,Card,Tesco,Tesco Superstore,Club zero,Impulsive Food,,,,,,,,,,,,,,
22-Oct-2024,4336.97,270,4066.97,-3.24,Card,Mr Price,MrPRICE Cork City,Sweets,Impulsive Food,,,,,,,,,,,,,,
22-Oct-2024,4341.97,275,4066.97,5.0,Cash,Denis,,Money for radio earpice,Denis,,,,,,,,,,,,,,
22-Oct-2024,4333.78,275,4058.78,-8.19,Card,Lidl,Lidl,Food,Food,,,,,,,,,,,,,,
23-Oct-2024,4311.02,275,4036.02,-22.76,Card,Lidl,Lidl,Food,Food,,,,,,,,,,,,,,
23-Oct-2024,4321.02,285,4036.02,10.0,Cash,Sheila,,Wanted food from lidl,Sheila,,,,,,,,,,,,,,
25-Oct-2024,4557.69,285,4272.69,236.67,Bank Transfer,Voodoo,Voodoo Rooms,Wages,Income,,,,,,,,,,,,,,
25-Oct-2024,4543.86,285,4258.86,-13.83,Card,Lidl,Lidl,Food,Food,,,,,,,,,,,,,,
25-Oct-2024,4541.86,285,4256.86,-2.0,Card,Euro Giant,"EuroGiant, Oliver Plunkett St., Cork.",Water,Impulsive Food,,,,,,,,,,,,,,
26-Oct-2024,4641.86,385,4256.86,100.0,Cash,Dadsie,,Took down wall Quinlanns,Dadsie,,,,,,,,,,,,,,
27-Oct-2024,4638.66,385,4253.66,-3.2,Card,Centra,Centra,Monster,Impulsive Food,,,,,,,,,,,,,,
28-Oct-2024,4619.46,385,4234.46,-19.2,Card,Lidl,Lidl,Food,Food,,,,,,,,,,,,,,
29-Oct-2024,4604.13,385,4219.13,-15.33,Card,Lidl,Lidl,Food,Food,,,,,,,,,,,,,,
29-Oct-2024,4600.14,385,4215.14,-3.99,Card,Lidl,Lidl,Food,Impulsive Food,,,,,,,,,,,,,,
30-Oct-2024,4593.86,385,4208.86,-6.28,Card,Lidl,Lidl,Food,Food,,,,,,,,,,,,,,
30-Oct-2024,4588.37,385,4203.37,-5.49,Card,Lidl,Lidl,Food,Impulsive Food,,,,,,,,,,,,,,
31-Oct-2024,4571.11,385,4186.11,-17.26,Card,Lidl,Lidl,Food,Food,,,,,,,,,,,,,,
27-Oct-2024,4560.31,385,4175.31,-10.8,Card,Wok N Roll,Wok'n'Roll Grand Parade,Spice Bag,Impulsive Food,,,,,,,,,,,,,,
27-Oct-2024,4557.16,385,4172.16,-3.15,Card,Centra,Centra,Monster,Impulsive Food,,,,,,,,,,,,,,
1-Nov-2024,4896.83,385,4511.83,339.67,Bank Transfer,Voodoo,Voodoo Rooms,Wages,Income,,,,,,,,,,,,,,
1-Nov-2024,5136.83,625,4511.83,240.0,Cash,,Popes Quay,Found money,Income,,,,,,,,,,,,,,
1-Nov-2024,5129.06,625,4504.06,-7.77,Card,Lidl,Lidl,Food,Food,,,,,,,,,,,,,,
1-Nov-2024,5126.18,625,4501.18,-2.88,Card,Lidl,Lidl,Food,Impulsive Food,,,,,,,,,,,,,,
1-Nov-2024,5091.18,625,4466.18,-35.0,Card,FlyeFIt,FLYEfit,Denis Membership,Denis,,,,,,,,,,,,,,
2-Nov-2024,5191.18,725,4466.18,100.0,Cash,Dadsie,,Took down chimney + opened window.,Dadsie,,,,,,,,,,,,,,
2-Nov-2024,5183.75,725,4458.75,-7.43,Card,Lidl,Lidl Kanturk,"Cookie, Tayto, Milk",Impulsive Food,,,,,,,,,,,,,,
3-Nov-2024,5087.0,725,4362.0,-96.75,Card,Maxol,Hannon’s Mace/Maxol,Petrol,Petrol,,,,,,,,,,,,,,
4-Nov-2024,5082.85,725,4357.85,-4.15,Card,Daybreak,Daybreak,Monster + chewing gum,Impulsive Food,,,,,,,,,,,,,,
4-Nov-2024,5081.06,725,4356.06,-1.79,Card,Mr Price,MrPRICE Cork City,M&M,Impulsive Food,,,,,,,,,,,,,,
4-Nov-2024,5065.22,725,4340.22,-15.84,Card,Lidl,Lidl,Food,Food,,,,,,,,,,,,,,
5-Nov-2024,5056.97,725,4331.97,-8.25,Card,Tesco,Tesco Superstore,Food,Food,,,,,,,,,,,,,,
5-Nov-2024,5156.97,725,4431.97,100.0,Bank Transfer,Mumsie,,Powerhosed Knocktoosh,Mumsie,,,,,,,,,,,,,,
5-Nov-2024,5154.02,725,4429.02,-2.95,Card,Daybreak,Daybreak,Monster,Impulsive Food,,,,,,,,,,,,,,
5-Nov-2024,5164.02,735,4429.02,10.0,Cash,Sheila,,Food from Lidl,Sheila,,,,,,,,,,,,,,
5-Nov-2024,5162.03,735,4427.03,-1.99,Card,Mr Price,MrPRICE Cork City,Aero Balls,Impulsive Food,,,,,,,,,,,,,,
5-Nov-2024,5140.98,735,4405.98,-21.05,Card,Lidl,Lidl,Food,Food,,,,,,,,,,,,,,
5-Nov-2024,5130.98,735,4395.98,-10.0,Card,PayPal,,Adding money to paypal account,Personal Development,,,,,,,,,,,,,,
6-Nov-2024,5128.69,735,4393.69,-2.29,Card,Mr Price,MrPRICE Cork City,Popcorn,Impulsive Food,,,,,,,,,,,,,,
6-Nov-2024,4778.69,735,4043.69,-350.0,Card,Liam Greensdale,P51 FXN8,"Xbox series X, Elite controller, Headphones",Entertainment,,,,,,,,,,,,,,
6-Nov-2024,4768.73,735,4033.73,-9.96,Card,Lidl,Lidl,Food,Food,,,,,,,,,,,,,,
7-Nov-2024,4767.74,735,4032.74,-0.99,Card,Mr Price,MrPRICE Cork City,Sweets,Impulsive Food,,,,,,,,,,,,,,
8-Nov-2024,4994.56,735,4259.56,226.82,Card,Voodoo,Voodoo Rooms,Wages,Income,,,,,,,,,,,,,,
8-Nov-2024,4981.06,735,4246.06,-13.5,Card,Wok N Roll,Wok'n'Roll Grand Parade,Spice bag,Impulsive Food,,,,,,,,,,,,,,
8-Nov-2024,4976.86,735,4241.86,-4.2,Card,Wok N Roll,Wok'n'Roll Grand Parade,Monster,Impulsive Food,,,,,,,,,,,,,,
8-Nov-2024,4962.69,735,4227.69,-14.17,Card,Lidl,Lidl,Food,Food,,,,,,,,,,,,,,
8-Nov-2024,4954.81,735,4219.81,-7.88,Card,Chemist Warehouse,Chemist Warehouse Cornmarket,"Mouth wash, nail file",Personal,,,,,,,,,,,,,,
8-Nov-2024,4949.51,735,4214.51,-5.3,Card,Daybreak,Daybreak,2 monsters,Impulsive Food,,,,,,,,,,,,,,
9-Nov-2024,4933.13,735,4198.13,-16.38,Card,Lidl,Lidl Kanturk,Food,Food Non-Personal,,,,,,,,,,,,,,
9-Nov-2024,4930.28,735,4195.28,-2.85,Card,Supervalu,Twohig's SuperValu Kanturk,Pepsi Max,Food Non-Personal,,,,,,,,,,,,,,
10-Nov-2024,4912.23,735,4177.23,-18.05,Card,Lidl,Lidl,Food,Food,,,,,,,,,,,,,,
10-Nov-2024,4905.64,735,4170.64,-6.59,Card,Mr Price,MrPRICE Cork City,4 pack monster,Impulsive Food,,,,,,,,,,,,,,
10-Nov-2024,4887.64,735,4152.64,-18.0,Card,Yuan Ming Yuan,Yuan Ming Yuan,Chinese,Impulsive Food,,,,,,,,,,,,,,
11-Nov-2024,4880.94,735,4145.94,-6.7,Card,Tesco,Tesco Superstore,"Popcorn, dilutable",Food,,,,,,,,,,,,,,
11-Nov-2024,4840.94,735,4105.94,-40.0,Card,Cork City Council,,"Parking fine, parking in loading bay",Fine,,,,,,,,,,,,,,
11-Nov-2024,4940.94,735,4205.94,100.0,Card,Mumsie,,Helped knockskehy,Mumsie,,,,,,,,,,,,,,
12-Nov-2024,4938.05,735,4203.05,-2.89,Card,Lidl,Lidl,Ice-cream,Impulsive Food,,,,,,,,,,,,,,
13-Nov-2024,4918.84,735,4183.84,-19.21,Card,Lidl,Lidl,Food,Food,,,,,,,,,,,,,,
13-Nov-2024,4728.84,735,3993.84,-190.0,Card,Fitzgerald Insurance,Fitzgerald Insurances,"Premium went up, changing address",Car Maintenance,,,,,,,,,,,,,,
13-Nov-2024,4726.84,735,3991.84,-2.0,Card,Internet cafe,Internet Cafe Cork City,printed 4 sheets,Car Maintenance,,,,,,,,,,,,,,
13-Nov-2024,4716.84,735,3981.84,-10.0,Card,Cork Park By Phone,,"Top up, pay for parking",Parking Fees,,,,,,,,,,,,,,
13-Nov-2024,4676.84,735,3941.84,-40.0,Card,Cork City Council,,No Valid Disk parking fine,Fine,,,,,,,,,,,,,,
14-Nov-2024,4663.74,735,3928.74,-13.1,Card,Lidl,Lidl,Food,Food,,,,,,,,,,,,,,
14-Nov-2024,4602.96,735,3867.96,-60.78,Card,Maxol,Hannon’s Mace/Maxol,Petrol,Petrol,,,,,,,,,,,,,,
14-Nov-2024,4587.96,735,3852.96,-15.0,Card,Cork Park By Phone,,"Top up, pay for parking",Parking Fees,,,,,,,,,,,,,,
14-Nov-2024,4585.07,735,3850.07,-2.89,Card,Lidl,Lidl,Ice-cream,Impulsive Food,,,,,,,,,,,,,,
15-Nov-2024,4577.45,735,3842.45,-7.62,Card,Lidl,Lidl,Food,Food,,,,,,,,,,,,,,
15-Nov-2024,4562.45,735,3827.45,-15.0,Card,Denis,,Ordering posters,Denis,,,,,,,,,,,,,,
15-Nov-2024,4679.61,735,3944.61,117.16,Card,Voodoo,Voodoo Rooms,Wages,Income,,,,,,,,,,,,,,
15-Nov-2024,4694.61,750,3944.61,15.0,Cash,Denis,,Money for posters,Denis,,,,,,,,,,,,,,
16-Nov-2024,4687.88,750,3937.88,-6.73,Card,Lidl,Lidl Kanturk,Food,Food Non-Personal,,,,,,,,,,,,,,
16-Nov-2024,4677.88,750,3927.88,-10.0,Card,Supervalu,Twohig's SuperValu Kanturk,"Pringles, Pepsi Max",Food Non-Personal,,,,,,,,,,,,,,
17-Nov-2024,4665.43,750,3915.43,-12.45,Card,Tesco,Tesco Superstore,"Monster, Mi Wadi",Food,,,,,,,,,,,,,,
17-Nov-2024,4629.96,750,3879.96,-35.47,Card,Lidl,Lidl,Food,Food,,,,,,,,,,,,,,
18-Nov-2024,4583.36,750,3833.36,-46.6,Card,Topstep,,Account Fee,Trading,,,,,,,,,,,,,,
18-Nov-2024,4582.43,750,3832.43,-0.93,Bank Transfer,,,,BOI Fees,,,,,,,,,,,,,,
18-Nov-2024,4547.87,750,3797.87,-34.56,Card,Denis,,Ordered Coat from Temu,Denis,,,,,,,,,,,,,,
18-Nov-2024,4540.89,750,3790.89,-6.98,Card,Costcu,Costcutter,"Tayto's, Pepsi Max",Impulsive Food,,,,,,,,,,,,,,
19-Nov-2024,4534.08,750,3784.08,-6.81,Card,Lidl,Lidl,Food,Food,,,,,,,,,,,,,,
19-Nov-2024,4529.09,750,3779.09,-4.99,Card,Mr Price ,MrPRICE Cork City,Pens,Personal Development,,,,,,,,,,,,,,
19-Nov-2024,4589.09,750,3839.09,60.0,Bank Transfer,Sheila,,Money for pat,Null,,,,,,,,,,,,,,
19-Nov-2024,4499.09,750,3749.09,-90.0,Card,ATM,Bank of Ireland ATM,"Rent for Pat, €30 for me, €60 for Sheila",Null,,,,,,,,,,,,,,
19-Nov-2024,4529.09,780,3749.09,30.0,Cash,From ATM,,Adding the money from account to cash side,Null,,,,,,,,,,,,,,
15-Nov-2024,3869.09,120,3749.09,-660.0,Cash,Pat,,€60 each week from 01/09 - 16/11 = 11 weeks,Rent,,,,,,,,,,,,,,
19-Nov-2024,3861.84,120,3741.84,-7.25,Card,Lidl,Lidl,Food,Food,,,,,,,,,,,,,,
20-Nov-2024,3855.44,120,3735.44,-6.4,Card,Lidl,Lidl,Food,Food,,,,,,,,,,,,,,
20-Nov-2024,3735.44,0,3735.44,-120.0,Cash,Pat,,"€60 each week, 17/11 - 30/11 = 2 weeks",Rent,,,,,,,,,,,,,,
20-Nov-2024,3728.65,0,3728.65,-6.79,Card,Lidl,Lidl,Food,Food,,,,,,,,,,,,,,
21-Nov-2024,3710.8,0,3710.8,-17.85,Card,Lidl,Lidl,Food,Food,,,,,,,,,,,,,,
22-Nov-2024,3837.33,0,3837.33,126.53,Bank Transfer,Voodoo,Voodoo Rooms,Wages,Income,,,,,,,,,,,,,,
22-Nov-2024,3815.86,0,3815.86,-21.47,Card,Lidl,Lidl,Food,Food,,,,,,,,,,,,,,
23-Nov-2024,3811.46,0,3811.46,-4.4,Card,Irish Rail,,Paying for train ticket,Transport,,,,,,,,,,,,,,
24-Nov-2024,3782.78,0,3782.78,-28.68,Card,Lidl,Lidl,Food,Food,,,,,,,,,,,,,,
24-Nov-2024,3882.78,0,3882.78,100.0,Bank Transfer,Mumsie,,Money,Mumsie,,,,,,,,,,,,,,
25-Nov-2024,3878.55,0,3878.55,-4.23,Card,Mr Price ,MrPRICE Cork City,"Popcorn, monster",Impulsive Food,,,,,,,,,,,,,,
25-Nov-2024,3864.41,0,3864.41,-14.14,Card,Tesco,Tesco Superstore,Sweets,Impulsive Food,,,,,,,,,,,,,,
26-Nov-2024,3838.92,0,3838.92,-25.49,Card,Lidl,Lidl,Food,Food,,,,,,,,,,,,,,
26-Nov-2024,3834.44,0,3834.44,-4.48,Card,Lidl,Lidl,"Paper towel, Neo",Household,,,,,,,,,,,,,,
27-Nov-2024,3816.44,0,3816.44,-18.0,Card,Penneys,Penneys,"Hat,Slippers, Socks",Clothes,,,,,,,,,,,,,,
29-Nov-2024,4028.43,0,4028.43,211.99,Bank Transfer,Voodoo,Voodoo Rooms,Wages,Income,,,,,,,,,,,,,,
29-Nov-2024,4018.43,0,4018.43,-10.0,Card,Trading212,,€10 in S&P 500,Investing,,,,,,,,,,,,,,
29-Nov-2024,4016.64,0,4016.64,-1.79,Card,Mr Price ,MrPRICE Cork City,Mentos Sweets,Impulsive Food,,,,,,,,,,,,,,
30-Nov-2024,3993.16,0,3993.16,-23.48,Card,Lidl,Lidl,Food,Food,,,,,,,,,,,,,,
1-Dec-2024,3958.16,0,3958.16,-35.0,Card,Flyefit,FLYEfit,Denis Membership,Denis,,,,,,,,,,,,,,
1-Dec-2024,3956.17,0,3956.17,-1.99,Card,Mr Price ,MrPRICE Cork City,Sour Patch Kids,Impulsive Food,,,,,,,,,,,,,,
1-Dec-2024,3952.44,0,3952.44,-3.73,Card,Lidl,Lidl,"Icecream, sparkling water",Impulsive Food,,,,,,,,,,,,,,
27-Nov-2024,3932.44,0,3932.44,-20.0,Card,BOI ATM,Bank of Ireland,Money for USB type C to HDMI cable,Personal,,,,,,,,,,,,,,
2-Dec-2024,3832.44,0,3832.44,-100.0,Card,Pre Pay Power,,Electricity Denis,Denis,,,,,,,,,,,,,,
2-Dec-2024,3799.22,0,3799.22,-33.22,Card,Fx Replay,,1 month subscription,Trading,,,,,,,,,,,,,,
2-Dec-2024,3797.23,0,3797.23,-1.99,Card,Mr Price ,MrPRICE Cork City,Sour Patch Kids,Impulsive Food,,,,,,,,,,,,,,
2-Dec-2024,3789.74,0,3789.74,-7.49,Card,Lidl,Lidl,"Milk, Rashers and ice-cream",Food,,,,,,,,,,,,,,
3-Dec-2024,3789.08,0,3789.08,-0.66,Bank Transfer,,,,BOI Fees,,,,,,,,,,,,,,
3-Dec-2024,3772.27,0,3772.27,-16.81,Card,Lidl,Lidl,Food,Food,,,,,,,,,,,,,,
3-Dec-2024,3767.54,0,3767.54,-4.73,Card,Mr Price,MrPRICE Cork City,"Sour Patch Kids, Mi Wadi",Food,,,,,,,,,,,,,,
3-Dec-2024,3765.25,0,3765.25,-2.29,Card,Mr Price,MrPRICE Cork City,Boost Bars,Impulsive Food,,,,,,,,,,,,,,
4-Dec-2024,3750.9,0,3750.9,-14.35,Card,Supervalu,Twohig's SuperValu Kanturk,"Doritos, 4 Monster, Chiken Roll",Impulsive Food,,,,,,,,,,,,,,
4-Dec-2024,3744.42,0,3744.42,-6.48,Card,Lidl,Lidl,"Ice burgers, jaffa cakes",Impulsive Food,,,,,,,,,,,,,,
5-Dec-2024,3742.63,0,3742.63,-1.79,Card,Lidl,Lidl,bannanas,Food,,,,,,,,,,,,,,
5-Dec-2024,3737.95,0,3737.95,-4.68,Card,Lidl,Lidl,"Rashers, Noodles",Sheila,,,,,,,,,,,,,,
5-Dec-2024,3837.95,0,3837.95,100.0,Bank Transfer,Mumsie,,Best Boy,Mumsie,,,,,,,,,,,,,,
6-Dec-2024,3902.78,0,3902.78,64.83,Bank Transfer,Voodoo,Voodoo Rooms,Wages,Income,,,,,,,,,,,,,,
6-Dec-2024,3883.45,0,3883.45,-19.33,Card,Lidl,Lidl,Food,Food,,,,,,,,,,,,,,
6-Dec-2024,3873.45,0,3873.45,-10.0,Card,Trading212,,€10 S&P 500,Investing,,,,,,,,,,,,,,
6-Dec-2024,3871.95,0,3871.95,-1.5,Card,Tesco,Tesco Superstore,WIspa,Impulsive Food,,,,,,,,,,,,,,
7-Dec-2024,3851.95,0,3851.95,-20.0,Card,City Barbers,City barbers,Haircut,Personal,,,,,,,,,,,,,,
7-Dec-2024,3841.88,0,3841.88,-10.07,Card,Mr Price,MrPRICE Cork City,"Sour Patch Kids, 4 monster, aero bar",Impulsive Food,,,,,,,,,,,,,,
7-Dec-2024,3796.89,0,3796.89,-44.99,Card,YoungLA,,Denis T-shirt,Denis,,,,,,,,,,,,,,
8-Dec-2024,3794.19,0,3794.19,-2.7,Card,CUH,CUH Occupational Health Department,Parking,Parking Fees,,,,,,,,,,,,,,
8-Dec-2024,3781.79,0,3781.79,-12.4,Card,Circle K,Circle K EXPRESS Mallow,"Sweets, boost bars, mango loco, pepsi max",Impulsive Food,,,,,,,,,,,,,,
9-Dec-2024,3777.01,0,3777.01,-4.78,Card,Lidl,Lidl,"Ice-cream, chocolate muffins",Impulsive Food,,,,,,,,,,,,,,
10-Dec-2024,3775.02,0,3775.02,-1.99,Card,Mr Price,MrPRICE Cork City,Rolo Sweets,Impulsive Food,,,,,,,,,,,,,,
10-Dec-2024,3759.37,0,3759.37,-15.65,Card,Lidl,Lidl,Food,Food,,,,,,,,,,,,,,
8-Dec-2024,3774.37,15,3759.37,15.0,Cash,Dadise,Dinos,Change from meal,Dadsie,,,,,,,,,,,,,,
11-Dec-2024,3769.37,10,3759.37,-5.0,Cash,Sheila,,Drank Monster + Eat Food,Sheila,,,,,,,,,,,,,,
11-Dec-2024,3767.38,10,3757.38,-1.99,Card,Mr Price,MrPRICE Cork City,Aero Sweets,Impulsive Food,,,,,,,,,,,,,,
11-Dec-2024,3755.72,10,3745.72,-11.66,Card,Lidl,Lidl,"Muffins, ice-cream, pan de chocolate, peach water",Impulsive Food,,,,,,,,,,,,,,
13-Dec-2024,3821.33,10,3811.33,65.61,Bank Transfer,Voodoo,Voodoo Rooms,Wages,Income,,,,,,,,,,,,,,
13-Dec-2024,4021.33,210,3811.33,200.0,Cash,Mumsie,,Worked Thursday + Friday,Mumsie,,,,,,,,,,,,,,
14-Dec-2024,3997.72,210,3787.72,-23.61,Card,Lidl,Lidl,Food,Food,,,,,,,,,,,,,,
14-Dec-2024,3995.98,210,3785.98,-1.74,Card,Mr Price,MrPRICE Cork City,Flavoured water,Impulsive Food,,,,,,,,,,,,,,
15-Dec-2024,3994.73,210,3784.73,-1.25,Card,Mr Price,MrPRICE Cork City,Haribo Sweets,Impulsive Food,,,,,,,,,,,,,,
15-Dec-2024,3990.34,210,3780.34,-4.39,Card,Lidl,Lidl,"Pan de chocolate, Cranberry Juice",Impulsive Food,,,,,,,,,,,,,,
16-Dec-2024,3943.46,210,3733.46,-46.88,Card,TopStep,,Account Fee,Trading,,,,,,,,,,,,,,
16-Dec-2024,3939.07,210,3729.07,-4.39,Card,Lidl,Lidl,"Pain Au Chocolat * 3, Cranberry Juice",Impulsive Food,,,,,,,,,,,,,,
16-Dec-2024,3929.07,210,3719.07,-10.0,Card,Trading212,,€10 S&P 500,Investing,,,,,,,,,,,,,,
17-Dec-2024,3925.29,210,3715.29,-3.78,Card,Lidl,Lidl,Food,Impulsive Food,,,,,,,,,,,,,,
18-Dec-2024,3924.04,210,3714.04,-1.25,Card,Mr Price,MrPRICE Cork City,Skittles,Impulsive Food,,,,,,,,,,,,,,
18-Dec-2024,3919.26,210,3709.26,-4.78,Card,Lidl,Lidl,Food,Impulsive Food,,,,,,,,,,,,,,
18-Dec-2024,3890.41,210,3680.41,-28.85,Card,Lidl,Lidl,Food,Food,,,,,,,,,,,,,,
20-Dec-2024,3895.41,215,3680.41,5.0,Cash,,Knockskehy,Found money,Income,,,,,,,,,,,,,,
20-Dec-2024,4095.41,415,3680.41,200.0,Cash,Mumsie,Knockskehy,Powerhose yard,Mumsie,,,,,,,,,,,,,,
20-Dec-2024,4238.82,415,3823.82,143.41,Bank Transfer,Voodoo,Voodoo Rooms,Wages,Income,,,,,,,,,,,,,,
21-Dec-2024,4218.18,415,3803.18,-20.64,Card,Lidl,Lidl,Food,Food,,,,,,,,,,,,,,
21-Dec-2024,4168.18,415,3753.18,-50.0,Card,Pre Pay power,,Denis electricity,Denis,,,,,,,,,,,,,,
16-Dec-2024,4147.36,415,3732.36,-20.82,Card,Lidl,Lidl,Food,Food,,,,,,,,,,,,,,
16-Dec-2024,4146.42,415,3731.42,-0.94,Bank Transfer,,,,BOI Fees,,,,,,,,,,,,,,
22-Dec-2024,4137.49,415,3722.49,-8.93,Card,Lidl,Lidl,Food,Food,,,,,,,,,,,,,,
22-Dec-2024,4135.55,415,3720.55,-1.94,Card,Mr Price,MrPRICE Cork City,Sweets,Impulsive Food,,,,,,,,,,,,,,
23-Dec-2024,4128.77,415,3713.77,-6.78,Card,Lidl,Lidl,Food,Food,,,,,,,,,,,,,,
23-Dec-2024,4126.48,415,3711.48,-2.29,Card,Mr Price,MrPRICE Cork City,Boost Bars,Impulsive Food,,,,,,,,,,,,,,
24-Dec-2024,4370.54,415,3955.54,244.06,Bank Transfer,Voodoo,Voodoo Rooms,Wages,Income,,,,,,,,,,,,,,
24-Dec-2024,4356.38,415,3941.38,-14.16,Card,Wok N Roll,Wok'n'Roll Grand Parade,Spice bag,Impulsive Food,,,,,,,,,,,,,,
24-Dec-2024,4354.09,415,3939.09,-2.29,Card,Mr Price,MrPRICE Cork City,Boost Bars,Impulsive Food,,,,,,,,,,,,,,
24-Dec-2024,4350.31,415,3935.31,-3.78,Card,Lidl,Lidl,Cereal + Cranberry Juice,Impulsive Food,,,,,,,,,,,,,,
24-Dec-2024,4141.27,415,3726.27,-209.04,Card,Tesco,Tesco Superstore,Christmas Food,Food Non-Personal,,,,,,,,,,,,,,
24-Dec-2024,4131.4,415,3716.4,-9.87,Card,Lidl,Lidl Kanturk,Trifale Sponge,Food Non-Personal,,,,,,,,,,,,,,
26-Dec-2024,4331.4,615,3716.4,200.0,Cash,Dadsie,Knockskehy,Christmas Present,Dadsie,,,,,,,,,,,,,,
26-Dec-2024,4531.4,815,3716.4,200.0,Cash,Denis,Knockskehy,Money Owed 100 left,Denis,,,,,,,,,,,,,,
26-Dec-2024,4736.4,1020,3716.4,205.0,Cash,Mumsie,Knockskehy,Money for Food,Mumsie,,,,,,,,,,,,,,
27-Dec-2024,4725.64,1020,3705.64,-10.76,Card,Lidl,Lidl,Food,Food,,,,,,,,,,,,,,
27-Dec-2024,4705.64,1020,3685.64,-20.0,Card,Trading212,,€20 S&P 500,Investing,,,,,,,,,,,,,,
27-Dec-2024,4650.64,1020,3630.64,-55.0,Card,NCT,,Payed for NCT,Car Maintenance,,,,,,,,,,,,,,
28-Dec-2024,4648.65,1020,3628.65,-1.99,Card,Mr Price,MrPRICE Cork City,Sour Patch Kids,Impulsive Food,,,,,,,,,,,,,,
28-Dec-2024,4641.19,1020,3621.19,-7.46,Card,Lidl,Lidl,Food,Food,,,,,,,,,,,,,,
28-Dec-2024,4635.26,1020,3615.26,-5.93,Card,Lidl,Lidl,"Cookies, Oreo's, Cranberry Juice",Impulsive Food,,,,,,,,,,,,,,
29-Dec-2024,4633.27,1020,3613.27,-1.99,Card,Mr Price,MrPRICE Cork City,Sour Patch Kids,Impulsive Food,,,,,,,,,,,,,,
29-Dec-2024,4622.77,1020,3602.77,-10.5,Card,Lidl,Lidl,Food,Food,,,,,,,,,,,,,,
30-Dec-2024,4620.78,1020,3600.78,-1.99,Card,Mr Price,MrPRICE Cork City,Sour Patch Kids,Impulsive Food,,,,,,,,,,,,,,
30-Dec-2024,4609.79,1020,3589.79,-10.99,Card,TK Maxx,TK Maxx,Black Belt,Clothes,,,,,,,,,,,,,,
30-Dec-2024,4599.55,1020,3579.55,-10.24,Card,Lidl,Lidl,Food,Food,,,,,,,,,,,,,,
31-Dec-2024,4597.26,1020,3577.26,-2.29,Card,Mr Price,MrPRICE Cork City,Boost Bars,Impulsive Food,,,,,,,,,,,,,,
31-Dec-2024,4583.92,1020,3563.92,-13.34,Card,Lidl,Lidl,Food,Food,,,,,,,,,,,,,,
31-Dec-2024,4583.07,1020,3563.07,-0.85,Card,Lidl,Lidl,Piri Piri,Food,,,,,,,,,,,,,,
31-Dec-2024,4576.48,1020,3556.48,-6.59,Card,Mr Price,MrPRICE Cork City,4 Pack Monster,Impulsive Food,,,,,,,,,,,,,,
1-Jan-2025,4570.48,1020,3550.48,-6.0,Card,Daybreak,Daybreak,"Oreos, Pringles",Impulsive Food,,,,,,,,,,,,,,
1-Jan-2025,4533.48,1020,3513.48,-37.0,Card,FlyeFit,FLYEfit,"Denis Membership, Owes 137",Denis,,,,,,,,,,,,,,
31-Dec-2024,4527.48,1020,3507.48,-6.0,Bank Transfer,,,Maintaining Account,BOI Fees,,,,,,,,,,,,,,
2-Jan-2025,4510.15,1020,3490.15,-17.33,Card,Tesco,Tesco Superstore,Food,Food,,,,,,,,,,,,,,
2-Jan-2025,4503.44,1020,3483.44,-6.71,Card,Lidl,Lidl,Food,Food,,,,,,,,,,,,,,
3-Jan-2025,4752.56,1020,3732.56,249.12,Bank Transfer,Voodoo,Voodoo Rooms,Wages,Income,,,,,,,,,,,,,,
3-Jan-2025,4651.09,1020,3631.09,-101.47,Card,Circle K,Circle K Polefield,"Petrol, Sour Patch Kids",Petrol,,,,,,,,,,,,,,
3-Jan-2025,4636.03,1020,3616.03,-15.06,Card,Lidl,Lidl Kanturk,"Eggs, Rashers, Bread, other stuff",Food Non-Personal,,,,,,,,,,,,,,
3-Jan-2025,4630.23,1020,3610.23,-5.8,Card,Supervalu,Twohig's SuperValu Kanturk,"Yogurt, Pepsi Max",Food Non-Personal,,,,,,,,,,,,,,
4-Jan-2025,4628.24,1020,3608.24,-1.99,Card,Mr Price,MrPRICE Cork City,Sour Patch Kids,Impulsive Food,,,,,,,,,,,,,,
4-Jan-2025,4619.32,1020,3599.32,-8.92,Card,Tesco,Tesco Superstore,"Dilutable, Flavoured Water, Oranges",Food,,,,,,,,,,,,,,
4-Jan-2025,4603.33,1020,3583.33,-15.99,Card,Chemist Warehouse,Chemist Warehouse Cornmarket,Condoms,Personal,,,,,,,,,,,,,,
5-Jan-2025,4592.9,1020,3572.9,-10.43,Card,Tesco,Tesco Superstore,Food,Food,,,,,,,,,,,,,,
1-Jan-2025,4590.4,1020,3570.4,-2.5,Card,Daybreak,Daybreak,Oreos,Impulsive Food,,,,,,,,,,,,,,
3-Jan-2025,4640.4,1070,3570.4,50.0,Cash,Mumsie,Knockskehy,Worked at home,Mumsie,,,,,,,,,,,,,,
5-Jan-2025,4630.4,1070,3560.4,-10.0,Card,Trading212,,€10 to S&P 500,Trading,,,,,,,,,,,,,,
6-Jan-2025,4616.73,1070,3546.73,-13.67,Card,Tesco,Tesco Superstore,Food,Food,,,,,,,,,,,,,,
6-Jan-2025,4615.24,1070,3545.24,-1.49,Card,Mr Price,MrPRICE Cork City,Mars Bars,Impulsive Food,,,,,,,,,,,,,,
7-Jan-2025,4607.25,1070,3537.25,-7.99,Card,Tesco,Tesco Superstore,Sweets,Impulsive Food,,,,,,,,,,,,,,
7-Jan-2025,4602.25,1070,3532.25,-5.0,Card,Daybreak,Daybreak,"Oreo's, Sour Patch Kids",Impulsive Food,,,,,,,,,,,,,,
5-Jan-2025,4597.7,1070,3527.7,-4.55,Card,Tesco,Tesco Superstore,Food,Impulsive Food,,,,,,,,,,,,,,
7-Jan-2025,4595.21,1070,3525.21,-2.49,Card,Mr Price,MrPRICE Cork City,Mars Bars,Impulsive Food,,,,,,,,,,,,,,
7-Jan-2025,4578.97,1070,3508.97,-16.24,Card,Aldi,ALDI,Food,Food,,,,,,,,,,,,,,
8-Jan-2025,4575.78,1070,3505.78,-3.19,Card,Tesco,Tesco Superstore,Sweets,Impulsive Food,,,,,,,,,,,,,,
9-Jan-2025,4560.51,1070,3490.51,-15.27,Card,Tesco,Tesco Superstore,Food,Food,,,,,,,,,,,,,,
9-Jan-2025,4480.48,1070,3410.48,-80.03,Card,Temu,,Denis ordered lights for room now owes 217,Denis,,,,,,,,,,,,,,
10-Jan-2025,4641.99,1070,3571.99,161.51,Card,Voodoo,Voodoo Rooms,Wages,Income,,,,,,,,,,,,,,
10-Jan-2025,4620.24,1070,3550.24,-21.75,Card,Aldi,ALDI,"Chicken, ice-cream",Food,,,,,,,,,,,,,,
10-Jan-2025,4611.89,1070,3541.89,-8.35,Card,Tesco,Tesco Superstore,"4 pack monster, Mi Wadi",Food,,,,,,,,,,,,,,
10-Jan-2025,4601.89,1070,3531.89,-10.0,Card,Trading212,,€10 to S&P 500,Investing,,,,,,,,,,,,,,
11-Jan-2025,4598.4,1070,3528.4,-3.49,Card,Dunnes,Dunnes Stores,"Dunkers, Square Bars",Impulsive Food,,,,,,,,,,,,,,
11-Jan-2025,4575.65,1070,3505.65,-22.75,Card,Lidl,Lidl Kanturk,Food for knockskehy,Food Non-Personal,,,,,,,,,,,,,,
11-Jan-2025,4571.16,1070,3501.16,-4.49,Card,Supervalu,Twohig's SuperValu Kanturk,Yogurt,Food Non-Personal,,,,,,,,,,,,,,
11-Jan-2025,4561.88,1070,3491.88,-9.28,Card,Spar,Aspel's Spar,Sweets,Impulsive Food,,,,,,,,,,,,,,
12-Jan-2025,4557.18,1070,3487.18,-4.7,Card,Circle K,Circle K Polefield,Sweets,Impulsive Food,,,,,,,,,,,,,,
12-Jan-2025,4528.64,1070,3458.64,-28.54,Card,Lidl,Lidl Kanturk,Food for knockskehy,Food Non-Personal,,,,,,,,,,,,,,
12-Jan-2025,4520.79,1070,3450.79,-7.85,Card,Supervalu,Twohig's SuperValu Kanturk,"Pepsi Max, Yogurt",Food Non-Personal,,,,,,,,,,,,,,
12-Jan-2025,4770.79,1320,3450.79,250.0,Cash,Mumsie,Knockskehy,"Bought Food, Clean Knocktoosh",Mumsie,,,,,,,,,,,,,,
12-Jan-2025,4763.29,1320,3443.29,-7.5,Card,Centra,Herlihy's Centra,"Hunky Dorys, Dairy Milk Bar",Impulsive Food,,,,,,,,,,,,,,
13-Jan-2025,4758.29,1315,3443.29,-5.0,Cash,Denis,,2 cans monster,Impulsive Food,,,,,,,,,,,,,,
13-Jan-2025,4752.31,1315,3437.31,-5.98,Card,Tesco,Tesco Superstore,Square's Bars,Impulsive Food,,,,,,,,,,,,,,
14-Jan-2025,4750.32,1315,3435.32,-1.99,Card,Mr Price,MrPRICE Cork City,Sour Patch Kids,Impulsive Food,,,,,,,,,,,,,,
15-Jan-2025,4850.32,1415,3435.32,100.0,Cash,Denis,,"Paid €100, €117 left",Denis,,,,,,,,,,,,,,
14-Jan-2025,4847.33,1415,3432.33,-2.99,Card,Daybreak,Daybreak,Boost Bars,Impulsive Food,,,,,,,,,,,,,,
15-Jan-2025,4844.34,1415,3429.34,-2.99,Card,Daybreak,Daybreak,Boost Bars,Impulsive Food,,,,,,,,,,,,,,
15-Jan-2025,4826.25,1415,3411.25,-18.09,Card,Tesco,Tesco Superstore,Food,Food,,,,,,,,,,,,,,
16-Jan-2025,4778.48,1415,3363.48,-47.77,Card,TopStep,,Account Fee,Trading,,,,,,,,,,,,,,
16-Jan-2025,4776.49,1415,3361.49,-1.99,Card,Mr Price,MrPRICE Cork City,Sour Patch Kids,Impulsive Food,,,,,,,,,,,,,,
17-Jan-2025,4762.71,1415,3347.71,-13.78,Card,Tesco,Tesco Superstore,Food,Food,,,,,,,,,,,,,,
17-Jan-2025,4752.71,1415,3337.71,-10.0,Card,Trading212,,€10 to S&P 500,Investing,,,,,,,,,,,,,,
17-Jan-2025,4749.72,1415,3334.72,-2.99,Card,Daybreak,Daybreak,Boost Bars,Impulsive Food,,,,,,,,,,,,,,
17-Jan-2025,4715.61,1415,3300.61,-34.11,Card,FxReplay,,Backtesting subscription,Trading,,,,,,,,,,,,,,
17-Jan-2025,4714.93,1415,3299.93,-0.68,Card,,,,BOI Fees,,,,,,,,,,,,,,
17-Jan-2025,4896.44,1415,3481.44,181.51,Bank Transfer,Voodoo,Voodoo Rooms,Wages,Income,,,,,,,,,,,,,,
18-Jan-2025,4890.34,1415,3475.34,-6.1,Card,Circle K,Circle K Polefield,"Monster, Sweets",Impulsive Food,,,,,,,,,,,,,,
18-Jan-2025,4873.14,1415,3458.14,-17.2,Card,Lidl,Lidl Kanturk,Food,Food Non-Personal,,,,,,,,,,,,,,
18-Jan-2025,4864.14,1415,3449.14,-9.0,Card,Supervalu,Twohig's SuperValu Kanturk,Food,Food Non-Personal,,,,,,,,,,,,,,
19-Jan-2025,4858.64,1415,3443.64,-5.5,Card,Supervalu,Twohig's SuperValu Kanturk,Food,Food Non-Personal,,,,,,,,,,,,,,
19-Jan-2025,4844.88,1415,3429.88,-13.76,Card,Lidl,Lidl Kanturk,Food,Food Non-Personal,,,,,,,,,,,,,,
20-Jan-2025,4843.92,1415,3428.92,-0.96,Card,,,,BOI Fees,,,,,,,,,,,,,,
21-Jan-2025,4824.49,1415,3409.49,-19.43,Card,Tesco,Tesco Superstore,Food,Food,,,,,,,,,,,,,,
21-Jan-2025,4823.0,1415,3408.0,-1.49,Card,Mr Price,MrPRICE Cork City,Mars Bars,Impulsive Food,,,,,,,,,,,,,,
22-Jan-2025,4814.01,1415,3399.01,-8.99,Card,Cotters Costcu,Costcutter,"Tayto, sweets, boost bars",Impulsive Food,,,,,,,,,,,,,,
22-Jan-2025,4806.25,1415,3391.25,-7.76,Card,Tesco,Tesco Superstore,Food,Impulsive Food,,,,,,,,,,,,,,
22-Jan-2025,4797.86,1415,3382.86,-8.39,Card,Tesco,Tesco Superstore,Food,Food,,,,,,,,,,,,,,
22-Jan-2025,4795.87,1415,3380.87,-1.99,Card,Mr Price,MrPRICE Cork City,Sour Patch Kids,Impulsive Food,,,,,,,,,,,,,,
23-Jan-2025,4785.12,1415,3370.12,-10.75,Card,Tesco,Tesco Superstore,Food,Food,,,,,,,,,,,,,,
23-Jan-2025,4677.51,1415,3262.51,-107.61,Card,Circle K,Inver Racecourse Junction,Petrol,Petrol,,,,,,,,,,,,,,
23-Jan-2025,4673.46,1415,3258.46,-4.05,Card,Lidl,Lidl Kanturk,Mumsie Stuff,Mumsie,,,,,,,,,,,,,,
23-Jan-2025,4670.97,1415,3255.97,-2.49,Card,Supervalu,Twohig's SuperValu Kanturk,Yogurt,Food Non-Personal,,,,,,,,,,,,,,
23-Jan-2025,6620.97,3365,3255.97,1950.0,Cash,Michael,Knockskehy,"Money for cleaning, owes €0",Michael,,,,,,,,,,,,,,
23-Jan-2025,6720.97,3465,3255.97,100.0,Cash,Mumsie,Knockskehy,Money for working,Mumsie,,,,,,,,,,,,,,
24-Jan-2025,6922.49,3465,3457.49,201.52,Card,Voodoo,Voodoo Rooms,Wages,Income,,,,,,,,,,,,,,
24-Jan-2025,6901.52,3465,3436.52,-20.97,Card,Tesco,Tesco Superstore,Food,Food,,,,,,,,,,,,,,
24-Jan-2025,6891.52,3465,3426.52,-10.0,Card,Trading212,,€10 to S&P 500,Investing,,,,,,,,,,,,,,
26-Jan-2025,6826.13,3465,3361.13,-65.39,Card,YoungLA,,2 t-shirts,Clothes,,,,,,,,,,,,,,
26-Jan-2025,6819.14,3465,3354.14,-6.99,Card,Cotters Costcu,Costcutter,"Tayto's, Boost Bars",Impulsive Food,,,,,,,,,,,,,,
26-Jan-2025,6814.14,3465,3349.14,-5.0,Card,Tesco,Tesco Superstore,"Oreo's, Apple Juice, Sweets",Impulsive Food,,,,,,,,,,,,,,
27-Jan-2025,6799.69,3465,3334.69,-14.45,Card,Tesco,Tesco Superstore,Food,Food,,,,,,,,,,,,,,
27-Jan-2025,6774.54,3465,3309.54,-25.15,Card,Aldi,ALDI,Food,Food,,,,,,,,,,,,,,
28-Jan-2025,6773.65,3465,3308.65,-0.89,Card,Mr Price,MrPRICE Cork City,choclate bar,Impulsive Food,,,,,,,,,,,,,,
28-Jan-2025,6768.14,3465,3303.14,-5.51,Card,Tesco,Tesco Superstore,Food,Impulsive Food,,,,,,,,,,,,,,
29-Jan-2025,6668.14,3465,3203.14,-100.0,Card,Pre Pay Power,,"Denis elctricity, owes 217 now",Denis,,,,,,,,,,,,,,
29-Jan-2025,6661.14,3465,3196.14,-7.0,Card,Tesco,Tesco Superstore,Food,Impulsive Food,,,,,,,,,,,,,,
29-Jan-2025,6651.97,3465,3186.97,-9.17,Card,Tesco,Tesco Superstore,Food,Food,,,,,,,,,,,,,,
30-Jan-2025,6650.72,3465,3185.72,-1.25,Card,Mr Price,MrPRICE Cork City,Tangtastics,Impulsive Food,,,,,,,,,,,,,,
30-Jan-2025,6648.72,3465,3183.72,-2.0,Card,Tesco,Tesco Superstore,Sqaure Bars,Impulsive Food,,,,,,,,,,,,,,
31-Jan-2025,6637.92,3465,3172.92,-10.8,Card,Wok N Roll,Wok'n'Roll Grand Parade,Spice Bag,Impulsive Food,,,,,,,,,,,,,,
31-Jan-2025,6620.17,3465,3155.17,-17.75,Card,Tesco,Tesco Superstore,Food,Food,,,,,,,,,,,,,,
31-Jan-2025,6610.17,3465,3145.17,-10.0,Card,Trading212,,€10 to S&P 500,Investing,,,,,,,,,,,,,,
31-Jan-2025,6604.17,3465,3139.17,-6.0,Bank Transfer,,,Maintaining Account,BOI Fees,,,,,,,,,,,,,,
31-Jan-2025,6733.05,3465,3268.05,128.88,Bank Transfer,Voodoo,Voodoo Rooms,Wages,Income,,,,,,,,,,,,,,
30-Jan-2025,6732.69,3465,3267.69,-0.36,Bank Transfer,,,Govt Duty,BOI Fees,,,,,,,,,,,,,,
1-Feb-2025,6695.69,3465,3230.69,-37.0,Card,Flyefit,FLYEfit,"Denis membership, owes 254",Denis,,,,,,,,,,,,,,
1-Feb-2025,6685.65,3465,3220.65,-10.04,Card,Lidl,Lidl Kanturk,Food,Food Non-Personal,,,,,,,,,,,,,,
2-Feb-2025,6683.36,3465,3218.36,-2.29,Card,Mr Price,MrPRICE Cork City,Boost Bars,Impulsive Food,,,,,,,,,,,,,,
2-Feb-2025,6672.07,3465,3207.07,-11.29,Card,Tesco,Tesco Superstore,Food,Food,,,,,,,,,,,,,,
3-Feb-2025,6663.12,3465,3198.12,-8.95,Card,Tesco,Tesco Superstore,Food,Food,,,,,,,,,,,,,,
3-Feb-2025,6655.92,3465,3190.92,-7.2,Card,Tesco,Tesco Superstore,Food,Impulsive Food,,,,,,,,,,,,,,
4-Feb-2025,6647.4,3465,3182.4,-8.52,Card,Tesco,Tesco Superstore,Food,Impulsive Food,,,,,,,,,,,,,,
4-Feb-2025,6644.95,3465,3179.95,-2.45,Card,Tesco,Tesco Superstore,Popcorn,Impulsive Food,,,,,,,,,,,,,,
5-Feb-2025,6627.62,3465,3162.62,-17.33,Card,Aldi,ALDI,Food,Food,,,,,,,,,,,,,,
6-Feb-2025,6611.99,3465,3146.99,-15.63,Card,Aldi,ALDI,Food,Food,,,,,,,,,,,,,,
6-Feb-2025,6607.89,3465,3142.89,-4.1,Card,Tesco,Tesco Superstore,4 pack Club Orange,Impulsive Food,,,,,,,,,,,,,,
7-Feb-2025,6594.29,3465,3129.29,-13.6,Card,Aldi,ALDI,Food,Food,,,,,,,,,,,,,,
7-Feb-2025,6591.55,3465,3126.55,-2.74,Card,Mr Price,MrPRICE Cork City,Mi Wadi,Food,,,,,,,,,,,,,,
7-Feb-2025,6879.26,3465,3414.26,287.71,Bank Transfer,Voodoo,Voodoo Rooms,Wages,Income,,,,,,,,,,,,,,
7-Feb-2025,6869.26,3465,3404.26,-10.0,Card,Trading212,,€10 to S&P 500,Investing,,,,,,,,,,,,,,
7-Feb-2025,6866.61,3465,3401.61,-2.65,Card,Daybreak,Daybreak,Suger Free Red Bull,Impulsive Food,,,,,,,,,,,,,,
8-Feb-2025,6860.71,3465,3395.71,-5.9,Card,Circle K,Circle K Polefield,"Sweets, Tayto's",Impulsive Food,,,,,,,,,,,,,,
8-Feb-2025,6850.77,3465,3385.77,-9.94,Card,Lidl,Lidl Kanturk,"Stuff for knockskehy, rejected payment.",Null,,,,,,,,,,,,,,
8-Feb-2025,6860.71,3465,3395.71,9.94,Card,Lidl,Lidl Kanturk,Money back for rejected payment.,Null,,,,,,,,,,,,,,
8-Feb-2025,7960.71,4565,3395.71,1100.0,Cash,Mumsie,Knockskehy,Money for bernese pup,Mumsie,,,,,,,,,,,,,,
10-Feb-2025,7940.71,4565,3375.71,-20.0,Card,City Barbers,City barbers,Haircut,Personal,,,,,,,,,,,,,,
10-Feb-2025,7925.38,4565,3360.38,-15.33,Card,Tesco,Tesco Superstore,Food,Food,,,,,,,,,,,,,,
10-Feb-2025,7917.38,4565,3352.38,-8.0,Card,Centra,Centra,"Popsorn, Dairy Milk Bar",Impulsive Food,,,,,,,,,,,,,,
11-Feb-2025,7902.8,4565,3337.8,-14.58,Card,Tesco,Tesco Superstore,Food,Food,,,,,,,,,,,,,,
11-Feb-2025,7899.3,4565,3334.3,-3.5,Card,Tesco,Tesco Superstore,Chewing gum,Impulsive Food,,,,,,,,,,,,,,
12-Feb-2025,7884.06,4565,3319.06,-15.24,Card,Aldi,ALDI,Food,Food,,,,,,,,,,,,,,
12-Feb-2025,7878.47,4565,3313.47,-5.59,Card,Mr Price,MrPRICE Cork City,4 Pack Monster,Impulsive Food,,,,,,,,,,,,,,
12-Feb-2025,7702.47,4565,3137.47,-176.0,Card,ThePerfumeShop,https://www.theperfumeshop.com/ie/my-account/order/10073333429,2 Prada L'Homme,Personal,,,,,,,,,,,,,,
13-Feb-2025,7700.18,4565,3135.18,-2.29,Card,Mr Price,MrPRICE Cork City,Boost Bars,Impulsive Food,,,,,,,,,,,,,,
13-Feb-2025,7691.87,4565,3126.87,-8.31,Card,Aldi,ALDI,Food,Food,,,,,,,,,,,,,,
13-Feb-2025,7686.18,4565,3121.18,-5.69,Card,Chemist Warhouse,Chemist Warehouse Cornmarket,Mouthwash,Personal,,,,,,,,,,,,,,
14-Feb-2025,7675.39,4565,3110.39,-10.79,Card,Tesco,Tesco Superstore,,Food,,,,,,,,,,,,,,
14-Feb-2025,7807.86,4565,3242.86,132.47,Card,Voodoo,Voodoo Rooms,Wages,Income,,,,,,,,,,,,,,
12-Feb-2025,7801.36,4565,3236.36,-6.5,Card,Centra,Centra,Ice-cream for sis,Sheila,,,,,,,,,,,,,,
12-Feb-2025,7806.36,4570,3236.36,5.0,Cash,Sis,,Wanted ice-cream,Sheila,,,,,,,,,,,,,,
14-Feb-2025,7771.36,4535,3236.36,-35.0,Cash,,,Bought food and stuff the weekend,Food Non-Personal,,,,,,,,,,,,,,
15-Feb-2025,7763.81,4535,3228.81,-7.55,Card,Circle K,Circle K Polefield,"Sweets, Monster",Impulsive Food,,,,,,,,,,,,,,
15-Feb-2025,7725.76,4535,3190.76,-38.05,Card,Lidl,Lidl Kanturk,Food,Food Non-Personal,,,,,,,,,,,,,,
15-Feb-2025,7619.51,4535,3084.51,-106.25,Card,Maxol,Hannon’s Mace/Maxol,"Petrol, Sweets, ice-cream",Petrol,,,,,,,,,,,,,,
16-Feb-2025,7603.68,4535,3068.68,-15.83,Card,Tesco,Tesco Superstore,Food,Food,,,,,,,,,,,,,,
16-Feb-2025,7595.69,4535,3060.69,-7.99,Card,Daybreak,Daybreak,"Club Lemon, Extra Refreshers",Impulsive Food,,,,,,,,,,,,,,
16-Feb-2025,7585.69,4535,3050.69,-10.0,Card,Trading212,,€10 to S&P 500,Investing,,,,,,,,,,,,,,
17-Feb-2025,7552.18,4535,3017.18,-33.51,Card,FxReplay,,Backtesting subscription,Trading,,,,,,,,,,,,,,
17-Feb-2025,7549.79,4535,3014.79,-2.39,Card,Chemist Warhouse,Chemist Warehouse Cornmarket,Nail clippers,Personal,,,,,,,,,,,,,,
17-Feb-2025,7530.19,4535,2995.19,-19.6,Card,Dinos,Dinos,Food,Impulsive Food,,,,,,,,,,,,,,
17-Feb-2025,7430.19,4535,2895.19,-100.0,Card,Pre Pay Power,,"Denis electricity, now owes €354",Denis,,,,,,,,,,,,,,
17-Feb-2025,7784.19,4535,3249.19,354.0,Bank Transfer,Denis,,"Paid money owed, now owes €0",Denis,,,,,,,,,,,,,,
17-Feb-2025,8774.19,5525,3249.19,990.0,Cash,Coins,Bank of Ireland,Gave in coins for cash,Income,,,,,,,,,,,,,,
17-Feb-2025,8740.62,5525,3215.62,-33.57,Card,Amazon,,"Shirt stays, shoe polish",Clothes,,,,,,,,,,,,,,
17-Feb-2025,8693.71,5525,3168.71,-46.91,Card,Topstep,,Combine subscription,Trading,,,,,,,,,,,,,,
18-Feb-2025,8691.42,5525,3166.42,-2.29,Card,Mr Price,MrPRICE Cork City,Boost Bars,Impulsive Food,,,,,,,,,,,,,,
18-Feb-2025,8676.81,5525,3151.81,-14.61,Card,Tesco,Tesco Superstore,Food,Food,,,,,,,,,,,,,,
18-Feb-2025,8674.52,5525,3149.52,-2.29,Card,Mr Price,MrPRICE Cork City,Boost Bars,Impulsive Food,,,,,,,,,,,,,,
18-Feb-2025,8673.58,5525,3148.58,-0.94,Bank Transfer,,,,BOI Fees,,,,,,,,,,,,,,
19-Feb-2025,8665.31,5525,3140.31,-8.27,Card,Mr Price,MrPRICE Cork City,Sweets and stuff,Impulsive Food,,,,,,,,,,,,,,
19-Feb-2025,8654.08,5525,3129.08,-11.23,Card,Tesco,Tesco Superstore,Food,Food,,,,,,,,,,,,,,
20-Feb-2025,8640.6,5525,3115.6,-13.48,Card,Tesco,Tesco Superstore,Food,Food,,,,,,,,,,,,,,
21-Feb-2025,8623.72,5525,3098.72,-16.88,Card,Tesco,Tesco Superstore,Food,Food,,,,,,,,,,,,,,
21-Feb-2025,8619.52,5525,3094.52,-4.2,Card,Circle K,Circle K Polefield,Sweets,Impulsive Food,,,,,,,,,,,,,,
21-Feb-2025,8616.57,5525,3091.57,-2.95,Card,Daybreak,Daybreak,Pipeline Punch,Impulsive Food,,,,,,,,,,,,,,
21-Feb-2025,8965.74,5525,3440.74,349.17,Bank Transfer,Voodoo,Voodoo Rooms,Wages,Income,,,,,,,,,,,,,,
17-Feb-2025,8965.07,5525,3440.07,-0.67,Bank Transfer,,,,BOI Fees,,,,,,,,,,,,,,
21-Feb-2025,8955.07,5525,3430.07,-10.0,Card,Trading212,,€10 to S&P 500,Investing,,,,,,,,,,,,,,
21-Feb-2025,8950.08,5525,3425.08,-4.99,Card,Chemist Warehouse,Chemist Warehouse Cornmarket,Floss,Personal,,,,,,,,,,,,,,
22-Feb-2025,8937.93,5525,3412.93,-12.15,Card,Wok N Roll,Wok'n'Roll Grand Parade,Spice Bag,Impulsive Food,,,,,,,,,,,,,,
22-Feb-2025,8921.94,5525,3396.94,-15.99,Card,Lidl,Lidl Kanturk,Food for knockskehy,Food Non-Personal,,,,,,,,,,,,,,
22-Feb-2025,10171.94,6775,3396.94,1250.0,Cash,Mumsie,Knockskehy,Money for bernese pup,Mumsie,,,,,,,,,,,,,,
23-Feb-2025,10147.97,6775,3372.97,-23.97,Card,Chemist Warehouse,Chemist Warehouse Cornmarket,"Body wash, shampoo, ",Personal,,,,,,,,,,,,,,
23-Feb-2025,10125.6,6775,3350.6,-22.37,Card,Tesco,Tesco Superstore,Food,Food,,,,,,,,,,,,,,
24-Feb-2025,10108.27,6775,3333.27,-17.33,Card,Tesco,Tesco Superstore,Food,Food,,,,,,,,,,,,,,
24-Feb-2025,10106.78,6775,3331.78,-1.49,Card,Mr Price,MrPRICE Cork City,Container of sweets,Impulsive Food,,,,,,,,,,,,,,
25-Feb-2025,10104.79,6775,3329.79,-1.99,Card,Mr Price,MrPRICE Cork City,Sour Patch Kids,Impulsive Food,,,,,,,,,,,,,,
25-Feb-2025,10098.29,6775,3323.29,-6.5,Card,Tesco,Tesco Superstore,Food,Food,,,,,,,,,,,,,,
25-Feb-2025,10091.3,6775,3316.3,-6.99,Card,Chemist Warehouse,Chemist Warehouse Cornmarket,Face Wash,Personal,,,,,,,,,,,,,,
25-Feb-2025,10080.7,6775,3305.7,-10.6,Card,Tesco,Tesco Superstore,Food,Food,,,,,,,,,,,,,,
26-Feb-2025,10061.02,6775,3286.02,-19.68,Card,Tesco,Tesco Superstore,Food,Food,,,,,,,,,,,,,,
26-Feb-2025,10057.02,6775,3282.02,-4.0,Card,Tesco,Tesco Superstore,4 * Pain du choclate,Impulsive Food,,,,,,,,,,,,,,
26-Feb-2025,10055.03,6775,3280.03,-1.99,Card,Mr Price,MrPRICE Cork City,Sour Patch Kids,Impulsive Food,,,,,,,,,,,,,,
27-Feb-2025,10044.39,6775,3269.39,-10.64,Card,Tesco,Tesco Superstore,Food,Food,,,,,,,,,,,,,,
27-Feb-2025,10041.14,6775,3266.14,-3.25,Card,Tesco,Tesco Superstore,Mi Wadi,Food,,,,,,,,,,,,,,
27-Feb-2025,10039.15,6775,3264.15,-1.99,Card,Mr Price,MrPRICE Cork City,Sour Patch Kids,Impulsive Food,,,,,,,,,,,,,,
27-Feb-2025,10029.38,6775,3254.38,-9.77,Card,Tesco,Tesco Superstore,Food,Food,,,,,,,,,,,,,,
28-Feb-2025,10020.5,6775,3245.5,-8.88,Card,Aldi,ALDI,Food,Food,,,,,,,,,,,,,,
28-Feb-2025,10010.5,6775,3235.5,-10.0,Card,Trading212,,€10 to S&P 500,Investing,,,,,,,,,,,,,,
28-Feb-2025,10004.5,6775,3229.5,-6.0,Bank Transfer,,,Maintaining Account,BOI Fees,,,,,,,,,,,,,,
28-Feb-2025,10216.65,6775,3441.65,212.15,Bank Transfer,Voodoo,Voodoo Rooms,Wages,Income,,,,,,,,,,,,,,
28-Feb-2025,10215.4,6775,3440.4,-1.25,Card,Mr Price,MrPRICE Cork City,Sweets,Impulsive Food,,,,,,,,,,,,,,
28-Feb-2025,10205.95,6775,3430.95,-9.45,Card,Tesco,Tesco Superstore,Food,Food,,,,,,,,,,,,,,
1-Mar-2025,10199.95,6775,3424.95,-6.0,Card,Lidl,Lidl Kanturk,Food,Impulsive Food,,,,,,,,,,,,,,
1-Mar-2025,10183.45,6775,3408.45,-16.5,Card,Lidl,Lidl Kanturk,Food,Food,,,,,,,,,,,,,,
2-Mar-2025,10171.98,6775,3396.98,-11.47,Card,Wok N Roll,,Spice Bag,Impulsive Food,,,,,,,,,,,,,,
2-Mar-2025,10165.63,6775,3390.63,-6.35,Card,Centra,,"Sweets, Monster",Impulsive Food,,,,,,,,,,,,,,
3-Mar-2025,10152.9,6775,3377.9,-12.73,Card,Tesco,Tesco Superstore,Food,Food,,,,,,,,,,,,,,
4-Mar-2025,10137.96,6775,3362.96,-14.94,Card,Tesco,Tesco Superstore,Food,Food,,,,,,,,,,,,,,
4-Mar-2025,10128.56,6775,3353.56,-9.4,Card,Tesco,Tesco Superstore,Sweets,Impulsive Food,,,,,,,,,,,,,,
4-Mar-2025,10126.57,6775,3351.57,-1.99,Card,Mr Price,MrPRICE Cork City,Sweets,Impulsive Food,,,,,,,,,,,,,,
4-Mar-2025,10081.57,6775,3306.57,-45.0,Card,Denis,,"Renew Learner Permit, owes 0 + 45 = 45",Denis,,,,,,,,,,,,,,
4-Mar-2025,10006.57,6775,3231.57,-75.0,Card,Denis,,"Renew Passport, 45 + 75 = 120",Denis,,,,,,,,,,,,,,
5-Mar-2025,9996.4,6775,3221.4,-10.17,Card,Lidl,Lidl Kanturk,Food,Impulsive Food,,,,,,,,,,,,,,
5-Mar-2025,9988.11,6775,3213.11,-8.29,Card,Tesco,Tesco Superstore,Food,Food,,,,,,,,,,,,,,
5-Mar-2025,9938.11,6775,3163.11,-50.0,Card,O' Sullivans Tyres,O'Sullivan Tyres,Tracked tyres,Car Maintenance,,,,,,,,,,,,,,
6-Mar-2025,9909.68,6775,3134.68,-28.43,Card,Lidl,Lidl,Food,Food,,,,,,,,,,,,,,
7-Mar-2025,10559.68,6775,3784.68,650.0,Bank Transfer,Bernese pup,,Deposit,Mumsie,,,,,,,,,,,,,,
7-Mar-2025,10626.85,6775,3851.85,67.17,Bank Transfer,Voodoo,,Wages,Income,,,,,,,,,,,,,,
2-Mar-2025,10611.46,6775,3836.46,-15.39,Card,Tesco,Tesco Superstore,Food,Food,,,,,,,,,,,,,,
7-Mar-2025,10601.46,6775,3826.46,-10.0,Card,Trading212,,€10 to S&P 500,Investing,,,,,,,,,,,,,,
8-Mar-2025,10492.95,6775,3717.95,-108.51,Card,Circle K,Inver Racecourse Junction,"Petrol, sweets",Petrol,,,,,,,,,,,,,,
8-Mar-2025,10486.95,6775,3711.95,-6.0,Card,Lidl,Lidl Kanturk,6 * Pan de choclate,Impulsive Food,,,,,,,,,,,,,,
8-Mar-2025,10429.94,6775,3654.94,-57.01,Card,Lidl,Lidl Kanturk,Groceries for week,Food,,,,,,,,,,,,,,
9-Mar-2025,10423.35,6775,3648.35,-6.59,Card,Mr Price,MrPRICE Cork City,4 pack monster,Impulsive Food,,,,,,,,,,,,,,
9-Mar-2025,10383.35,6775,3608.35,-40.0,Card,Cork City Council,,Parking Fine,Fine,,,,,,,,,,,,,,
8-Mar-2025,10983.35,7375,3608.35,600.0,Cash,Bernese pup,Knockskehy,2nd half of money,Mumsie,,,,,,,,,,,,,,
14-Mar-2025,10972.51,7375,3597.51,-10.84,Card,Tesco,Tesco Superstore,Food,Food,,,,,,,,,,,,,,
14-Mar-2025,10971.26,7375,3596.26,-1.25,Card,Mr Price,MrPRICE Cork City,Sweets,Impulsive Food,,,,,,,,,,,,,,
14-Mar-2025,10944.26,7375,3569.26,-27.0,Card,TradingView,,Monthly Subscription,Trading,,,,,,,,,,,,,,
14-Mar-2025,10924.26,7375,3549.26,-20.0,Card,Trading212,,€20 to S&P 500,Investing,,,,,,,,,,,,,,
14-Mar-2025,11055.48,7375,3680.48,131.22,Bank Transfer,Voodoo,Voodoo Rooms,Wages,Income,,,,,,,,,,,,,,
15-Mar-2025,11043.29,7375,3668.29,-12.19,Card,Tesco,Tesco Superstore,Food,Food,,,,,,,,,,,,,,
16-Mar-2025,11033.74,7375,3658.74,-9.55,Card,Lidl,Lidl Kanturk,Milk + croissants,Impulsive Food,,,,,,,,,,,,,,
16-Mar-2025,10971.66,7375,3596.66,-62.08,Card,Lidl,Lidl Kanturk,Food for week,Food,,,,,,,,,,,,,,
17-Mar-2025,10961.11,7375,3586.11,-10.55,Card,Circle K,Circle K Polefield,Sweets + monster,Impulsive Food,,,,,,,,,,,,,,
17-Mar-2025,10954.61,7375,3579.61,-6.5,Card,Mace,Mace,Sweets,Impulsive Food,,,,,,,,,,,,,,
18-Mar-2025,10454.61,7375,3079.61,-500.0,Card,Trading212,,€500 to S&P 500,Investing,,,,,,,,,,,,,,
19-Mar-2025,10449.61,7370,3079.61,-5.0,Cash,Daybreak,Daybreak,"Monster, M&M's",Impulsive Food,,,,,,,,,,,,,,
21-Mar-2025,10802.52,7370,3432.52,352.91,Bank Transfer,Voodoo,Voodoo Rooms,Wages,Income,,,,,,,,,,,,,,
21-Mar-2025,10657.52,7370,3287.52,-145.0,Card,Mick Murphy,Mick Murphy Menswear,2 shirts,Clothes,,,,,,,,,,,,,,
21-Mar-2025,10607.52,7320,3287.52,-50.0,Cash,Mick Murphy,Mick Murphy Menswear,Gave Padraig €50 tip,Entertainment,,,,,,,,,,,,,,
21-Mar-2025,10447.52,7160,3287.52,-160.0,Cash,An Post,An Post,Paid Speeding Fine,Fine,,,,,,,,,,,,,,
21-Mar-2025,10443.43,7160,3283.43,-4.09,Card,Lidl,Lidl,Pan Du Choclate,Impulsive Food,,,,,,,,,,,,,,
21-Mar-2025,10423.43,7160,3263.43,-20.0,Card,Trading212,,€20 to S&P 500,Investing,,,,,,,,,,,,,,
22-Mar-2025,10341.42,7160,3181.42,-82.01,Card,Lidl,Lidl Kanturk,Food for week,Food,,,,,,,,,,,,,,
22-Mar-2025,10298.0,7160,3138.0,-43.42,Card,Lidl,Lidl Kanturk,Food for home,Food Non-Personal,,,,,,,,,,,,,,
22-Mar-2025,10285.86,7160,3125.86,-12.14,Card,Superalu,Twohig's SuperValu Kanturk,"Soup, choclate bar, jelly babies",Food Non-Personal,,,,,,,,,,,,,,
23-Mar-2025,10274.63,7160,3114.63,-11.23,Card,Lidl,Lidl,"Mi Wadi, 6 Pan Du Choclate",Impulsive Food,,,,,,,,,,,,,,
24-Mar-2025,10269.63,7155,3114.63,-5.0,Cash,Denis,,Money for 2 * monster,Impulsive Food,,,,,,,,,,,,,,
22-Mar-2025,10469.63,7355,3114.63,200.0,Cash,Mumsie,,"Groceries, Work",Mumsie,,,,,,,,,,,,,,
24-Mar-2025,10464.64,7355,3109.64,-4.99,Card,Lidl,Lidl,"3 * pan du choclate, aero bar",Impulsive Food,,,,,,,,,,,,,,
25-Mar-2025,10455.85,7355,3100.85,-8.79,Card,Cotters Costcu,Costcutter,"Sweets, aero bar, oreo biscuits",Impulsive Food,,,,,,,,,,,,,,
25-Mar-2025,10452.45,7355,3097.45,-3.4,Card,Eurogiant,EuroGiant,"Sewing needles, pepsi max",Personal,,,,,,,,,,,,,,
25-Mar-2025,10451.2,7355,3096.2,-1.25,Card,Mr Price,MrPRICE Cork City,Sweets,Impulsive Food,,,,,,,,,,,,,,
25-Mar-2025,10444.73,7355,3089.73,-6.47,Card,Lidl,Lidl,"2 * Mi Wadi, Aero bar",Impulsive Food,,,,,,,,,,,,,,
26-Mar-2025,10439.29,7355,3084.29,-5.44,Card,Lidl,Lidl,"4 * Cookie's, ice-cream",Impulsive Food,,,,,,,,,,,,,,
26-Mar-2025,10438.04,7355,3083.04,-1.25,Card,Mr Price,MrPRICE Cork City,Sweets,Impulsive Food,,,,,,,,,,,,,,
27-Mar-2025,10429.05,7355,3074.05,-8.99,Card,Cotters Costcu,Costcutter,"Sweets, Hunky Dory's, Boost Bars",Impulsive Food,,,,,,,,,,,,,,
27-Mar-2025,10417.05,7355,3062.05,-12.0,Card,Cork Button Co,Cork Button Company,Tailored Waistcoat,Clothes,,,,,,,,,,,,,,
27-Mar-2025,10413.77,7355,3058.77,-3.28,Card,Centra,Clifford's Centra,"Sweets, Oreo's",Impulsive Food,,,,,,,,,,,,,,
27-Mar-2025,10341.79,7355,2986.79,-71.98,Card,Amazon,,Bought hyperX cloud III headphones,Personal,,,,,,,,,,,,,,
28-Mar-2025,10332.78,7355,2977.78,-9.01,Card,Lidl,Lidl,"Cookies, ice-cream, peri peri, black bean sauce",Food,,,,,,,,,,,,,,
28-Mar-2025,10312.78,7355,2957.78,-20.0,Card,Trading212,,€20 to S&P 500,Investing,,,,,,,,,,,,,,
28-Mar-2025,10545.82,7355,3190.82,233.04,Card,Voodoo,Voodoo Rooms,Wages,Income,,,,,,,,,,,,,,
29-Mar-2025,10499.44,7355,3144.44,-46.38,Card,Lidl,Lidl Kanturk,Food for home,Food Non-Personal,,,,,,,,,,,,,,
29-Mar-2025,10490.44,7355,3135.44,-9.0,Card,The Veterinary Centre,The Veterinary Centre,"Sheila, 9 tablets",Sheila,,,,,,,,,,,,,,
29-Mar-2025,12480.44,9345,3135.44,1990.0,Cash,mumsie,Knockskehy,2 * bernese pup,Mumsie,,,,,,,,,,,,,,
29-Mar-2025,12489.44,9345,3144.44,9.0,Bank Transfer,Sheila,,Money for tablets,Sheila,,,,,,,,,,,,,,
29-Mar-2025,12389.44,9245,3144.44,-100.0,Cash,Aspels Spar,Aspel's Spar,Petrol,Petrol,,,,,,,,,,,,,,
30-Mar-2025,12378.64,9245,3133.64,-10.8,Card,Wok N Roll,Wok'n'Roll Grand Parade,Spice Bag,Impulsive Food,,,,,,,,,,,,,,
30-Mar-2025,12377.65,9245,3132.65,-0.99,Card,Mr Price,MrPRICE Cork City,Sweets,Impulsive Food,,,,,,,,,,,,,,
30-Mar-2025,12372.9,9245,3127.9,-4.75,Card,Circle K,Circle K EXPRESS Mallow,"Monster, sweets",Impulsive Food,,,,,,,,,,,,,,
31-Mar-2025,12363.94,9245,3118.94,-8.96,Card,Lidl,Lidl,"Turkey mince, mushrooms, peppers",Food,,,,,,,,,,,,,,
31-Mar-2025,12347.94,9245,3102.94,-16.0,Card,Pennys,Penneys,4 * socks,Clothes,,,,,,,,,,,,,,
31-Mar-2025,12341.94,9245,3096.94,-6.0,Bank Transfer,BOI,,Maintaining Account,BOI Fees,,,,,,,,,,,,,,
1-Apr-2025,12336.62,9245,3091.62,-5.32,Card,Lidl,Lidl,"Mushroom, peppers, brocolli",Food,,,,,,,,,,,,,,
1-Apr-2025,12329.4,9245,3084.4,-7.22,Card,Mr Price,MrPRICE Cork City,"Flavoured water, 2 * Mi Wadi",Food,,,,,,,,,,,,,,
2-Apr-2025,12320.45,9245,3075.45,-8.95,Card,Lidl,Lidl,"Jaffa Cakes, Veg",Food,,,,,,,,,,,,,,
2-Apr-2025,12316.96,9245,3071.96,-3.49,Card,Lidl,Lidl,"2 * Roles, chicken",Impulsive Food,,,,,,,,,,,,,,
3-Apr-2025,12296.96,9245,3051.96,-20.0,Card,City Barbers,City barbers,Haircut,Personal,,,,,,,,,,,,,,
3-Apr-2025,12226.97,9245,2981.97,-69.99,Card,Chemist Warehouse,Chemist Warehouse Cornmarket,Versace Eros,Personal,,,,,,,,,,,,,,
3-Apr-2025,12216.86,9245,2971.86,-10.11,Card,Lidl,Lidl,"Tukey Mince, Veg, Brownie ice-cream",Food,,,,,,,,,,,,,,
4-Apr-2025,12208.19,9245,2963.19,-8.67,Card,Lidl,Lidl,Food,Food,,,,,,,,,,,,,,
4-Apr-2025,12188.19,9245,2943.19,-20.0,Card,Trading 212,,€20 to S&P 500,Investing,,,,,,,,,,,,,,
4-Apr-2025,12181.7,9245,2936.7,-6.49,Card,Cotters Costcu,Costcutter,"Hunky Dory's, Boost Bars",Impulsive Food,,,,,,,,,,,,,,
5-Apr-2025,12158.65,9245,2913.65,-23.05,Card,Lidl,Lidl Kanturk,Food for home,Food Non-Personal,,,,,,,,,,,,,,
6-Apr-2025,12147.85,9245,2902.85,-10.8,Card,Wok N Roll,Wok'n'Roll Grand Parade,Spice Bag,Impulsive Food,,,,,,,,,,,,,,
4-Apr-2025,12274.08,9245,3029.08,126.23,Bank Transfer,Voodoo,Voodoo Rooms,Wages,Income,,,,,,,,,,,,,,
6-Apr-2025,12274.08,9245,3029.08,0.0,Cash,Miscount,,Miscounted the money,Null,,,,,,,,,,,,,,
6-Apr-2025,12270.86,9245,3025.86,-3.22,Card,Lidl,Lidl,"2 * Roles, Sliced deli chicken",Food,,,,,,,,,,,,,,
7-Apr-2025,12253.36,9245,3008.36,-17.5,Card,Eskimo,Eskimo Pizza (North),14 inch pizza,Impulsive Food,,,,,,,,,,,,,,
7-Apr-2025,11753.36,9245,2508.36,-500.0,Card,Trading212,,€500 to S&P 500,Investing,,,,,,,,,,,,,,
7-Apr-2025,11750.58,9245,2505.58,-2.78,Card,Lidl,Lidl,"2 * roles, deli sliced chicken",Food,,,,,,,,,,,,,,
7-Apr-2025,11742.81,9245,2497.81,-7.77,Card,Lidl,Lidl,"2 * roles, deli sliced chicken, ketchup",Food,,,,,,,,,,,,,,
8-Apr-2025,11739.59,9245,2494.59,-3.22,Card,Lidl,Lidl,"2 * roles, deli sliced chicken, burbons",Food,,,,,,,,,,,,,,
8-Apr-2025,11736.81,9245,2491.81,-2.78,Card,Lidl,Lidl,"2 * roles, deli sliced chicken",Food,,,,,,,,,,,,,,
8-Apr-2025,11733.57,9245,2488.57,-3.24,Card,Lidl,Lidl,"Tayto's, tangtastics",Impulsive Food,,,,,,,,,,,,,,
9-Apr-2025,11730.58,9245,2485.58,-2.99,Card,Lidl,Lidl,Turkey mince,Food,,,,,,,,,,,,,,
9-Apr-2025,11726.85,9245,2481.85,-3.73,Card,Lidl,Lidl,"Turkey mince, Kong strong energy drink",Food,,,,,,,,,,,,,,
9-Apr-2025,11723.55,9245,2478.55,-3.3,Card,Cotters Costcu,Costcutter,Monster,Impulsive Food,,,,,,,,,,,,,,
10-Apr-2025,11720.56,9245,2475.56,-2.99,Card,Lidl,Lidl,Turkey Mince,Food,,,,,,,,,,,,,,
10-Apr-2025,11714.58,9245,2469.58,-5.98,Card,Lidl,Lidl,"Tukey Mince, ice-cream",Food,,,,,,,,,,,,,,
10-Apr-2025,11706.24,9245,2461.24,-8.34,Card,Lidl,Lidl,"Rolls, deli chicken, cookies",Impulsive Food,,,,,,,,,,,,,,
11-Apr-2025,11702.1,9245,2457.1,-4.14,Card,Lidl,Lidl,"Chicken thighs, 2*Roles",Food,,,,,,,,,,,,,,
11-Apr-2025,11695.51,9245,2450.51,-6.59,Card,Mr Price,MrPRICE Cork City,4 pack monster,Impulsive Food,,,,,,,,,,,,,,
11-Apr-2025,11675.51,9245,2430.51,-20.0,Card,Trading212,,€20 to S&P 500,Investing,,,,,,,,,,,,,,
11-Apr-2025,11795.33,9245,2550.33,119.82,Card,Voodoo,Voodoo Rooms,Wages,Income,,,,,,,,,,,,,,
11-Apr-2025,11788.03,9245,2543.03,-7.3,Card,Lidl,Lidl,"Roles, cookies",Impulsive Food,,,,,,,,,,,,,,
12-Apr-2025,11770.4,9245,2525.4,-17.63,Card,Lidl,Lidl Kanturk,Food for home,Food Non-Personal,,,,,,,,,,,,,,
12-Apr-2025,11920.4,9395,2525.4,150.0,Cash,Mumsie,Knockskehy,Worked at home/ bought food,Mumsie,,,,,,,,,,,,,,
13-Apr-2025,11900.4,9395,2505.4,-20.0,Card,Phonetastic,Phonetastic Ltd,32GB USB Stick,Entertainment,,,,,,,,,,,,,,
13-Apr-2025,11892.81,9395,2497.81,-7.59,Card,Lidl,Lidl,Turkey Breast,Food,,,,,,,,,,,,,,
13-Apr-2025,11888.12,9395,2493.12,-4.69,Card,Lidl,Lidl,"Cookies, Cloudy Apple Juice",Impulsive Food,,,,,,,,,,,,,,
13-Apr-2025,9288.12,6795,2493.12,-2600.0,Cash,Janis Prieditis,P51 RY9N,PC + Monitor,Entertainment,,,,,,,,,,,,,,
14-Apr-2025,9282.53,6795,2487.53,-5.59,Card,Lidl,Lidl,"Chicken thighs, 2*Roles, Tangfastics",Food,,,,,,,,,,,,,,
14-Apr-2025,9279.79,6795,2484.79,-2.74,Card,Mr Price,MrPRICE Cork City,Mi Wadi Blackcurrent,Food,,,,,,,,,,,,,,
14-Apr-2025,9271.18,6795,2476.18,-8.61,Card,TradingView,,Data Plan,Trading,,,,,,,,,,,,,,
14-Apr-2025,9252.79,6795,2457.79,-18.39,Card,TradingView,,Subscription Plan,Trading,,,,,,,,,,,,,,
14-Apr-2025,9248.8,6795,2453.8,-3.99,Card,Cotters Costcu,Costcutter,Hunky Dory's,Impulsive Food,,,,,,,,,,,,,,
15-Apr-2025,9241.67,6795,2446.67,-7.13,Card,Lidl,Lidl,"Chicken thighs, 2 * Roles, ice-cream",Food,,,,,,,,,,,,,,
15-Apr-2025,9235.17,6795,2440.17,-6.5,Card,Lidl,Lidl,"Chicken thighs, 2 * Roles",Food,,,,,,,,,,,,,,
16-Apr-2025,9230.18,6795,2435.18,-4.99,Card,Lidl,Lidl,"Chicken thighs, 2 * Roles",Food,,,,,,,,,,,,,,
16-Apr-2025,9224.74,6795,2429.74,-5.44,Card,Lidl,Lidl,"Cookies, Ice-cream",Impulsive Food,,,,,,,,,,,,,,
16-Apr-2025,9219.89,6795,2424.89,-4.85,Card,Lidl,Lidl,Unsure,Impulsive Food,,,,,,,,,,,,,,
16-Apr-2025,9204.9,6795,2409.9,-14.99,Card,Steam,,Bought Red Dead Redemtion 2,Entertainment,,,,,,,,,,,,,,
17-Apr-2025,9184.9,6795,2389.9,-20.0,Card,Trading212,,€20 to S&P 500,Investing,,,,,,,,,,,,,,
17-Apr-2025,9178.52,6795,2383.52,-6.38,Card,Lidl,Lidl,Food,Food,,,,,,,,,,,,,,
17-Apr-2025,9176.07,6795,2381.07,-2.45,Card,Lidl,Lidl,Unsure,Impulsive Food,,,,,,,,,,,,,,
17-Apr-2025,9174.08,6795,2379.08,-1.99,Card,Mr Price,MrPRICE Cork City,Sour Patch Kids,Impulsive Food,,,,,,,,,,,,,,
18-Apr-2025,9153.08,6795,2358.08,-21.0,Card,Dunnes Stores,Dunnes Stores,Socks for mumsie,Mumsie,,,,,,,,,,,,,,
18-Apr-2025,9146.59,6795,2351.59,-6.49,Card,Dunnes Stores,Dunnes Stores,"Boost bars, breakfast bars",Impulsive Food,,,,,,,,,,,,,,
18-Apr-2025,9142.34,6795,2347.34,-4.25,Card,Johns Bridge,Emo Johnsbridge Service Station,Pepsi Max,Food Non-Personal,,,,,,,,,,,,,,
18-Apr-2025,9055.59,6795,2260.59,-86.75,Card,Aspels Spar,Aspel's Spar,Petrol,Petrol,,,,,,,,,,,,,,
19-Apr-2025,9038.09,6795,2243.09,-17.5,Card,Eskimo,Eskimo Pizza (North),Pizza,Impulsive Food,,,,,,,,,,,,,,
19-Apr-2025,8988.09,6795,2193.09,-50.0,Card,Dogs.ie,,Cockapoo add,Mumsie,,,,,,,,,,,,,,
20-Apr-2025,8981.79,6795,2186.79,-6.3,Card,Circle K,Circle K Polefield,"Maltesers, Club Orange",Impulsive Food,,,,,,,,,,,,,,
21-Apr-2025,8974.7,6795,2179.7,-7.09,Card,Lidl,Lidl,Food,Food,,,,,,,,,,,,,,
21-Apr-2025,8968.11,6795,2173.11,-6.59,Card,Lidl,Lidl,Food,Food,,,,,,,,,,,,,,
21-Apr-2025,8964.36,6795,2169.36,-3.75,Card,Daybreak,Daybreak,Mi Wadi,Food,,,,,,,,,,,,,,
21-Apr-2025,8961.86,6795,2166.86,-2.5,Card,Daybreak,Daybreak,Sour Patch Kids,Impulsive Food,,,,,,,,,,,,,,
22-Apr-2025,8942.04,6795,2147.04,-19.82,Card,Lidl,Lidl Kanturk,Food for home,Food Non-Personal,,,,,,,,,,,,,,
23-Apr-2025,8934.55,6795,2139.55,-7.49,Card,Lidl,Lidl,"Roles, chicken thighs",Food,,,,,,,,,,,,,,
18-Apr-2025,9064.55,6925,2139.55,130.0,Cash,"Mumsie, Peggie",Knockskehy,Money for work,Mumsie,,,,,,,,,,,,,,
18-Apr-2025,9127.5,6925,2202.5,62.95,Bank Transfer,Voodoo,Voodoo Rooms,Wages,Income,,,,,,,,,,,,,,
23-Apr-2025,9124.55,6925,2199.55,-2.95,Card,Daybreak,Daybreak,Monster,Impulsive Food,,,,,,,,,,,,,,
23-Apr-2025,9117.11,6925,2192.11,-7.44,Card,Lidl,Lidl,"Roles, chicken thighs, doritos",Food,,,,,,,,,,,,,,
24-Apr-2025,9108.28,6925,2183.28,-8.83,Card,Lidl,Lidl,"Roles, chicken thighs, cookies",Food,,,,,,,,,,,,,,
24-Apr-2025,9106.34,6925,2181.34,-1.94,Card,Mr Price,MrPRICE Cork City,Mango Loco Monster,Impulsive Food,,,,,,,,,,,,,,
24-Apr-2025,9098.06,6925,2173.06,-8.28,Card,Lidl,Lidl,"Slice Pan, chicken thighs",Food,,,,,,,,,,,,,,
25-Apr-2025,9091.32,6925,2166.32,-6.74,Card,Lidl,Lidl,"18 eggs, ice-cream",Food,,,,,,,,,,,,,,
25-Apr-2025,9628.62,6925,2703.62,537.3,Bank Transfer,Voodoo,Voodoo Rooms,Wages,Income,,,,,,,,,,,,,,
25-Apr-2025,9608.62,6925,2683.62,-20.0,Card,Trading212,,€20 to S&P 500,Investing,,,,,,,,,,,,,,
25-Apr-2025,9604.39,6925,2679.39,-4.23,Card,Mr Price,MrPRICE Cork City,"Monster, Boost Bars",Impulsive Food,,,,,,,,,,,,,,
26-Apr-2025,9588.24,6925,2663.24,-16.15,Card,Lidl,Lidl,Food for home,Food Non-Personal,,,,,,,,,,,,,,
26-Apr-2025,9581.74,6925,2656.74,-6.5,Card,Supervalu,Twohig's SuperValu Kanturk,"Pepsi Max, sweets",Food Non-Personal,,,,,,,,,,,,,,
26-Apr-2025,9578.29,6925,2653.29,-3.45,Card,Supervalu,O'Keeffe's SuperValu Newmarket,"Monster, Fini Worms",Impulsive Food,,,,,,,,,,,,,,
27-Apr-2025,9560.59,6925,2635.59,-17.7,Card,Wok N Roll,Wok'n'Roll Grand Parade,"Spice Bag, Monster",Impulsive Food,,,,,,,,,,,,,,
27-Apr-2025,9552.35,6925,2627.35,-8.24,Card,Lidl,Lidl,"2*Roles, Thighs, Cookies",Food,,,,,,,,,,,,,,
27-Apr-2025,9549.8,6925,2624.8,-2.55,Card,Daybreak,Daybreak,Club Rock Shandy,Impulsive Food,,,,,,,,,,,,,,
27-Apr-2025,9535.01,6925,2610.01,-14.79,Card,Freestyle Asia,Freestyle Asian Food,Duck and black bean sauce,Impulsive Food,,,,,,,,,,,,,,
26-Apr-2025,9635.01,7025,2610.01,100.0,Cash,Mumsie,,Working at home,Mumsie,,,,,,,,,,,,,,
28-Apr-2025,9628.03,7025,2603.03,-6.98,Card,Cotters Costcu,Costcutter,"Coke, Maltesers",Impulsive Food,,,,,,,,,,,,,,
28-Apr-2025,9617.75,7025,2592.75,-10.28,Card,Lidl,Lidl,"Eggs, rashers, mi wadi",Food,,,,,,,,,,,,,,
28-Apr-2025,9616.26,7025,2591.26,-1.49,Card,Mr Price,MrPRICE Cork City,Wine Gums,Impulsive Food,,,,,,,,,,,,,,
28-Apr-2025,9613.52,7025,2588.52,-2.74,Card,Tesco,Tesco Superstore,Smoothie,Impulsive Food,,,,,,,,,,,,,,
29-Apr-2025,9606.78,7025,2581.78,-6.74,Card,Lidl,Lidl,Food,Food,,,,,,,,,,,,,,
29-Apr-2025,9604.33,7025,2579.33,-2.45,Card,Lidl,Lidl,Food,Impulsive Food,,,,,,,,,,,,,,
29-Apr-2025,9602.69,7025,2577.69,-1.64,Card,Mr Price,MrPRICE Cork City,Sweets,Impulsive Food,,,,,,,,,,,,,,
29-Apr-2025,9600.19,7025,2575.19,-2.5,Card,Fast Als,Fast Al's,Coke,Impulsive Food,,,,,,,,,,,,,,
30-Apr-2025,9594.19,7025,2569.19,-6.0,Bank Transfer,BOI,,Maintaining Account,BOI Fees,,,,,,,,,,,,,,
30-Apr-2025,9593.32,7025,2568.32,-0.87,Bank Transfer,BOI,,,BOI Fees,,,,,,,,,,,,,,
30-Apr-2025,9550.01,7025,2525.01,-43.31,Card,TopStep,,Topstep Combine,Trading,,,,,,,,,,,,,,
30-Apr-2025,9535.9,7025,2510.9,-14.11,Card,Lidl,Lidl,Food,Food,,,,,,,,,,,,,,
30-Apr-2025,9534.41,7025,2509.41,-1.49,Card,Lidl,Lidl,Cranberry Juice,Impulsive Food,,,,,,,,,,,,,,
30-Apr-2025,9532.12,7025,2507.12,-2.29,Card,Mr Price,MrPRICE Cork City,Boost Bars,Impulsive Food,,,,,,,,,,,,,,
30-Apr-2025,9529.12,7025,2504.12,-3.0,Card,Lidl,Lidl,3 crosaunt,Impulsive Food,,,,,,,,,,,,,,
1-May-2025,9516.4,7025,2491.4,-12.72,Card,Lidl,Lidl,"Rashers, eggs, ice-cream, mushrooms",Food,,,,,,,,,,,,,,
1-May-2025,9514.91,7025,2489.91,-1.49,Card,Mr Price,MrPRICE Cork City,Wine Gums,Impulsive Food,,,,,,,,,,,,,,
2-May-2025,9639.42,7025,2614.42,124.51,Bank Transfer,Voodoo,Voodoo Rooms,Wages,Income,,,,,,,,,,,,,,
2-May-2025,9631.72,7025,2606.72,-7.7,Card,Circle K,Circle K Polefield,"Monster, sweets",Impulsive Food,,,,,,,,,,,,,,
2-May-2025,9599.36,7025,2574.36,-32.36,Card,Lidl,Lidl Kanturk,Food for home,Food Non-Personal,,,,,,,,,,,,,,
2-May-2025,9592.86,7025,2567.86,-6.5,Card,Supervalu,Twohig's SuperValu Kanturk,"Pepsi max, sweets",Food Non-Personal,,,,,,,,,,,,,,
3-May-2025,9580.86,7025,2555.86,-12.0,Card,Dogs.ie,,Bump up add,Mumsie,,,,,,,,,,,,,,
3-May-2025,9830.86,7275,2555.86,250.0,Cash,Mumsie,Knockskehy,"Worked Friday, Saturday, put up add + 50",Mumsie,,,,,,,,,,,,,,
4-May-2025,9821.14,7275,2546.14,-9.72,Card,Lidl,Lidl,"Eggs, cranberry juice, mushrooms, ice-cream",Food,,,,,,,,,,,,,,
4-May-2025,9809.14,7275,2534.14,-12.0,Card,Dogs.ie,,Bump up add,Mumsie,,,,,,,,,,,,,,
5-May-2025,9798.34,7275,2523.34,-10.8,Card,Wok N Roll,Wok'n'Roll Grand Parade,Spice Bag,Impulsive Food,,,,,,,,,,,,,,
5-May-2025,9788.11,7275,2513.11,-10.23,Card,Lidl,Lidl,"Thighs, Cookies, Cranberry juice",Food,,,,,,,,,,,,,,
5-May-2025,9768.11,7275,2493.11,-20.0,Card,Trading212,,€20 into brokerage account,Investing,,,,,,,,,,,,,,
5-May-2025,9760.06,7275,2485.06,-8.05,Card,Cotters Costcu,Costcutter,"Monster, fini worms, boost bars",Impulsive Food,,,,,,,,,,,,,,
6-May-2025,9751.76,7275,2476.76,-8.3,Card,Circle K,Circle K Polefield,"Flavoured water, sweets",Impulsive Food,,,,,,,,,,,,,,
6-May-2025,9742.2,7275,2467.2,-9.56,Card,Lidl,Lidl Kanturk,4 * slice pans,Food Non-Personal,,,,,,,,,,,,,,
6-May-2025,9728.44,7275,2453.44,-13.76,Card,Supervalu,O'Keeffe's SuperValu Newmarket,"Cleaning stuff, tayto's",Food Non-Personal,,,,,,,,,,,,,,
7-May-2025,9628.44,7275,2353.44,-100.0,Card,Circle K,Circle K EXPRESS Mallow,petrol,Petrol,,,,,,,,,,,,,,
7-May-2025,9626.29,7275,2351.29,-2.15,Card,Eurogiant,EuroGiant,white monster,Food,,,,,,,,,,,,,,
7-May-2025,9622.56,7275,2347.56,-3.73,Card,Lidl,Lidl,"Cranberry Juice, Mi Wadi",Food,,,,,,,,,,,,,,
7-May-2025,9613.88,7275,2338.88,-8.68,Card,Lidl,Lidl,Food,Food,,,,,,,,,,,,,,
8-May-2025,9611.73,7275,2336.73,-2.15,Card,Eurogiant,EuroGiant,white monster,Food,,,,,,,,,,,,,,
8-May-2025,9603.9,7275,2328.9,-7.83,Card,Lidl,Lidl,"Chicken thighs, mushrooms",Food,,,,,,,,,,,,,,
9-May-2025,9596.61,7275,2321.61,-7.29,Card,Lidl,Lidl,"Chicken thighs, mushrooms, cookies",Food,,,,,,,,,,,,,,
9-May-2025,9576.61,7275,2301.61,-20.0,Card,Trading212,,€20 into brokerage account,Investing,,,,,,,,,,,,,,
9-May-2025,9568.78,7275,2293.78,-7.83,Card,Lidl,Lidl,"Chicken thighs, mushrooms, ice-cream",Impulsive Food,,,,,,,,,,,,,,
9-May-2025,9852.88,7275,2577.88,284.1,Bank Transfer,Voodoo,Voodoo Rooms,Wages,Income,,,,,,,,,,,,,,
10-May-2025,9820.48,7275,2545.48,-32.4,Card,Lidl,Lidl Kanturk,Food for home,Food Non-Personal,,,,,,,,,,,,,,
10-May-2025,9792.83,7275,2517.83,-27.65,Card,Lidl,Lidl Kanturk,Food for home,Food Non-Personal,,,,,,,,,,,,,,
10-May-2025,9777.89,7275,2502.89,-14.94,Card,Aldi,ALDI,Cat litter,Sheila,,,,,,,,,,,,,,
10-May-2025,9774.89,7275,2499.89,-3.0,Card,Hannons,Hannon’s Mace/Maxol,Monster,Impulsive Food,,,,,,,,,,,,,,
11-May-2025,9764.09,7275,2489.09,-10.8,Card,Wok N Roll,Wok'n'Roll Grand Parade,Spice Bag,Impulsive Food,,,,,,,,,,,,,,
11-May-2025,9756.8,7275,2481.8,-7.29,Card,Lidl,Lidl,"Cookies, mushrooms, chicken thighs",Food,,,,,,,,,,,,,,
11-May-2025,9752.11,7275,2477.11,-4.69,Card,Lidl,Lidl,food,Food,,,,,,,,,,,,,,
11-May-2025,9749.81,7275,2474.81,-2.3,Card,Toll,M8 Toll,Toll to get monitor arm,Entertainment,,,,,,,,,,,,,,
11-May-2025,9747.51,7275,2472.51,-2.3,Card,Toll,M8 Toll,Toll to get monitor arm,Entertainment,,,,,,,,,,,,,,
11-May-2025,9712.51,7240,2472.51,-35.0,Cash,Gloria,P61 P520,Monitor Arm,Entertainment,,,,,,,,,,,,,,
12-May-2025,9679.26,7240,2439.26,-33.25,Card,Dinos,Dinos,"Breast in bun, chicken strips",Impulsive Food,,,,,,,,,,,,,,
12-May-2025,9657.99,7240,2417.99,-21.27,Card,Chemist Warehouse,Chemist Warehouse Cornmarket,"Toothpaste, Mouthwash, body wash",Personal,,,,,,,,,,,,,,
12-May-2025,9647.42,7240,2407.42,-10.57,Card,Lidl,Lidl,Food + kitchen stuff,Food,,,,,,,,,,,,,,
13-May-2025,9640.13,7240,2400.13,-7.29,Card,Lidl,Lidl,"Cookies, mushrooms, chicken thighs",Food,,,,,,,,,,,,,,
13-May-2025,9634.69,7240,2394.69,-5.44,Card,Lidl,Lidl,"Cookies, ice-cream",Impulsive Food,,,,,,,,,,,,,,
13-May-2025,9684.69,7290,2394.69,50.0,Cash,Mumsie,,Add on dogs.ie,Mumsie,,,,,,,,,,,,,,
14-May-2025,9673.52,7290,2383.52,-11.17,Card,Lidl,Lidl,"Chicken Breasts, mushrooms, 12 eggs",Food,,,,,,,,,,,,,,
14-May-2025,9667.93,7290,2377.93,-5.59,Card,Mr Price,MrPRICE Cork City,4 pack monster,Food,,,,,,,,,,,,,,
14-May-2025,9659.32,7290,2369.32,-8.61,Card,TradingView,,Data plan,Trading,,,,,,,,,,,,,,
14-May-2025,9640.93,7290,2350.93,-18.39,Card,TradingView,,Subscription,Trading,,,,,,,,,,,,,,
14-May-2025,9638.43,7290,2348.43,-2.5,Card,Daybreak,Daybreak,Tangtastics,Impulsive Food,,,,,,,,,,,,,,
14-May-2025,9635.98,7290,2345.98,-2.45,Card,Lidl,Lidl,Cookies,Impulsive Food,,,,,,,,,,,,,,
15-May-2025,9626.35,7290,2336.35,-9.63,Card,Lidl,Lidl,"Thighs, Cookies, mushrooms, rice, peri peri",Food,,,,,,,,,,,,,,
15-May-2025,9624.16,7290,2334.16,-2.19,Card,Lidl,Lidl,Cookies,Impulsive Food,,,,,,,,,,,,,,
16-May-2025,9746.01,7290,2456.01,121.85,Bank Transfer,Voodoo,Voodoo Rooms,Wages,Income,,,,,,,,,,,,,,
16-May-2025,9646.02,7290,2356.02,-99.99,Card,DID Electricol,DID Electrical Turners Cross,Smoothy maker,Mumsie,,,,,,,,,,,,,,
16-May-2025,9607.13,7290,2317.13,-38.89,Card,Lidl,Lidl Kanturk,Food for home,Food Non-Personal,,,,,,,,,,,,,,
17-May-2025,9599.84,7290,2309.84,-7.29,Card,Lidl,Lidl,Food,Food,,,,,,,,,,,,,,
18-May-2025,9590.82,7290,2300.82,-9.02,Card,Lidl,Lidl,"Chicken thighs, mushrooms, solero's, cranberry juice",Food,,,,,,,,,,,,,,
18-May-2025,9582.34,7290,2292.34,-8.48,Card,Lidl,Lidl,"Chicken thighs, mushrooms, cookies, crnaberry juice",Food,,,,,,,,,,,,,,
18-May-2025,9562.39,7290,2272.39,-19.95,Card,LiveCareer,,CV builder,Personal Development,,,,,,,,,,,,,,
19-May-2025,9560.4,7290,2270.4,-1.99,Card,Mr Price,MrPRICE Cork City,Sweets,Impulsive Food,,,,,,,,,,,,,,
19-May-2025,9550.63,7290,2260.63,-9.77,Card,Lidl,Lidl,Food,Food,,,,,,,,,,,,,,
19-May-2025,9548.18,7290,2258.18,-2.45,Card,Lidl,Lidl,Cookies,Impulsive Food,,,,,,,,,,,,,,
19-May-2025,9528.18,7290,2238.18,-20.0,Card,City Barbers,City barbers,Haircut,Personal,,,,,,,,,,,,,,
20-May-2025,9521.19,7290,2231.19,-6.99,Card,Lidl,Lidl,Food,Food,,,,,,,,,,,,,,
20-May-2025,9518.24,7290,2228.24,-2.95,Card,Daybreak,Daybreak,Monster,Impulsive Food,,,,,,,,,,,,,,
21-May-2025,9509.06,7290,2219.06,-9.18,Card,Lidl,Lidl,Food,Food,,,,,,,,,,,,,,
21-May-2025,9494.27,7290,2204.27,-14.79,Card,Tesco,Tesco Superstore,Food,Food,,,,,,,,,,,,,,
22-May-2025,9481.4,7290,2191.4,-12.87,Card,Lidl,Lidl,"Beef, eggs, cranberry juice",Food,,,,,,,,,,,,,,
23-May-2025,9471.17,7290,2181.17,-10.23,Card,Lidl,Lidl,"Chicken thighs, cookies, cranberry juice",Food,,,,,,,,,,,,,,
23-May-2025,9650.35,7290,2360.35,179.18,Bank Transfer,Voodoo,Voodoo Rooms,Wages,Income,,,,,,,,,,,,,,
23-May-2025,9610.35,7290,2320.35,-40.0,Card,Trading212,,Deposited €40,Investing,,,,,,,,,,,,,,
23-May-2025,9607.4,7290,2317.4,-2.95,Card,Daybreak,Daybreak,Monster,Impulsive Food,,,,,,,,,,,,,,
24-May-2025,9565.6,7290,2275.6,-41.8,Card,Lidl,Lidl Kanturk,Food for home,Food Non-Personal,,,,,,,,,,,,,,
24-May-2025,9552.52,7290,2262.52,-13.08,Card,Wok N Roll,Wok'n'Roll Grand Parade,Spice Bag,Impulsive Food,,,,,,,,,,,,,,
25-May-2025,9538.24,7290,2248.24,-14.28,Card,Lidl,Lidl,Food,Food,,,,,,,,,,,,,,
25-May-2025,9523.72,7290,2233.72,-14.52,Card,Wok N Roll,Wok'n'Roll Grand Parade,Spice Bag,Impulsive Food,,,,,,,,,,,,,,
26-May-2025,9516.02,7290,2226.02,-7.7,Card,Circle K,Circle K Polefield,"Sweets, monster",Impulsive Food,,,,,,,,,,,,,,
26-May-2025,9414.3,7290,2124.3,-101.72,Card,Circle K,Circle K EXPRESS Mallow,Petrol,Petrol,,,,,,,,,,,,,,
27-May-2025,9402.37,7290,2112.37,-11.93,Card,Lidl,Lidl,Food,Food,,,,,,,,,,,,,,
27-May-2025,9398.44,7290,2108.44,-3.93,Card,Mr Price,MrPRICE Cork City,"Seets, monster",Impulsive Food,,,,,,,,,,,,,,
28-May-2025,9391.3,7290,2101.3,-7.14,Card,Cotters Costcu,Costcutter,"Pepsi max, hunky dory's",Impulsive Food,,,,,,,,,,,,,,
28-May-2025,9380.32,7290,2090.32,-10.98,Card,Lidl,Lidl,food,Food,,,,,,,,,,,,,,
28-May-2025,9337.04,7290,2047.04,-43.28,Card,TopStep,,Account fee,Trading,,,,,,,,,,,,,,
24-May-2025,9612.04,7565,2047.04,275.0,Cash,Mumsie,,Working at home,Mumsie,,,,,,,,,,,,,,
24-May-2025,9662.04,7615,2047.04,50.0,Cash,Dadsie,,Knocked out windows,Dadsie,,,,,,,,,,,,,,
29-May-2025,9656.24,7615,2041.24,-5.8,Card,Lidl,Lidl,"Cookies, chicken thighs",Food,,,,,,,,,,,,,,
29-May-2025,9654.3,7615,2039.3,-1.94,Card,Mr Price,MrPRICE Cork City,Monster,Food,,,,,,,,,,,,,,
30-May-2025,9646.31,7615,2031.31,-7.99,Card,Lidl,Lidl,"Chicken thighs, cookies, yogurt drink",Food,,,,,,,,,,,,,,
30-May-2025,9640.31,7615,2025.31,-6.0,Bank Transfer,BOI,,Maintaining account,BOI Fees,,,,,,,,,,,,,,
30-May-2025,9779.03,7615,2164.03,138.72,Bank Transfer,Voodoo,Voodoo Rooms,Wages,Income,,,,,,,,,,,,,,
28-May-2025,9778.16,7615,2163.16,-0.87,Bank Transfer,,,Unsure,Null,,,,,,,,,,,,,,
28-May-2025,9770.71,7615,2155.71,-7.45,Card,Lidl,Lidl,Food,Food,,,,,,,,,,,,,,
30-May-2025,9768.92,7615,2153.92,-1.79,Card,Mr Price,MrPRICE Cork City,Sweets,Food,,,,,,,,,,,,,,
30-May-2025,9748.92,7615,2133.92,-20.0,Card,Trading212,,Deposited €20,Investing,,,,,,,,,,,,,,
31-May-2025,9744.67,7615,2129.67,-4.25,Card,Circle K,Circle K Polefield,Maltesers,Impulsive Food,,,,,,,,,,,,,,
31-May-2025,9700.18,7615,2085.18,-44.49,Card,Lidl,Lidl Kanturk,food for home,Food Non-Personal,,,,,,,,,,,,,,
31-May-2025,9695.93,7615,2080.93,-4.25,Card,Spar,Aspel's Spar,"Sweets, drink",Impulsive Food,,,,,,,,,,,,,,
30-May-2025,9861.93,7615,2246.93,166.0,Bank Transfer,Old Oak,Old Oak,Wages,Income,,,,,,,,,,,,,,
1-Jun-2025,9842.03,7615,2227.03,-19.9,Card,Eskimo's,Eskimo Pizza (North),Pizza,Impulsive Food,,,,,,,,,,,,,,
1-Jun-2025,9834.74,7615,2219.74,-7.29,Card,Lidl,Lidl,"Cookies, chicken thighs, cranberry juice",Food,,,,,,,,,,,,,,
1-Jun-2025,9832.95,7615,2217.95,-1.79,Card,Mr Price,MrPRICE Cork City,Sweets,Food,,,,,,,,,,,,,,
2-Jun-2025,9831.01,7615,2216.01,-1.94,Card,Mr Price,MrPRICE Cork City,Monster,Food,,,,,,,,,,,,,,
2-Jun-2025,9825.21,7615,2210.21,-5.8,Card,Lidl,Lidl,Food,Food,,,,,,,,,,,,,,
3-Jun-2025,9819.26,7615,2204.26,-5.95,Card,Spar,Aspel's Spar,Dorito's + Latte,Mumsie,,,,,,,,,,,,,,
3-Jun-2025,9812.67,7615,2197.67,-6.59,Card,Lidl,Lidl,Food,Food,,,,,,,,,,,,,,
3-Jun-2025,9803.8,7615,2188.8,-8.87,Card,Lidl,Lidl Kanturk,Pepsi max,Food Non-Personal,,,,,,,,,,,,,,
3-Jun-2025,8303.8,6115,2188.8,-1500.0,Cash,Mumsie,,cash for bills,Mumsie,,,,,,,,,,,,,,
4-Jun-2025,8293.01,6115,2178.01,-10.79,Card,Lidl,Lidl,Food,Food,,,,,,,,,,,,,,
4-Jun-2025,8291.07,6115,2176.07,-1.94,Card,Mr Price,MrPRICE Cork City,Monster,Impulsive Food,,,,,,,,,,,,,,
4-Jun-2025,8289.08,6115,2174.08,-1.99,Card,Mr Price,MrPRICE Cork City,Sweets,Impulsive Food,,,,,,,,,,,,,,
4-Jun-2025,8284.6,6115,2169.6,-4.48,Card,Lidl,Lidl,Food,Impulsive Food,,,,,,,,,,,,,,
5-Jun-2025,8275.23,6115,2160.23,-9.37,Card,Lidl,Lidl,Food,Food,,,,,,,,,,,,,,
5-Jun-2025,8270.54,6115,2155.54,-4.69,Card,Lidl,Lidl,Food,Impulsive Food,,,,,,,,,,,,,,
6-Jun-2025,8645.77,6115,2530.77,375.23,Bank Transfer,Voodoo,Voodoo Rooms,Wages,Income,,,,,,,,,,,,,,
6-Jun-2025,8642.82,6115,2527.82,-2.95,Card,Daybreak,Daybreak,Monster for Denis,Denis,,,,,,,,,,,,,,
7-Jun-2025,8633.09,6115,2518.09,-9.73,Card,Lidl,Lidl,Food,Food,,,,,,,,,,,,,,
7-Jun-2025,8615.59,6115,2500.59,-17.5,Card,Eskimo's,Eskimo Pizza (North),Pizza,Impulsive Food,,,,,,,,,,,,,,
8-Jun-2025,8607.31,6115,2492.31,-8.28,Card,Lidl,Lidl,Food,Food,,,,,,,,,,,,,,
8-Jun-2025,8604.01,6115,2489.01,-3.3,Card,Cotters Costcu,Costcutter,Monster,Impulsive Food,,,,,,,,,,,,,,
9-Jun-2025,8597.93,6115,2482.93,-6.08,Card,Lidl,Lidl Kanturk,Pepsi Max,Food Non-Personal,,,,,,,,,,,,,,
10-Jun-2025,8588.0,6115,2473.0,-9.93,Card,Lidl,Lidl,"Cookies, Chicken thighs, roles, cranberry juice",Food,,,,,,,,,,,,,,
10-Jun-2025,8568.0,6115,2453.0,-20.0,Card,Trading212,,Deposited €20 to account.,Investing,,,,,,,,,,,,,,
10-Jun-2025,8558.4,6115,2443.4,-9.6,Card,Lidl,Lidl,Food,Food,,,,,,,,,,,,,,
11-Jun-2025,8550.03,6115,2435.03,-8.37,Card,Lidl,Lidl,Food,Food,,,,,,,,,,,,,,
11-Jun-2025,8539.89,6115,2424.89,-10.14,Card,Tesco,Tesco Superstore,"Club Orange, innocent smoothie",Impulsive Food,,,,,,,,,,,,,,
11-Jun-2025,8535.41,6115,2420.41,-4.48,Card,Lidl,Lidl,Food,Food,,,,,,,,,,,,,,
12-Jun-2025,8528.94,6115,2413.94,-6.47,Card,Lidl,Lidl,Food,Food,,,,,,,,,,,,,,
12-Jun-2025,8520.46,6115,2405.46,-8.48,Card,Lidl,Lidl,Food,Food,,,,,,,,,,,,,,
13-Jun-2025,8990.46,6115,2875.46,470.0,Bank Transfer,Old Oak,Old Oak,Wages,Income,,,,,,,,,,,,,,
13-Jun-2025,8980.49,6115,2865.49,-9.97,Card,Lidl,Lidl,Food,Food,,,,,,,,,,,,,,
13-Jun-2025,8977.14,6115,2862.14,-3.35,Card,Lidl,Lidl,Food,Food,,,,,,,,,,,,,,
13-Jun-2025,8957.14,6115,2842.14,-20.0,Card,Trading212,,€20 into brokerage account,Investing,,,,,,,,,,,,,,
14-Jun-2025,9057.14,6215,2842.14,100.0,Cash,Mumsie,,Worked Saturday,Mumsie,,,,,,,,,,,,,,
9-Jun-2025,9177.14,6335,2842.14,120.0,Cash,Dadsie,,Covering silage pit + timber for peggie,Dadsie,,,,,,,,,,,,,,
14-Jun-2025,9141.75,6335,2806.75,-35.39,Card,Lidl,Lidl Kanturk,Toilet paper,Food Non-Personal,,,,,,,,,,,,,,
14-Jun-2025,9101.75,6295,2806.75,-40.0,Cash,Sheila,69 Summerhill North,Cat Stuff,Sheila,,,,,,,,,,,,,,
14-Jun-2025,9090.63,6295,2795.63,-11.12,Card,Lidl,Lidl,Food,Food,,,,,,,,,,,,,,
14-Jun-2025,9072.24,6295,2777.24,-18.39,Card,TradingView,,Subscription,Trading,,,,,,,,,,,,,,
14-Jun-2025,9063.63,6295,2768.63,-8.61,Card,TradingView,,Data plan,Trading,,,,,,,,,,,,,,
15-Jun-2025,9056.11,6295,2761.11,-7.52,Card,Lidl,Lidl,Food,Food,,,,,,,,,,,,,,
15-Jun-2025,9051.68,6295,2756.68,-4.43,Card,Mr Price,MrPRICE Cork City,"Monster, square bars",Impulsive Food,,,,,,,,,,,,,,
15-Jun-2025,9044.99,6295,2749.99,-6.69,Card,Lidl,Lidl,Food,Food,,,,,,,,,,,,,,
16-Jun-2025,9035.02,6295,2740.02,-9.97,Card,Lidl,Lidl,Food,Food,,,,,,,,,,,,,,
16-Jun-2025,8936.04,6295,2641.04,-98.98,Card,Spar,Aspel's Spar,Petrol,Petrol,,,,,,,,,,,,,,
16-Jun-2025,8950.98,6295,2655.98,14.94,Bank Transfer,Sheila,,Money for cat litter,Sheila,,,,,,,,,,,,,,
17-Jun-2025,8990.98,6335,2655.98,40.0,Cash,Sheila,,Money for cat stuff,Sheila,,,,,,,,,,,,,,
17-Jun-2025,8980.92,6335,2645.92,-10.06,Card,Lidl,Lidl,Food,Food,,,,,,,,,,,,,,
17-Jun-2025,8975.84,6335,2640.84,-5.08,Card,Mr Price,MrPRICE Cork City,"4 * pepsi max, square bars",Impulsive Food,,,,,,,,,,,,,,
17-Jun-2025,8973.39,6335,2638.39,-2.45,Card,Lidl,Lidl,Cookies,Impulsive Food,,,,,,,,,,,,,,
16-Jun-2025,9023.39,6385,2638.39,50.0,Cash,Musmie,,Helping at home,Mumsie,,,,,,,,,,,,,,
18-Jun-2025,9019.45,6385,2634.45,-3.94,Card,Lidl,Lidl,Cookies,Impulsive Food,,,,,,,,,,,,,,
18-Jun-2025,9007.74,6385,2622.74,-11.71,Card,Lidl,Lidl,Food,Food,,,,,,,,,,,,,,
18-Jun-2025,9005.25,6385,2620.25,-2.49,Card,Mr Price,MrPRICE Cork City,Dairy Milk Bars,Impulsive Food,,,,,,,,,,,,,,
18-Jun-2025,8990.46,6385,2605.46,-14.79,Card,FreeStyle Asia,Freestyle Asian Food,Duck and black bean sauce,Impulsive Food,,,,,,,,,,,,,,
19-Jun-2025,8981.09,6385,2596.09,-9.37,Card,Lidl,Lidl,Food,Food,,,,,,,,,,,,,,
19-Jun-2025,8977.15,6385,2592.15,-3.94,Card,Lidl,Lidl,Cookies,Impulsive Food,,,,,,,,,,,,,,
20-Jun-2025,8967.69,6385,2582.69,-9.46,Card,Lidl,Lidl,Food,Food,,,,,,,,,,,,,,
20-Jun-2025,8962.25,6385,2577.25,-5.44,Card,Lidl,Lidl,Food,Food,,,,,,,,,,,,,,
20-Jun-2025,8956.45,6385,2571.45,-5.8,Card,Lidl,Lidl,"Ice-cream, cookies",Impulsive Food,,,,,,,,,,,,,,
20-Jun-2025,8936.45,6385,2551.45,-20.0,Card,Trading212,,€20 into brokerage account,Investing,,,,,,,,,,,,,,
21-Jun-2025,8909.18,6385,2524.18,-27.27,Card,Lidl,Lidl Kanturk,Food for home,Food Non-Personal,,,,,,,,,,,,,,
21-Jun-2025,9024.18,6500,2524.18,115.0,Cash,Mumsie,,Working at home,Mumsie,,,,,,,,,,,,,,
21-Jun-2025,9124.18,6600,2524.18,100.0,Cash,Dadsie,,"Draw bales, tag calves",Dadsie,,,,,,,,,,,,,,
22-Jun-2025,9112.63,6600,2512.63,-11.55,Card,Lidl,Lidl,Food,Food,,,,,,,,,,,,,,
22-Jun-2025,9107.4,6600,2507.4,-5.23,Card,Lidl,Lidl,"Cookies, cranberry juice",Food,,,,,,,,,,,,,,
23-Jun-2025,9095.98,6600,2495.98,-11.42,Card,Lidl,Lidl,Food,Food,,,,,,,,,,,,,,
23-Jun-2025,9094.04,6600,2494.04,-1.94,Card,Mr Price,MrPRICE Cork City,Monster,Impulsive Food,,,,,,,,,,,,,,
23-Jun-2025,9085.52,6600,2485.52,-8.52,Card,Lidl,Lidl,Food,Food,,,,,,,,,,,,,,
24-Jun-2025,9075.51,6600,2475.51,-10.01,Card,Lidl,Lidl,Food,Food,,,,,,,,,,,,,,
24-Jun-2025,9073.57,6600,2473.57,-1.94,Card,Mr Price,MrPRICE Cork City,Monster,Impulsive Food,,,,,,,,,,,,,,
24-Jun-2025,9064.55,6600,2464.55,-9.02,Card,Lidl,Lidl,Burger Stuff,Food,,,,,,,,,,,,,,
25-Jun-2025,8856.34,6600,2256.34,-208.21,Card,Electric Ireland,,Bill for electricity,Household,,,,,,,,,,,,,,
25-Jun-2025,8847.01,6600,2247.01,-9.33,Card,Lidl,Lidl,"Chicken thighs, cookies, mushrooms, peppers, peri peri",Food,,,,,,,,,,,,,,
25-Jun-2025,8841.31,6600,2241.31,-5.7,Card,Daybreak,Daybreak,"Monster, sour patch kids",Food,,,,,,,,,,,,,,
25-Jun-2025,8830.83,6600,2230.83,-10.48,Card,Cotters Costcu,Costcutter,Shit,Impulsive Food,,,,,,,,,,,,,,
26-Jun-2025,8821.2,6600,2221.2,-9.63,Card,Lidl,Lidl,Food,Food,,,,,,,,,,,,,,
27-Jun-2025,8811.19,6600,2211.19,-10.01,Card,Lidl,Lidl,Food,Food,,,,,,,,,,,,,,
27-Jun-2025,8791.19,6600,2191.19,-20.0,Card,Trading212,,€20 into brokerage account,Investing,,,,,,,,,,,,,,
28-Jun-2025,8776.67,6600,2176.67,-14.52,Card,Wok N Roll,Wok'n'Roll Grand Parade,Spice Bag,Impulsive Food,,,,,,,,,,,,,,
28-Jun-2025,8761.73,6600,2161.73,-14.94,Card,Aldi,ALDI,Cat litter,Sheila,,,,,,,,,,,,,,
28-Jun-2025,8706.81,6600,2106.81,-54.92,Card,Lidl,Lidl Kanturk,Food for home + Cat food for sheila,Food Non-Personal,,,,,,,,,,,,,,
28-Jun-2025,8664.85,6600,2064.85,-41.96,Card,Topstep,,Topstep Combine,Trading,,,,,,,,,,,,,,
29-Jun-2025,8659.55,6600,2059.55,-5.3,Card,Daybreak,Daybreak,2 monsters,Impulsive Food,,,,,,,,,,,,,,
30-Jun-2025,8653.55,6600,2053.55,-6.0,Bank Transfer,BOI,,Maintaining account,BOI Fees,,,,,,,,,,,,,,
30-Jun-2025,8652.71,6600,2052.71,-0.84,Bank Transfer,,,Unsure,Null,,,,,,,,,,,,,,
30-Jun-2025,8642.7,6600,2042.7,-10.01,Card,Lidl,Lidl,Food,Food,,,,,,,,,,,,,,
28-Jun-2025,8762.7,6720,2042.7,120.0,Cash,Mumsie,,Working at home + bought food,Mumsie,,,,,,,,,,,,,,
1-Jul-2025,8716.7,6720,1996.7,-46.0,Card,Lidl,Lidl Kanturk,Food for home,Food Non-Personal,,,,,,,,,,,,,,
1-Jul-2025,8710.96,6720,1990.96,-5.74,Card,Supervalu,O'Keeffe's SuperValu Newmarket,Pepsi Max + Huny dory's,Impulsive Food,,,,,,,,,,,,,,
1-Jul-2025,8210.96,6720,1490.96,-500.0,Card,Mumsie,,Needed Money,Mumsie,,,,,,,,,,,,,,
2-Jul-2025,8199.37,6720,1479.37,-11.59,Card,Lidl,Lidl,"Chicken, mushrooms, peppers, cooies, cranberry juice",Food,,,,,,,,,,,,,,
2-Jul-2025,8185.46,6720,1465.46,-13.91,Card,Lidl,Lidl,Burger Stuff,Food,,,,,,,,,,,,,,
29-Jun-2025,8181.52,6720,1461.52,-3.94,Card,Lidl,Lidl,"Cookies, cranberry juice",Food,,,,,,,,,,,,,,
3-Jul-2025,8169.97,6720,1449.97,-11.55,Card,Lidl,Lidl,"Cookies, thighs, peppers, mushrooms, cranberry juice",Food,,,,,,,,,,,,,,
3-Jul-2025,8167.98,6720,1447.98,-1.99,Card,Mr Price,MrPRICE Cork City,Sour Patch Kids,Food,,,,,,,,,,,,,,
4-Jul-2025,8155.58,6720,1435.58,-12.4,Card,Lidl,Lidl,"thighs, peppers, mushrooms, cookies, yogurts, cranberry",Food,,,,,,,,,,,,,,
4-Jul-2025,8135.58,6720,1415.58,-20.0,Card,Trading212,,€20 into brokerage account,Investing,,,,,,,,,,,,,,
4-Jul-2025,8447.46,6720,1727.46,311.88,Bank Transfer,Voodoo,Voodoo Rooms,Wages,Income,,,,,,,,,,,,,,
4-Jul-2025,8444.51,6720,1724.51,-2.95,Card,Daybreak,Daybreak,Monster,Impulsive Food,,,,,,,,,,,,,,
5-Jul-2025,8428.56,6720,1708.56,-15.95,Card,Lidl,Lidl Kanturk,Food for home,Food Non-Personal,,,,,,,,,,,,,,
5-Jul-2025,8378.56,6720,1658.56,-50.0,Card,Dogs.ie,,Bernese add,Personal Development,,,,,,,,,,,,,,
5-Jul-2025,8328.56,6720,1608.56,-50.0,Card,Dogs.ie,,Cavapoo add,Mumsie,,,,,,,,,,,,,,
5-Jul-2025,8378.56,6770,1608.56,50.0,Cash,Musmie,,Cavapoo add,Mumsie,,,,,,,,,,,,,,
5-Jul-2025,8287.47,6770,1517.47,-91.09,Card,Spar,Aspel's Spar,Petrol,Petrol,,,,,,,,,,,,,,
6-Jul-2025,8272.95,6770,1502.95,-14.52,Card,Wok N Roll,Wok'n'Roll Grand Parade,Spice Bag,Impulsive Food,,,,,,,,,,,,,,
6-Jul-2025,8261.4,6770,1491.4,-11.55,Card,Lidl,Lidl,Food,Food,,,,,,,,,,,,,,
6-Jul-2025,8256.01,6770,1486.01,-5.39,Card,Chemist Warehouse,Chemist Warehouse Cornmarket,Roll on,Personal,,,,,,,,,,,,,,
6-Jul-2025,8251.53,6770,1481.53,-4.48,Card,Lidl,Lidl,Food,Food,,,,,,,,,,,,,,
7-Jul-2025,8234.25,6770,1464.25,-17.28,Card,Lidl,Lidl Kanturk,Food for home,Food Non-Personal,,,,,,,,,,,,,,
7-Jul-2025,6874.5,6770,104.5,-1359.75,Card,Fitzgeralds,Fitzgerald Insurances,Insurance,Car Maintenance,,,,,,,,,,,,,,
7-Jul-2025,8724.5,8620,104.5,1850.0,Cash,Mumsie,,2 bernses pups,Mumsie,,,,,,,,,,,,,,
8-Jul-2025,8714.53,8620,94.53,-9.97,Card,Lidl,Lidl,Food,Food,,,,,,,,,,,,,,
8-Jul-2025,7694.53,7600,94.53,-1020.0,Cash,Rent for Sis,,Sheila paid from 01/12/2024 - 29/03/2025 = 17 weeks,Sheila,,,,,,,,,,,,,,
8-Jul-2025,5834.53,5740,94.53,-1860.0,Cash,Rent,,Paid from 01/12/2024 - 05/07/2025 = 31 weeks,Rent,,,,,,,,,,,,,,
9-Jul-2025,5824.91,5740,84.91,-9.62,Card,Lidl,Lidl,Food,Food,,,,,,,,,,,,,,
9-Jul-2025,5813.36,5740,73.36,-11.55,Card,Lidl,Lidl,Burger Stuff,Impulsive Food,,,,,,,,,,,,,,
10-Jul-2025,5799.29,5740,59.29,-14.07,Card,Lidl,Lidl,Food,Food,,,,,,,,,,,,,,
11-Jul-2025,5787.1,5740,47.1,-12.19,Card,Lidl,Lidl,Food,Food,,,,,,,,,,,,,,
11-Jul-2025,5785.16,5740,45.16,-1.94,Card,Mr Price,MrPRICE Cork City,Monster,Food,,,,,,,,,,,,,,
11-Jul-2025,5765.16,5740,25.16,-20.0,Card,Trading212,,€20 into brokerage account,Investing,,,,,,,,,,,,,,
11-Jul-2025,6813.08,5740,1073.08,1047.92,Bank Transfer,Sheila,,"Rent Money, cat litter , cat canned food",Sheila,,,,,,,,,,,,,,
11-Jul-2025,7107.11,5740,1367.11,294.03,Bank Transfer,Voodoo,Voodoo Rooms,Wages,Income,,,,,,,,,,,,,,
12-Jul-2025,7094.03,5740,1354.03,-13.08,Card,Wok N Roll,Wok'n'Roll Grand Parade,Spice Bag,Impulsive Food,,,,,,,,,,,,,,
12-Jul-2025,7088.51,5740,1348.51,-5.52,Card,Lidl,Lidl Cork Cornmarket,"Cookies, cranberry juice, yogurts",Food,,,,,,,,,,,,,,
13-Jul-2025,10538.51,9190,1348.51,3450.0,Cash,Mumsie,,Bernese pups,Mumsie,,,,,,,,,,,,,,
13-Jul-2025,10517.32,9190,1327.32,-21.19,Card,Lidl,Lidl Kanturk,Food for home,Food Non-Personal,,,,,,,,,,,,,,
13-Jul-2025,10514.47,9190,1324.47,-2.85,Card,Wok N Roll,Wok'n'Roll Grand Parade,Coke,Impulsive Food,,,,,,,,,,,,,,
14-Jul-2025,10487.47,9190,1297.47,-27.0,Card,TradingView,,Subscription + data charges,Trading,,,,,,,,,,,,,,
14-Jul-2025,10478.89,9190,1288.89,-8.58,Card,Mr Price,MrPRICE Cork City,"Monster, tayto's",Food,,,,,,,,,,,,,,
14-Jul-2025,10469.18,9190,1279.18,-9.71,Card,Lidl,Lidl Cork Cornmarket,Food,Food,,,,,,,,,,,,,,
15-Jul-2025,10453.39,9190,1263.39,-15.79,Card,Lidl,Lidl Cork Cornmarket,Food,Food,,,,,,,,,,,,,,
15-Jul-2025,10449.44,9190,1259.44,-3.95,Card,Daybreak,Daybreak,Chewing gum,Food,,,,,,,,,,,,,,
16-Jul-2025,10429.44,9190,1239.44,-20.0,Card,City Barbers,City barbers,Haircut,Personal,,,,,,,,,,,,,,
16-Jul-2025,10422.35,9190,1232.35,-7.09,Card,Lidl,Lidl Cork Cornmarket,Food,Food,,,,,,,,,,,,,,
17-Jul-2025,10409.85,9190,1219.85,-12.5,Card,Lidl,Lidl Cork Cornmarket,Food,Food,,,,,,,,,,,,,,
17-Jul-2025,10407.86,9190,1217.86,-1.99,Card,Mr Price,MrPRICE Cork City,Tayto's,Food,,,,,,,,,,,,,,
17-Jul-2025,10404.91,9190,1214.91,-2.95,Card,Daybreak,Daybreak,Monster,Impulsive Food,,,,,,,,,,,,,,
17-Jul-2025,10401.17,9190,1211.17,-3.74,Card,Lidl,Lidl Cork Cornmarket,bad food,Impulsive Food,,,,,,,,,,,,,,
18-Jul-2025,10755.21,9190,1565.21,354.04,Bank Transfer,Voodoo,Voodoo Rooms,Wages,Income,,,,,,,,,,,,,,
18-Jul-2025,10745.75,9190,1555.75,-9.46,Card,Lidl,Lidl Cork Cornmarket,Food,Food,,,,,,,,,,,,,,
18-Jul-2025,10209.55,9190,1019.55,-536.2,Card,Royal Canin,,Mumsie dog food,Mumsie,,,,,,,,,,,,,,
18-Jul-2025,10159.55,9190,969.55,-50.0,Card,Dogs.ie,,Cavapoo add,Mumsie,,,,,,,,,,,,,,
19-Jul-2025,10145.8,9190,955.8,-13.75,Card,Lidl,Lidl Kanturk,Food for home,Food Non-Personal,,,,,,,,,,,,,,
19-Jul-2025,10695.8,9740,955.8,550.0,Cash,Musmie,,Bernese pup,Mumsie,,,,,,,,,,,,,,
20-Jul-2025,10683.95,9740,943.95,-11.85,Card,Lidl,Lidl Cork Cornmarket,Food,Food,,,,,,,,,,,,,,
20-Jul-2025,10681.0,9740,941.0,-2.95,Card,Daybreak,Daybreak,Monster,Impulsive Food,,,,,,,,,,,,,,
20-Jul-2025,10679.7,9740,939.7,-1.3,Card,Daybreak,Daybreak,Chewing gum,Food,,,,,,,,,,,,,,
21-Jul-2025,10673.25,9740,933.25,-6.45,Card,Circle K,Circle K Polefield,"Monster, mars ice cream",Impulsive Food,,,,,,,,,,,,,,
22-Jul-2025,10658.26,9740,918.26,-14.99,Card,Lidl,Lidl Cork Cornmarket,food,Food,,,,,,,,,,,,,,
22-Jul-2025,10653.08,9740,913.08,-5.18,Card,Lidl,Lidl Cork Cornmarket,Food,Food,,,,,,,,,,,,,,
22-Jul-2025,10647.63,9740,907.63,-5.45,Card,Daybreak,Daybreak,"Monster, Oreo's",Impulsive Food,,,,,,,,,,,,,,
23-Jul-2025,10638.96,9740,898.96,-8.67,Card,Lidl,Lidl Cork Cornmarket,Food,Food,,,,,,,,,,,,,,
24-Jul-2025,10630.69,9740,890.69,-8.27,Card,Lidl,Lidl Cork Cornmarket,Food,Food,,,,,,,,,,,,,,
24-Jul-2025,10623.42,9740,883.42,-7.27,Card,Lidl,Lidl Cork Cornmarket,"Chewing gum, mints",Food,,,,,,,,,,,,,,
25-Jul-2025,10614.68,9740,874.68,-8.74,Card,Lidl,Lidl Cork Cornmarket,Food,Food,,,,,,,,,,,,,,
25-Jul-2025,10612.74,9740,872.74,-1.94,Card,Mr Price,MrPRICE Cork City,Monster,Impulsive Food,,,,,,,,,,,,,,
25-Jul-2025,11014.82,9740,1274.82,402.08,Bank Transfer,Voodoo,Voodoo Rooms,Wages,Income,,,,,,,,,,,,,,
25-Jul-2025,10964.82,9740,1224.82,-50.0,Card,Trading212,,€50 into brokerage account.,Investing,,,,,,,,,,,,,,
20-Jul-2025,10947.32,9740,1207.32,-17.5,Card,Eskimo's,Eskimo Pizza (North),Pizza,Impulsive Food,,,,,,,,,,,,,,
20-Jul-2025,10944.92,9740,1204.92,-2.4,Card,Eskimo's,Eskimo Pizza (North),Fanta Lemon,Impulsive Food,,,,,,,,,,,,,,
26-Jul-2025,10933.26,9740,1193.26,-11.66,Card,Lidl,Lidl Kanturk,Food for home,Food Non-Personal,,,,,,,,,,,,,,
26-Jul-2025,10845.32,9740,1105.32,-87.94,Card,Mace,Hannon’s Mace/Maxol,Petrol,Petrol,,,,,,,,,,,,,,
27-Jul-2025,10839.69,9740,1099.69,-5.63,Card,Aspels Spar,Aspel's Spar,"Sweets, monster",Impulsive Food,,,,,,,,,,,,,,
27-Jul-2025,10819.79,9740,1079.79,-19.9,Card,Eskimo's,Eskimo Pizza (North),Pizza,Impulsive Food,,,,,,,,,,,,,,
28-Jul-2025,10817.8,9740,1077.8,-1.99,Card,Mr Price,MrPRICE Cork City,Sweets,Impulsive Food,,,,,,,,,,,,,,
28-Jul-2025,10807.93,9740,1067.93,-9.87,Card,Lidl,Lidl Cork Cornmarket,Food,Food,,,,,,,,,,,,,,
28-Jul-2025,10766.06,9740,1026.06,-41.87,Card,Topstep,,Topstep Combine,Trading,,,,,,,,,,,,,,
29-Jul-2025,10742.06,9740,1002.06,-24.0,Card,Lidl,Lidl Kanturk,food for home,Food Non-Personal,,,,,,,,,,,,,,
29-Jul-2025,10741.22,9740,1001.22,-0.84,Bank Transfer,,,,Null,,,,,,,,,,,,,,
30-Jul-2025,10733.5,9740,993.5,-7.72,Card,Aspels Spar,Aspel's Spar,"Sweets, monster",Impulsive Food,,,,,,,,,,,,,,
31-Jul-2025,10717.17,9740,977.17,-16.33,Card,Lidl,Lidl Cork Cornmarket,Food,Food,,,,,,,,,,,,,,
31-Jul-2025,10701.47,9740,961.47,-15.7,Card,Fast Als,Fast Al's,Pizza,Impulsive Food,,,,,,,,,,,,,,
31-Jul-2025,10695.47,9740,955.47,-6.0,Bank Transfer,BOI,,Maintaining Account,BOI Fees,,,,,,,,,,,,,,
31-Jul-2025,10693.28,9740,953.28,-2.19,Card,Lidl,Lidl Cork Cornmarket,Yogurt drink,Impulsive Food,,,,,,,,,,,,,,
27-Jul-2025,10793.28,9840,953.28,100.0,Cash,Dadsie,,Cleaned Parlour Bord Bia,Dadsie,,,,,,,,,,,,,,
1-Aug-2025,10783.56,9840,943.56,-9.72,Card,Lidl,Lidl Cork Cornmarket,Food,Food,,,,,,,,,,,,,,
1-Aug-2025,10733.56,9840,893.56,-50.0,Card,Trading212,,€50 into brokerage account,Investing,,,,,,,,,,,,,,
1-Aug-2025,11069.21,9840,1229.21,335.65,Bank Transfer,Voodoo,Voodoo Rooms,Wages,Income,,,,,,,,,,,,,,
2-Aug-2025,11061.72,9840,1221.72,-7.49,Card,Cotters Costcu,Costcutter,Sweets,Impulsive Food,,,,,,,,,,,,,,
2-Aug-2025,11050.94,9840,1210.94,-10.78,Card,Lidl,Lidl Cork Cornmarket,Food,Food,,,,,,,,,,,,,,
2-Aug-2025,11047.99,9840,1207.99,-2.95,Card,Daybreak,Daybreak,Monster,Impulsive Food,,,,,,,,,,,,,,
4-Aug-2025,11030.49,9840,1190.49,-17.5,Card,Eskimo's,Eskimo Pizza (North),Pizza,Impulsive Food,,,,,,,,,,,,,,
4-Aug-2025,11028.0,9840,1188.0,-2.49,Card,Mr Price,MrPRICE Cork City,Boost Bars,Impulsive Food,,,,,,,,,,,,,,
4-Aug-2025,11019.72,9840,1179.72,-8.28,Card,Lidl,Lidl Cork Cornmarket,Food,Food,,,,,,,,,,,,,,
4-Aug-2025,10840.52,9840,1000.52,-179.2,Card,The Perfume Shop,,2 * Prada l'omme,Personal,,,,,,,,,,,,,,
5-Aug-2025,10832.78,9840,992.78,-7.74,Card,Lidl,Lidl Cork Cornmarket,Food,Food,,,,,,,,,,,,,,
5-Aug-2025,10830.04,9840,990.04,-2.74,Card,Mr Price,MrPRICE Cork City,"Sewing thread, Sweets",Impulsive Food,,,,,,,,,,,,,,
6-Aug-2025,10816.22,9840,976.22,-13.82,Card,Lidl,Lidl Cork Cornmarket,Food,Food,,,,,,,,,,,,,,
7-Aug-2025,10809.14,9840,969.14,-7.08,Card,Lidl,Lidl Cork Cornmarket,Food,Food,,,,,,,,,,,,,,
7-Aug-2025,10806.69,9840,966.69,-2.45,Card,Lidl,Lidl Cork Cornmarket,Cookies,Food,,,,,,,,,,,,,,
8-Aug-2025,11155.88,9840,1315.88,349.19,Bank Transfer,Voodoo,Voodoo Rooms,Wages,Income,,,,,,,,,,,,,,
8-Aug-2025,11105.88,9840,1265.88,-50.0,Card,Trading212,,€50 into brokerage account,Investing,,,,,,,,,,,,,,
8-Aug-2025,11090.57,9840,1250.57,-15.31,Card,Lidl,Lidl Cork Cornmarket,Food,Food,,,,,,,,,,,,,,
9-Aug-2025,11079.11,9840,1239.11,-11.46,Card,Lidl,Lidl Kanturk,Food for home,Food Non-Personal,,,,,,,,,,,,,,
9-Aug-2025,11076.11,9840,1236.11,-3.0,Card,Mace,Hannon’s Mace/Maxol,Monster,Impulsive Food,,,,,,,,,,,,,,
11-Aug-2025,11056.21,9840,1216.21,-19.9,Card,Eskimo's,Eskimo Pizza (North),Pizza,Impulsive Food,,,,,,,,,,,,,,
11-Aug-2025,11044.09,9840,1204.09,-12.12,Card,Lidl,Lidl Cork Cornmarket,Food,Food,,,,,,,,,,,,,,
11-Aug-2025,11032.41,9840,1192.41,-11.68,Card,Chemist Warhouse,Chemist Warehouse Cornmarket,"Mouth Wash, floss",Personal,,,,,,,,,,,,,,
10-Aug-2025,11132.41,9940,1192.41,100.0,Cash,Mumsie,,Working at home,Mumsie,,,,,,,,,,,,,,
12-Aug-2025,11120.54,9940,1180.54,-11.87,Card,Lidl,Lidl Cork Cornmarket,Food,Food,,,,,,,,,,,,,,
12-Aug-2025,11117.59,9940,1177.59,-2.95,Card,Daybreak,Daybreak,Monster,Food,,,,,,,,,,,,,,
13-Aug-2025,11110.51,9940,1170.51,-7.08,Card,Lidl,Lidl Cork Cornmarket,Food,Food,,,,,,,,,,,,,,
13-Aug-2025,11107.56,9940,1167.56,-2.95,Card,Daybreak,Daybreak,Monster,Food,,,,,,,,,,,,,,
13-Aug-2025,11103.13,9940,1163.13,-4.43,Card,Lidl,Lidl Cork Cornmarket,Food,Food,,,,,,,,,,,,,,
14-Aug-2025,11091.96,9940,1151.96,-11.17,Card,Lidl,Lidl Cork Cornmarket,Food,Food,,,,,,,,,,,,,,
14-Aug-2025,11090.02,9940,1150.02,-1.94,Card,Mr Price,MrPRICE Cork City,Monster,Food,,,,,,,,,,,,,,
14-Aug-2025,11087.83,9940,1147.83,-2.19,Card,Lidl,Lidl Cork Cornmarket,Yogurt drink,Impulsive Food,,,,,,,,,,,,,,
14-Aug-2025,11060.83,9940,1120.83,-27.0,Card,TradingView,,TradingView Subscription,Trading,,,,,,,,,,,,,,
15-Aug-2025,11336.44,9940,1396.44,275.61,Bank Transfer,Voodoo,Voodoo Rooms,Wages,Income,,,,,,,,,,,,,,
15-Aug-2025,11329.51,9940,1389.51,-6.93,Card,Lidl,Lidl,Food,Food,,,,,,,,,,,,,,
15-Aug-2025,11327.57,9940,1387.57,-1.94,Card,Mr Price,MrPRICE Cork City,Monster,Food,,,,,,,,,,,,,,
15-Aug-2025,11277.57,9940,1337.57,-50.0,Card,Trading212,,€50 into brokerage account,Investing,,,,,,,,,,,,,,
16-Aug-2025,11174.64,9940,1234.64,-102.93,Card,Circle K,Circle K Polefield,"Petrol, Sweets",Petrol,,,,,,,,,,,,,,
17-Aug-2025,11152.94,9940,1212.94,-21.7,Card,Eskimo's,Eskimo Pizza (North),"Pizza, 2*Garlic Sauce, Coke",Impulsive Food,,,,,,,,,,,,,,
17-Aug-2025,11140.12,9940,1200.12,-12.82,Card,Lidl,Lidl Cork Cornmarket,Food,Food,,,,,,,,,,,,,,
17-Aug-2025,11138.18,9940,1198.18,-1.94,Card,Mr Price,MrPRICE Cork City,Monster,Food,,,,,,,,,,,,,,
11-Aug-2025,11135.68,9940,1195.68,-2.5,Card,Daybreak,Daybreak,Sweets,Impulsive Food,,,,,,,,,,,,,,
16-Aug-2025,11235.68,10040,1195.68,100.0,Cash,Mumsie,,Working at home,Mumsie,,,,,,,,,,,,,,
17-Aug-2025,10875.68,9680,1195.68,-360.0,Cash,Pat Sheehan,,6/07/2025 - 16/08/2025 = €360,Rent,,,,,,,,,,,,,,
18-Aug-2025,10867.8,9680,1187.8,-7.88,Card,Lidl,Lidl Cork Cornmarket,Food,Food,,,,,,,,,,,,,,
18-Aug-2025,10862.87,9680,1182.87,-4.93,Card,Mr Price,MrPRICE Cork City,"Charger, Monster",Food,,,,,,,,,,,,,,
19-Aug-2025,10855.47,9680,1175.47,-7.4,Card,Lidl,Lidl Cork Cornmarket,Food,Food,,,,,,,,,,,,,,
19-Aug-2025,10854.02,9680,1174.02,-1.45,Card,Lidl,Lidl Cork Cornmarket,Baegals,Food,,,,,,,,,,,,,,
19-Aug-2025,10852.08,9680,1172.08,-1.94,Card,Mr Price,MrPRICE Cork City,Monster,Food,,,,,,,,,,,,,,
20-Aug-2025,10844.7,9680,1164.7,-7.38,Card,Lidl,Lidl Cork Cornmarket,Food,Food,,,,,,,,,,,,,,
20-Aug-2025,10843.45,9680,1163.45,-1.25,Card,Mr Price,MrPRICE Cork City,Sweets,Food,,,,,,,,,,,,,,
21-Aug-2025,10826.3,9680,1146.3,-17.15,Card,Tesco,Tesco Superstore,Food,Food,,,,,,,,,,,,,,
21-Aug-2025,10824.31,9680,1144.31,-1.99,Card,Mr Price,MrPRICE Cork City,Sweets,Impulsive Food,,,,,,,,,,,,,,
22-Aug-2025,11163.18,9680,1483.18,338.87,Bank Transfer,Voodoo,Voodoo Rooms,Wages,Income,,,,,,,,,,,,,,
22-Aug-2025,11146.99,9680,1466.99,-16.19,Card,Supervalu,O'Keeffe's SuperValu Newmarket,Food,Food,,,,,,,,,,,,,,
22-Aug-2025,11043.99,9680,1363.99,-103.0,Card,Sports Direct,Sports Direct,Shoes,Clothes,,,,,,,,,,,,,,
22-Aug-2025,10993.99,9680,1313.99,-50.0,Card,Trading212,,€50 into brokerage account,Investing,,,,,,,,,,,,,,
23-Aug-2025,10973.19,9680,1293.19,-20.8,Card,Eskimo's,Eskimo Pizza (North),"Pizza, 2*Garlic Sauce",Impulsive Food,,,,,,,,,,,,,,
23-Aug-2025,11073.19,9780,1293.19,100.0,Cash,Mumsie,,Working at home,Mumsie,,,,,,,,,,,,,,
24-Aug-2025,11068.04,9780,1288.04,-5.15,Card,Centra,Centra,"Sweets, Club Roc Shandy (Bottle)",Impulsive Food,,,,,,,,,,,,,,
24-Aug-2025,11057.64,9780,1277.64,-10.4,Card,Lidl,Lidl Cork Cornmarket,Food,Food,,,,,,,,,,,,,,
22-Aug-2025,11051.64,9780,1271.64,-6.0,Card,Lidl,Lidl Cork Cornmarket,6 * pain du choclate,Impulsive Food,,,,,,,,,,,,,,
25-Aug-2025,11039.11,9780,1259.11,-12.53,Card,Lidl,Lidl Cork Cornmarket,Food,Food,,,,,,,,,,,,,,
25-Aug-2025,11037.66,9780,1257.66,-1.45,Card,Lidl,Lidl Cork Cornmarket,Sweets,Food,,,,,,,,,,,,,,
26-Aug-2025,11026.82,9780,1246.82,-10.84,Card,Lidl,Lidl Cork Cornmarket,Food,Food,,,,,,,,,,,,,,
27-Aug-2025,11019.83,9780,1239.83,-6.99,Card,Lidl,Lidl Cork Cornmarket,Food,Food,,,,,,,,,,,,,,
27-Aug-2025,11017.89,9780,1237.89,-1.94,Card,Mr Price,MrPRICE Cork City,Monster,Food,,,,,,,,,,,,,,
27-Aug-2025,11011.9,9780,1231.9,-5.99,Card,Cotters Costcu,Costcutter,"Tayto's, sweets",Impulsive Food,,,,,,,,,,,,,,
28-Aug-2025,10999.26,9780,1219.26,-12.64,Card,Lidl,Lidl Cork Cornmarket,Food,Food,,,,,,,,,,,,,,
27-Aug-2025,10989.26,9770,1219.26,-10.0,Cash,Denis,,Gymshark t-shirt,Clothes,,,,,,,,,,,,,,
28-Aug-2025,10977.16,9770,1207.16,-12.1,Card,Fast Als,Fast Al's,Pizza,Impulsive Food,,,,,,,,,,,,,,
28-Aug-2025,10976.16,9770,1206.16,-1.0,Card,Fast Als,Fast Al's,Dip,Impulsive Food,,,,,,,,,,,,,,
28-Aug-2025,10973.21,9770,1203.21,-2.95,Card,Daybreak,Daybreak,Monster,Food,,,,,,,,,,,,,,
29-Aug-2025,11315.35,9770,1545.35,342.14,Bank Transfer,Voodoo,Voodoo Rooms,Wages,Income,,,,,,,,,,,,,,
29-Aug-2025,11309.35,9770,1539.35,-6.0,Card,BOI,,Maintaining Account,BOI Fees,,,,,,,,,,,,,,
29-Aug-2025,11259.35,9770,1489.35,-50.0,Card,Trading212,,€50 into brokerage account,Investing,,,,,,,,,,,,,,
29-Aug-2025,11247.08,9770,1477.08,-12.27,Card,Lidl,Lidl Cork Cornmarket,Food,Food,,,,,,,,,,,,,,
30-Aug-2025,11238.15,9770,1468.15,-8.93,Card,Lidl,Lidl Kanturk,Food for home,Food Non-Personal,,,,,,,,,,,,,,
31-Aug-2025,11214.05,9770,1444.05,-24.1,Card,Eskimo's,Eskimo Pizza (North),"Pizza, 2*Garlic Sauce, Fanta",Impulsive Food,,,,,,,,,,,,,,
31-Aug-2025,11206.22,9770,1436.22,-7.83,Card,Lidl,Lidl Cork Cornmarket,Food,Food,,,,,,,,,,,,,,
31-Aug-2025,11203.27,9770,1433.27,-2.95,Card,Daybreak,Daybreak,Monster,Food,,,,,,,,,,,,,,
31-Aug-2025,11198.77,9770,1428.77,-4.5,Card,Tesco,Tesco Superstore,Maltesers,Food,,,,,,,,,,,,,,
31-Aug-2025,11184.98,9770,1414.98,-13.79,Bank Transfer,TradeStation,,"$10 into Account, + €5 for BOI fees",Trading,,,,,,,,,,,,,,
1-Sep-2025,11170.37,9770,1400.37,-14.61,Card,Lidl,Lidl Cork Cornmarket,Food,Food,,,,,,,,,,,,,,
1-Sep-2025,11166.43,9770,1396.43,-3.94,Card,Lidl,Lidl Cork Cornmarket,Food,Impulsive Food,,,,,,,,,,,,,,
2-Sep-2025,11157.23,9770,1387.23,-9.2,Card,North Gate Pharmacy,Mary Shinnick-North Gate Pharmacy,"Fungal cream, plasters",Personal,,,,,,,,,,,,,,
2-Sep-2025,11144.36,9770,1374.36,-12.87,Card,Lidl,Lidl Cork Cornmarket,Food,Food,,,,,,,,,,,,,,
2-Sep-2025,11141.41,9770,1371.41,-2.95,Card,Daybreak,Daybreak,Monster,Food,,,,,,,,,,,,,,
2-Sep-2025,11136.52,9770,1366.52,-4.89,Card,Lidl,Lidl Cork Cornmarket,Food,Impulsive Food,,,,,,,,,,,,,,
3-Sep-2025,11122.16,9770,1352.16,-14.36,Card,Lidl,Lidl Cork Cornmarket,Food,Food,,,,,,,,,,,,,,
3-Sep-2025,11119.51,9770,1349.51,-2.65,Card,Lidl,Lidl Cork Cornmarket,Cookies,Impulsive Food,,,,,,,,,,,,,,
4-Sep-2025,11112.22,9770,1342.22,-7.29,Card,Lidl,Lidl Cork Cornmarket,Food,Food,,,,,,,,,,,,,,
4-Sep-2025,11109.27,9770,1339.27,-2.95,Card,Daybreak,Daybreak,Monster,Food,,,,,,,,,,,,,,
5-Sep-2025,11097.5,9770,1327.5,-11.77,Card,Lidl,Lidl Cork Cornmarket,Food,Food,,,,,,,,,,,,,,
5-Sep-2025,11093.58,9770,1323.58,-3.92,Card,Mr Price,MrPRICE Cork City,"Sponges, scrubbing brush",Household,,,,,,,,,,,,,,
5-Sep-2025,11043.58,9770,1273.58,-50.0,Card,Trading212,,€50 into brokerage account,Investing,,,,,,,,,,,,,,
5-Sep-2025,11193.78,9770,1423.78,150.2,Bank Transfer,Voodoo,Voodoo Rooms,Wages,Income,,,,,,,,,,,,,,
6-Sep-2025,11169.68,9770,1399.68,-24.1,Card,Eskimo's,Eskimo Pizza (North),"Pizza, 2*Garlic Sauce, Fanta",Impulsive Food,,,,,,,,,,,,,,
7-Sep-2025,11154.08,9770,1384.08,-15.6,Card,Tesco,Tesco Superstore,"2 * Mi Wadi, 4 pack monster",Food,,,,,,,,,,,,,,
7-Sep-2025,11146.91,9770,1376.91,-7.17,Card,Lidl,Lidl Cork Cornmarket,"Chicken breast, mushrooms, peppers",Food,,,,,,,,,,,,,,
7-Sep-2025,11143.92,9770,1373.92,-2.99,Card,Daybreak,Daybreak,Salt,Food,,,,,,,,,,,,,,
8-Sep-2025,11130.71,9770,1360.71,-13.21,Card,Lidl,Lidl Cork Cornmarket,Food,Food,,,,,,,,,,,,,,
9-Sep-2025,11123.28,9770,1353.28,-7.43,Card,Lidl,Lidl Cork Cornmarket,Food,Food,,,,,,,,,,,,,,
9-Sep-2025,10843.28,9770,1073.28,-280.0,Card,Motor Tax,,Car Tax,Car Maintenance,,,,,,,,,,,,,,
9-Sep-2025,10475.28,9770,705.28,-368.0,Card,FlyeFit,FLYEfit Cork,Annual membership,Personal,,,,,,,,,,,,,,
10-Sep-2025,10467.26,9770,697.26,-8.02,Card,Lidl,Lidl Cork Cornmarket,Food,Food,,,,,,,,,,,,,,
11-Sep-2025,10460.66,9770,690.66,-6.6,Card,Tesco,Tesco Superstore,4 Monster,Food,,,,,,,,,,,,,,
11-Sep-2025,10454.28,9770,684.28,-6.38,Card,Chemist Warhouse,Chemist Warehouse Cornmarket,Plasters,Personal,,,,,,,,,,,,,,
11-Sep-2025,10445.07,9770,675.07,-9.21,Card,Lidl,Lidl Cork Cornmarket,Food,Food,,,,,,,,,,,,,,
12-Sep-2025,10420.97,9770,650.97,-24.1,Card,Eskimo's,Eskimo Pizza (North),"Pizza, 2*Garlic Sauce, Coke",Impulsive Food,,,,,,,,,,,,,,
12-Sep-2025,10400.97,9770,630.97,-20.0,Card,City Barbers,City barbers,Haircut,Personal,,,,,,,,,,,,,,
12-Sep-2025,10395.03,9770,625.03,-5.94,Card,Lidl,Lidl Cork Cornmarket,Food,Food,,,,,,,,,,,,,,
12-Sep-2025,10345.03,9770,575.03,-50.0,Card,Trading212,,€50 into brokerage account,Investing,,,,,,,,,,,,,,
12-Sep-2025,10780.41,9770,1010.41,435.38,Bank Transfer,Voodoo,Voodoo Rooms,Wages,Income,,,,,,,,,,,,,,
13-Sep-2025,10770.24,9770,1000.24,-10.17,Card,Lidl,Lidl Kanturk,Food for home,Food Non-Personal,,,,,,,,,,,,,,
13-Sep-2025,10670.44,9770,900.44,-99.8,Card,Spar,Aspel's Spar,Petrol,Petrol,,,,,,,,,,,,,,
14-Sep-2025,10646.34,9770,876.34,-24.1,Card,Eskimo's,Eskimo Pizza (North),"Pizza, 2*Garlic Sauce, Fanta",Impulsive Food,,,,,,,,,,,,,,
14-Sep-2025,10637.13,9770,867.13,-9.21,Card,Lidl,Lidl Cork Cornmarket,Food,Food,,,,,,,,,,,,,,
12-Sep-2025,10632.19,9770,862.19,-4.94,Card,Lidl,Lidl Cork Cornmarket,"4 choc buns, ice-cream",Impulsive Food,,,,,,,,,,,,,,
14-Sep-2025,10640.72,9770,870.72,8.53,Bank Transfer,Tradestation,,$10 returned failed transaction,Trading,,,,,,,,,,,,,,
14-Sep-2025,10613.72,9770,843.72,-27.0,Card,TradingView,,Subscription,Trading,,,,,,,,,,,,,,
15-Sep-2025,10593.23,9770,823.23,-20.49,Card,Lidl,Lidl Cork Cornmarket,Food,Food,,,,,,,,,,,,,,
16-Sep-2025,10473.24,9770,703.24,-119.99,Card,Screenshelf,Screenshelf.ie,S22 Ultra Screen,Personal,,,,,,,,,,,,,,
14-Sep-2025,10470.79,9770,700.79,-2.45,Card,Lidl,Lidl Cork Cornmarket,Cookies,Impulsive Food,,,,,,,,,,,,,,
13-Sep-2025,10570.79,9870,700.79,100.0,Cash,Mumsie,,Working at home,Mumsie,,,,,,,,,,,,,,
16-Sep-2025,10564.2,9870,694.2,-6.59,Card,Mr Price,MrPRICE Cork City,4 * Monster,Food,,,,,,,,,,,,,,
16-Sep-2025,10560.66,9870,690.66,-3.54,Card,Lidl,Lidl Cork Cornmarket,Food,Food,,,,,,,,,,,,,,
17-Sep-2025,10547.74,9870,677.74,-12.92,Card,Lidl,Lidl Cork Cornmarket,Food,Food,,,,,,,,,,,,,,
18-Sep-2025,10542.51,9870,672.51,-5.23,Card,Lidl,Lidl Cork Cornmarket,Food,Food,,,,,,,,,,,,,,
18-Sep-2025,10541.21,9870,671.21,-1.3,Card,Daybreak,Daybreak,Chewing Gum,Food,,,,,,,,,,,,,,
18-Sep-2025,10538.26,9870,668.26,-2.95,Card,Daybreak,Daybreak,Monster,Food,,,,,,,,,,,,,,
19-Sep-2025,10849.42,9870,979.42,311.16,Bank Transfer,Voodoo,Voodoo Rooms,Wages,Income,,,,,,,,,,,,,,
19-Sep-2025,10845.93,9870,975.93,-3.49,Card,Chemist Warhouse,Chemist Warehouse Cornmarket,Plasters,Personal,,,,,,,,,,,,,,
19-Sep-2025,10841.79,9870,971.79,-4.14,Card,Lidl,Lidl Cork Cornmarket,Food,Food,,,,,,,,,,,,,,
19-Sep-2025,10791.79,9870,921.79,-50.0,Card,Trading212,,€50 into brokerage account,Investing,,,,,,,,,,,,,,
19-Sep-2025,10789.34,9870,919.34,-2.45,Card,Lidl,Lidl Cork Cornmarket,Cookies,Food,,,,,,,,,,,,,,
19-Sep-2025,10779.34,9870,909.34,-10.0,Card,Pre Pay Power,,Top up denis apartment,Household,,,,,,,,,,,,,,
20-Sep-2025,10829.34,9920,909.34,50.0,Cash,Dadsie,,Dosed Cattle,Dadsie,,,,,,,,,,,,,,
21-Sep-2025,10839.34,9930,909.34,10.0,Cash,Peggie,,Brought in timber,Mumsie,,,,,,,,,,,,,,
22-Sep-2025,10837.55,9930,907.55,-1.79,Card,Mr Price,MrPRICE Cork City,Sweets,Food,,,,,,,,,,,,,,
22-Sep-2025,10831.85,9930,901.85,-5.7,Card,Daybreak,Daybreak,"Choclate bar, monster",Food,,,,,,,,,,,,,,
22-Sep-2025,10822.53,9930,892.53,-9.32,Card,Lidl,Lidl Cork Cornmarket,Food,Food,,,,,,,,,,,,,,
23-Sep-2025,10804.68,9930,874.68,-17.85,Card,Tesco,Tesco Superstore,"2 * Mi Wadi, 4 * Monster",Food,,,,,,,,,,,,,,
23-Sep-2025,10788.69,9930,858.69,-15.99,Card,Chemist Warhouse,Chemist Warehouse Cornmarket,Condoms,Personal,,,,,,,,,,,,,,
23-Sep-2025,10779.83,9930,849.83,-8.86,Card,Lidl,Lidl Cork Cornmarket,Food,Food,,,,,,,,,,,,,,
23-Sep-2025,10775.09,9930,845.09,-4.74,Card,Lidl,Lidl Cork Cornmarket,Food,Food,,,,,,,,,,,,,,
23-Sep-2025,10772.35,9930,842.35,-2.74,Card,Mr Price,MrPRICE Cork City,Sweets,Impulsive Food,,,,,,,,,,,,,,
24-Sep-2025,10771.1,9930,841.1,-1.25,Card,Mr Price,MrPRICE Cork City,Sweets,Food,,,,,,,,,,,,,,
24-Sep-2025,10761.49,9930,831.49,-9.61,Card,Lidl,Lidl Cork Cornmarket,Food,Food,,,,,,,,,,,,,,
24-Sep-2025,10759.04,9930,829.04,-2.45,Card,Lidl,Lidl Cork Cornmarket,Cookies,Food,,,,,,,,,,,,,,
25-Sep-2025,10749.52,9930,819.52,-9.52,Card,Lidl,Lidl Cork Cornmarket,Food,Food,,,,,,,,,,,,,,
25-Sep-2025,10747.07,9930,817.07,-2.45,Card,Lidl,Lidl Cork Cornmarket,Cookies,Food,,,,,,,,,,,,,,
25-Sep-2025,10507.07,9930,577.07,-240.0,Card,ATM,Bank of Ireland,240 cash for pat,Null,,,,,,,,,,,,,,
25-Sep-2025,10747.07,10170,577.07,240.0,Cash,Me,,240 cash,Null,,,,,,,,,,,,,,
20-Sep-2025,10729.96,10170,559.96,-17.11,Card,Aldi,ALDI,Food for home,Food Non-Personal,,,,,,,,,,,,,,
26-Sep-2025,10947.97,10170,777.97,218.01,Bank Transfer,Voodoo,Voodoo Rooms,Wages,Income,,,,,,,,,,,,,,
26-Sep-2025,10942.99,10170,772.99,-4.98,Card,Lidl,Lidl Cork Cornmarket,"Eggs, ketchup",Food,,,,,,,,,,,,,,
26-Sep-2025,10940.54,10170,770.54,-2.45,Card,Lidl,Lidl Cork Cornmarket,Cookies,Food,,,,,,,,,,,,,,
27-Sep-2025,10930.37,10170,760.37,-10.17,Card,Lidl,Lidl Kanturk,Food for home,Food Non-Personal,,,,,,,,,,,,,,
28-Sep-2025,10921.98,10170,751.98,-8.39,Card,Lidl,Lidl Cork Cornmarket,Food,Food,,,,,,,,,,,,,,
27-Sep-2025,10621.98,9870,751.98,-300.0,Cash,Rent,,Paid from 17/08/2025 - 20/09/2025 = 5 weeks,Rent,,,,,,,,,,,,,,
27-Sep-2025,10671.98,9920,751.98,50.0,Cash,Dadsie,,Powerhosed parlour,Dadsie,,,,,,,,,,,,,,
29-Sep-2025,10661.2,9920,741.2,-10.78,Card,Lidl,Lidl Cork Cornmarket,Food,Food,,,,,,,,,,,,,,
30-Sep-2025,10655.2,9920,735.2,-6.0,Bank Transfer,Fees,,Maintaining account,BOI Fees,,,,,,,,,,,,,,
30-Sep-2025,10644.37,9920,724.37,-10.83,Card,Lidl,Lidl Cork Cornmarket,Food,Food,,,,,,,,,,,,,,
30-Sep-2025,10594.3,9920,674.3,-50.07,Card,Trading212,,€50 into brokerage account,Investing,,,,,,,,,,,,,,
1-Oct-2025,10590.76,9920,670.76,-3.54,Card,Lidl,Lidl Cork Cornmarket,Food,Food,,,,,,,,,,,,,,
2-Oct-2025,10580.94,9920,660.94,-9.82,Card,Lidl,Lidl Cork Cornmarket,Food,Food,,,,,,,,,,,,,,
2-Oct-2025,10040.94,9920,120.94,-540.0,Card,ATM,Bank of Ireland,Cash,Null,,,,,,,,,,,,,,
2-Oct-2025,10580.94,10460,120.94,540.0,Cash,Me,,540 cash,Null,,,,,,,,,,,,,,
2-Oct-2025,10500.94,10380,120.94,-80.0,Cash,Pat Sheehan,,Paid from 21/09/2025 - 27/09/2025 = 1 week,Rent,,,,,,,,,,,,,,
2-Oct-2025,10400.94,10280,120.94,-100.0,Cash,Pat Sheehan,,"Wanted back pay, felt money was missing",Rent,,,,,,,,,,,,,,
2-Oct-2025,10220.94,10100,120.94,-180.0,Cash,Denis,,Rent and back pay money,Denis,,,,,,,,,,,,,,
2-Oct-2025,10040.94,9920,120.94,-180.0,Cash,Alexia,,Rent and back pay money,Alexia,,,,,,,,,,,,,,
3-Oct-2025,10333.32,9920,413.32,292.38,Bank Transfer,Voodoo,Voodoo Rooms,Wages,Income,,,,,,,,,,,,,,
3-Oct-2025,10283.32,9920,363.32,-50.0,Bank Transfer,Trading212,,€50 into brokerage account,Investing,,,,,,,,,,,,,,
3-Oct-2025,10280.37,9920,360.37,-2.95,Card,Daybreak,Daybreak,Monster,Food,,,,,,,,,,,,,,
3-Oct-2025,10272.05,9920,352.05,-8.32,Card,Lidl,Lidl Cork Cornmarket,Food,Food,,,,,,,,,,,,,,
4-Oct-2025,10262.03,9920,342.03,-10.02,Card,Lidl,Lidl Kanturk,Food for home,Food Non-Personal,,,,,,,,,,,,,,
5-Oct-2025,10249.46,9920,329.46,-12.57,Card,Lidl,Lidl Cork Cornmarket,"Eggs, Rashers, Cloudy Apple Juice, Bannana",Food,,,,,,,,,,,,,,
6-Oct-2025,10245.8,9920,325.8,-3.66,Card,Lidl,Lidl Cork Cornmarket,"Bread, 2 * yogurts, ketchup",Food,,,,,,,,,,,,,,
6-Oct-2025,9995.8,9920,75.8,-250.0,Card,Revolut,,Revolut -> IBKR,Trading,,,,,,,,,,,,,,
7-Oct-2025,9983.47,9920,63.47,-12.33,Card,Lidl,Lidl Cork Cornmarket,"Rashers, Cookies, Apple Juice, Chewing Gum",Food,,,,,,,,,,,,,,
8-Oct-2025,9975.94,9920,55.94,-7.53,Card,Lidl,Lidl Cork Cornmarket,Food,Food,,,,,,,,,,,,,,
8-Oct-2025,9969.35,9920,49.35,-6.59,Card,Mr Price,MrPRICE Cork City,Monster,Food,,,,,,,,,,,,,,
9-Oct-2025,9959.27,9920,39.27,-10.08,Card,Lidl,Lidl Cork Cornmarket,Food,Food,,,,,,,,,,,,,,
10-Oct-2025,10235.6,9920,315.6,276.33,Bank Transfer,Voodoo,Voodoo Rooms,Wages,Income,,,,,,,,,,,,,,
10-Oct-2025,10185.6,9920,265.6,-50.0,Bank Transfer,Trading212,,€50 into brokerage account,Investing,,,,,,,,,,,,,,
10-Oct-2025,10177.83,9920,257.83,-7.77,Card,Lidl,Lidl Cork Cornmarket,Food,Food,,,,,,,,,,,,,,
11-Oct-2025,10167.36,9920,247.36,-10.47,Card,Lidl,Lidl Cork Cornmarket,Food,Food,,,,,,,,,,,,,,
12-Oct-2025,10148.06,9920,228.06,-19.3,Card,Eskimo's,Eskimo Pizza (North),Pizza + 2 dips,Food,,,,,,,,,,,,,,
12-Oct-2025,10139.38,9920,219.38,-8.68,Card,Lidl,Lidl Cork Cornmarket,Food,Food,,,,,,,,,,,,,,
13-Oct-2025,10131.7,9920,211.7,-7.68,Card,Lidl,Lidl Cork Cornmarket,Food,Food,,,,,,,,,,,,,,
13-Oct-2025,10129.76,9920,209.76,-1.94,Card,Mr Price,MrPRICE Cork City,Monster,Food,,,,,,,,,,,,,,
13-Oct-2025,10110.46,9920,190.46,-19.3,Card,Eskimo's,Eskimo Pizza (North),Pizza + 2 dips,Food,,,,,,,,,,,,,,
14-Oct-2025,10590.46,9920,670.46,480.0,Bank Transfer,Denis,,"Alexia 180 + Denis 180 + 120 Owed, Alexia, Denis paid",Denis,,,,,,,,,,,,,,
14-Oct-2025,10580.2,9920,660.2,-10.26,Card,Lidl,Lidl Cork Cornmarket,Food,Food,,,,,,,,,,,,,,
14-Oct-2025,10280.2,9920,360.2,-300.0,Card,Electric Ireland,,Security Deposit,Household,,,,,,,,,,,,,,
14-Oct-2025,10261.81,9920,341.81,-18.39,Card,TradingView,,Subscription,Trading,,,,,,,,,,,,,,
15-Oct-2025,10251.09,9920,331.09,-10.72,Card,Lidl,Lidl Cork Cornmarket,Food,Food,,,,,,,,,,,,,,
15-Oct-2025,10247.64,9920,327.64,-3.45,Card,,,,Null,,,,,,,,,,,,,,
16-Oct-2025,10075.2,9920,155.2,-172.44,Card,OneOption,,Chat room 3 months,Trading,,,,,,,,,,,,,,
16-Oct-2025,10064.74,9920,144.74,-10.46,Card,Lidl,Lidl Cork Cornmarket,Food,Food,,,,,,,,,,,,,,
16-Oct-2025,10057.84,9920,137.84,-6.9,Card,Daybreak,Daybreak,"Monster, chewing gum",Food,,,,,,,,,,,,,,
17-Oct-2025,10047.57,9920,127.57,-10.27,Card,Lidl,Lidl Cork Cornmarket,Food,Food,,,,,,,,,,,,,,
17-Oct-2025,10043.64,9920,123.64,-3.93,Card,Mr Price,MrPRICE Cork City,"Hunky Dory's, Monster",Food,,,,,,,,,,,,,,
17-Oct-2025,10329.28,9920,409.28,285.64,Bank Transfer,Voodoo,Voodoo Rooms,Wages,Income,,,,,,,,,,,,,,
18-Oct-2025,10318.81,9920,398.81,-10.47,Card,Lidl,Lidl Kanturk,Food for home,Food Non-Personal,,,,,,,,,,,,,,
18-Oct-2025,10211.78,9920,291.78,-107.03,Card,Spar,Aspel's Spar,Petrol,Petrol,,,,,,,,,,,,,,
19-Oct-2025,10192.48,9920,272.48,-19.3,Card,Eskimo's,Eskimo Pizza (North),Pizza + 2 dips,Food,,,,,,,,,,,,,,
19-Oct-2025,10191.23,9920,271.23,-1.25,Card,Mr Price,MrPRICE Cork City,Sweets,Food,,,,,,,,,,,,,,
19-Oct-2025,10184.8,9920,264.8,-6.43,Card,Lidl,Lidl Cork Cornmarket,Food,Food,,,,,,,,,,,,,,
19-Oct-2025,10181.45,9920,261.45,-3.35,Card,Centra,Centra,Monster,Food,,,,,,,,,,,,,,
20-Oct-2025,10171.33,9920,251.33,-10.12,Card,Lidl,Lidl Cork Cornmarket,Food,Food,,,,,,,,,,,,,,
20-Oct-2025,10168.38,9920,248.38,-2.95,Card,Daybreak,Daybreak,Monster,Food,,,,,,,,,,,,,,
20-Oct-2025,10118.38,9920,198.38,-50.0,Bank Transfer,Trading212,,€50 into brokerage account,Investing,,,,,,,,,,,,,,
21-Oct-2025,10110.56,9920,190.56,-7.82,Card,Lidl,Lidl Cork Cornmarket,Food,Food,,,,,,,,,,,,,,
18-Oct-2025,10160.56,9970,190.56,50.0,Cash,Mumsie,,Working at home,Mumsie,,,,,,,,,,,,,,
21-Oct-2025,10156.62,9970,186.62,-3.94,Card,Lidl,Lidl Cork Cornmarket,"Cookies, cranberry juice",Food,,,,,,,,,,,,,,
22-Oct-2025,10155.37,9970,185.37,-1.25,Card,Mr Price,MrPRICE Cork City,Sweets,Food,,,,,,,,,,,,,,
22-Oct-2025,10146.1,9970,176.1,-9.27,Card,Lidl,Lidl Cork Cornmarket,Food,Food,,,,,,,,,,,,,,
22-Oct-2025,10142.15,9970,172.15,-3.95,Card,Daybreak,Daybreak,Chewing gum,Food,,,,,,,,,,,,,,
23-Oct-2025,10133.27,9970,163.27,-8.88,Card,Lidl,Lidl Cork Cornmarket,Food,Food,,,,,,,,,,,,,,
23-Oct-2025,10129.92,9970,159.92,-3.35,Card,Centra,Centra,Monster,Food,,,,,,,,,,,,,,
23-Oct-2025,10126.97,9970,156.97,-2.95,Card,Wok N Roll,Wok'n'Roll Grand Parade,Fanta,Food,,,,,,,,,,,,,,
24-Oct-2025,10123.03,9970,153.03,-3.94,Card,Lidl,Lidl Cork Cornmarket,"Cookies, cranberry juice",Food,,,,,,,,,,,,,,
24-Oct-2025,10073.03,9970,103.03,-50.0,Bank Transfer,Trading212,,€50 into brokerage account,Investing,,,,,,,,,,,,,,
24-Oct-2025,10424.77,9970,454.77,351.74,Bank Transfer,Voodoo,Voodoo Rooms,Wages,Income,,,,,,,,,,,,,,
25-Oct-2025,10415.5,9970,445.5,-9.27,Card,Lidl,Lidl Kanturk,Food for home,Food Non-Personal,,,,,,,,,,,,,,
26-Oct-2025,10403.93,9970,433.93,-11.57,Card,Lidl,Lidl Cork Cornmarket,Food,Food,,,,,,,,,,,,,,
26-Oct-2025,10400.94,9970,430.94,-2.99,Card,Costcutter,Costcutter,Pepsi Max,Food,,,,,,,,,,,,,,
26-Oct-2025,10381.64,9970,411.64,-19.3,Card,Eskimo's,Eskimo Pizza (North),Pizza + 2 dips,Food,,,,,,,,,,,,,,
27-Oct-2025,10369.89,9970,399.89,-11.75,Card,Aldi,ALDI,Cat Litter,Sheila,,,,,,,,,,,,,,
28-Oct-2025,10363.29,9970,393.29,-6.6,Card,Tesco,Tesco Superstore,4 * Monster,Food,,,,,,,,,,,,,,
28-Oct-2025,10356.01,9970,386.01,-7.28,Card,Lidl,Lidl Cork Cornmarket,Food,Food,,,,,,,,,,,,,,
29-Oct-2025,10344.55,9970,374.55,-11.46,Card,Lidl,Lidl Cork Cornmarket,Food,Food,,,,,,,,,,,,,,
30-Oct-2025,10332.42,9970,362.42,-12.13,Card,Lidl,Lidl Cork Cornmarket,Food,Food,,,,,,,,,,,,,,
31-Oct-2025,10928.21,9970,958.21,595.79,Bank Transfer,Voodoo,Voodoo Rooms,Wages,Income,,,,,,,,,,,,,,
31-Oct-2025,10922.21,9970,952.21,-6.0,Bank Transfer,Fees,,Maintaining account,BOI Fees,,,,,,,,,,,,,,
31-Oct-2025,10872.21,9970,902.21,-50.0,Bank Transfer,Trading212,,€50 into brokerage account,Investing,,,,,,,,,,,,,,
31-Oct-2025,10863.33,9970,893.33,-8.88,Card,Lidl,Lidl Cork Cornmarket,Food,Food,,,,,,,,,,,,,,
31-Oct-2025,10856.74,9970,886.74,-6.59,Card,Mr Price,MrPRICE Cork City,4 * Monster,Food,,,,,,,,,,,,,,
1-Nov-2025,10837.44,9970,867.44,-19.3,Card,Eskimo's,Eskimo Pizza (North),Pizza + 2 dips,Food,,,,,,,,,,,,,,
1-Nov-2025,10828.57,9970,858.57,-8.87,Card,Lidl,Lidl Cork Cornmarket,Food,Food,,,,,,,,,,,,,,
2-Nov-2025,10809.27,9970,839.27,-19.3,Card,Eskimo's,Eskimo Pizza (North),Pizza + 2 dips,Food,,,,,,,,,,,,,,
2-Nov-2025,10799.0,9970,829.0,-10.27,Card,Lidl,Lidl Cork Cornmarket,Food,Food,,,,,,,,,,,,,,
1-Nov-2025,10849.0,10020,829.0,50.0,Cash,Dadsie,,Dosed cattle,Dadsie,,,,,,,,,,,,,,
3-Nov-2025,10835.2,10020,815.2,-13.8,Card,Lidl,Lidl Cork Cornmarket,Food,Food,,,,,,,,,,,,,,
4-Nov-2025,10825.03,10020,805.03,-10.17,Card,Lidl,Lidl Cork Cornmarket,Food,Food,,,,,,,,,,,,,,
4-Nov-2025,10817.31,10020,797.31,-7.72,Card,Lidl,Lidl Cork Cornmarket,Food,Food,,,,,,,,,,,,,,
5-Nov-2025,10811.83,10020,791.83,-5.48,Card,Lidl,Lidl Cork Cornmarket,Food,Food,,,,,,,,,,,,,,
5-Nov-2025,10806.89,10020,786.89,-4.94,Card,Lidl,Lidl Cork Cornmarket,"Ice-cream, 4 muffins",Food,,,,,,,,,,,,,,
6-Nov-2025,10798.67,10020,778.67,-8.22,Card,Lidl,Lidl Cork Cornmarket,Food,Food,,,,,,,,,,,,,,
7-Nov-2025,11213.36,10020,1193.36,414.69,Bank Transfer,Voodoo,Voodoo Rooms,Wages,Income,,,,,,,,,,,,,,
7-Nov-2025,11163.36,10020,1143.36,-50.0,Bank Transfer,Trading212,,€50 into brokerage account,Investing,,,,,,,,,,,,,,
7-Nov-2025,11144.06,10020,1124.06,-19.3,Card,Eskimo's,Eskimo Pizza (North),Pizza + 2 dips,Food,,,,,,,,,,,,,,
7-Nov-2025,11136.43,10020,1116.43,-7.63,Card,Lidl,Lidl Cork Cornmarket,Food,Food,,,,,,,,,,,,,,
7-Nov-2025,11130.98,10020,1110.98,-5.45,Card,Daybreak,Daybreak,"Monster, sweets",Food,,,,,,,,,,,,,,
8-Nov-2025,11129.63,10020,1109.63,-1.35,Card,Lidl,Lidl Cork Cornmarket,3 * Donuts,Food,,,,,,,,,,,,,,
8-Nov-2025,11149.63,10040,1109.63,20.0,Cash,Peggie,,Brought in timber,Mumsie,,,,,,,,,,,,,,
9-Nov-2025,11148.28,10040,1108.28,-1.35,Card,Lidl,Lidl Cork Cornmarket,3 * Donuts,Food,,,,,,,,,,,,,,
9-Nov-2025,11140.66,10040,1100.66,-7.62,Card,Lidl,Lidl Cork Cornmarket,"Chicken thighs, Mi Wadi, ",Food,,,,,,,,,,,,,,
10-Nov-2025,11133.14,10040,1093.14,-7.52,Card,Lidl,Lidl Cork Cornmarket,Food,Food,,,,,,,,,,,,,,
10-Nov-2025,11131.79,10040,1091.79,-1.35,Card,Lidl,Lidl Cork Cornmarket,3 * Donuts,Food,,,,,,,,,,,,,,
10-Nov-2025,11121.61,10040,1081.61,-10.18,Card,Chermist Warehouse,Chemist Warehouse Cornmarket,"Mouth Wash, rolly",Personal,,,,,,,,,,,,,,
10-Nov-2025,11118.66,10040,1078.66,-2.95,Card,Daybreak,Daybreak,monster,Food,,,,,,,,,,,,,,
11-Nov-2025,11116.87,10040,1076.87,-1.79,Card,Lidl,Lidl Cork Cornmarket,Cookies and cream donut,Food,,,,,,,,,,,,,,
11-Nov-2025,11108.31,10040,1068.31,-8.56,Card,Lidl,Lidl Cork Cornmarket,Food,Food,,,,,,,,,,,,,,
11-Nov-2025,11104.85,10040,1064.85,-3.46,Card,Lidl,Lidl Cork Cornmarket,3 * jam donuts and cream,Food,,,,,,,,,,,,,,
12-Nov-2025,11103.06,10040,1063.06,-1.79,Card,Lidl,Lidl Cork Cornmarket,Cookie and cream donut,Food,,,,,,,,,,,,,,
12-Nov-2025,11094.9,10040,1054.9,-8.16,Card,Lidl,Lidl Cork Cornmarket,Food,Food,,,,,,,,,,,,,,
12-Nov-2025,11086.7,10040,1046.7,-8.2,Card,Tesco,Tesco Superstore,Food,Food,,,,,,,,,,,,,,
13-Nov-2025,11083.12,10040,1043.12,-3.58,Card,Lidl,Lidl,2 * cookie and cream donuts,Food,,,,,,,,,,,,,,
13-Nov-2025,11075.86,10040,1035.86,-7.26,Card,Lidl,Lidl,Food,Food,,,,,,,,,,,,,,
14-Nov-2025,11328.5,10040,1288.5,252.64,Bank Transfer,Voodoo,Voodoo Rooms,Wages,Income,,,,,,,,,,,,,,
14-Nov-2025,11278.5,10040,1238.5,-50.0,Bank Transfer,Trading212,,€50 into brokerage account,Investing,,,,,,,,,,,,,,
14-Nov-2025,11273.46,10040,1233.46,-5.04,Card,Lidl,Lidl Cork Cornmarket,Food,Food,,,,,,,,,,,,,,
14-Nov-2025,11265.94,10040,1225.94,-7.52,Card,Lidl,Lidl Cork Cornmarket,Food,Food,,,,,,,,,,,,,,
14-Nov-2025,11247.55,10040,1207.55,-18.39,Card,TradingView,,Subscription,Trading,,,,,,,,,,,,,,
15-Nov-2025,11158.26,10040,1118.26,-89.29,Card,Circle K,Circle K Polefield,Petrol,Petrol,,,,,,,,,,,,,,
15-Nov-2025,11148.2,10040,1108.2,-10.06,Card,Lidl,Lidl Kanturk,"Pepsi Max, 2 cookie and cream donuts",Food Non-Personal,,,,,,,,,,,,,,
15-Nov-2025,11198.2,10090,1108.2,50.0,Cash,Dadsie,,"Fed cattle, cut out bullock",Dadsie,,,,,,,,,,,,,,
15-Nov-2025,1328.2,220,1108.2,-9870.0,Cash,Mumsie,,"Dropped cash back ages ago, its gone.",Mumsie,,,,,,,,,,,,,,
16-Nov-2025,1317.36,220,1097.36,-10.84,Card,Lidl,Lidl Cork Cornmarket,Food,Food,,,,,,,,,,,,,,
16-Nov-2025,1298.96,220,1078.96,-18.4,Card,Eskimo's,Eskimo Pizza (North),Pizza + 2 dips,Food,,,,,,,,,,,,,,
17-Nov-2025,1295.38,220,1075.38,-3.58,Card,Lidl,Lidl Cork Cornmarket,2 * Cookie and cream donuts,Food,,,,,,,,,,,,,,
17-Nov-2025,1291.8,220,1071.8,-3.58,Card,Lidl,Lidl Cork Cornmarket,2 * Cookie and cream donuts,Food,,,,,,,,,,,,,,
17-Nov-2025,1282.95,220,1062.95,-8.85,Card,Lidl,Lidl Cork Cornmarket,Food,Food,,,,,,,,,,,,,,
18-Nov-2025,1281.16,220,1061.16,-1.79,Card,Lidl,Lidl Cork Cornmarket,Cookie and cream donut,Food,,,,,,,,,,,,,,
18-Nov-2025,1270.86,220,1050.86,-10.3,Card,Lidl,Lidl Cork Cornmarket,Food,Food,,,,,,,,,,,,,,
18-Nov-2025,1268.37,220,1048.37,-2.49,Card,Lidl,Lidl Cork Cornmarket,Neo littlt bars,Food,,,,,,,,,,,,,,
19-Nov-2025,1264.79,220,1044.79,-3.58,Card,Lidl,Lidl Cork Cornmarket,2 * Cookie and cream donut,Food,,,,,,,,,,,,,,
19-Nov-2025,1255.84,220,1035.84,-8.95,Card,Lidl,Lidl Cork Cornmarket,Food,Food,,,,,,,,,,,,,,
19-Nov-2025,1250.39,220,1030.39,-5.45,Card,Daybreak,Daybreak,"Sweets, Monster",Food,,,,,,,,,,,,,,
20-Nov-2025,1550.39,220,1330.39,300.0,Bank Transfer,Electric Ireland,,Refund security deposit,Household,,,,,,,,,,,,,,
20-Nov-2025,1546.81,220,1326.81,-3.58,Card,Lidl,Lidl Cork Cornmarket,2 * Cookie and cream donut,Food,,,,,,,,,,,,,,
20-Nov-2025,1536.46,220,1316.46,-10.35,Card,Lidl,Lidl Cork Cornmarket,Food,Food,,,,,,,,,,,,,,
20-Nov-2025,1499.36,220,1279.36,-37.1,Card,Chemist Warehouse,Chemist Warehouse Cornmarket,"Rasers, body wash, tweesers, toothpaste",Personal,,,,,,,,,,,,,,
21-Nov-2025,1480.06,220,1260.06,-19.3,Card,Eskimo's,Eskimo Pizza (North),Pizza + 2 dips,Food,,,,,,,,,,,,,,
21-Nov-2025,1469.56,220,1249.56,-10.5,Card,Lidl,Lidl,Food,Food,,,,,,,,,,,,,,
21-Nov-2025,1465.63,220,1245.63,-3.93,Card,Mr Price,MrPRICE Cork City,"Monster, hunky dory taytos",Food,,,,,,,,,,,,,,
21-Nov-2025,1682.0,220,1462.0,216.37,Bank Transfer,Voodoo,Voodoo Rooms,Wages,Income,,,,,,,,,,,,,,
21-Nov-2025,1632.0,220,1412.0,-50.0,Bank Transfer,Trading212,,€50 into brokerage account,Investing,,,,,,,,,,,,,,
22-Nov-2025,1621.94,220,1401.94,-10.06,Card,Lidl,Lidl Kanturk,"Pepsi Max, 2 cookie and cream donuts",Food Non-Personal,,,,,,,,,,,,,,
23-Nov-2025,1616.87,220,1396.87,-5.07,Card,Lidl,Lidl Cork Cornmarket,Food,Food,,,,,,,,,,,,,,
23-Nov-2025,1608.67,220,1388.67,-8.2,Card,Tesco,Tesco Superstore,Food,Food,,,,,,,,,,,,,,
24-Nov-2025,1606.88,220,1386.88,-1.79,Card,Lidl,Lidl Cork Cornmarket,Cookie and cream donut,Food,,,,,,,,,,,,,,
24-Nov-2025,1594.34,220,1374.34,-12.54,Card,Lidl,Lidl Cork Cornmarket,Food,Food,,,,,,,,,,,,,,
24-Nov-2025,1589.27,220,1369.27,-5.07,Card,Lidl,Lidl Cork Cornmarket,Food,Food,,,,,,,,,,,,,,
25-Nov-2025,1574.78,220,1354.78,-14.49,Card,Lidl,Lidl Cork Cornmarket,Food,Food,,,,,,,,,,,,,,
25-Nov-2025,1554.78,220,1334.78,-20.0,Card,City Barbers,City barbers,Haircut,Personal,,,,,,,,,,,,,,
25-Nov-2025,1451.28,220,1231.28,-103.5,Card,Mick Murphy,Mick Murphy Menswear,Pants,Clothes,,,,,,,,,,,,,,
26-Nov-2025,1447.7,220,1227.7,-3.58,Card,Lidl,Lidl Cork Cornmarket,2 * Cookie and cream donuts,Food,,,,,,,,,,,,,,
26-Nov-2025,1439.94,220,1219.94,-7.76,Card,Lidl,Lidl Cork Cornmarket,Food,Food,,,,,,,,,,,,,,
27-Nov-2025,1436.36,220,1216.36,-3.58,Card,Lidl,Lidl Cork Cornmarket,2 * Cookie and cream donuts,Food,,,,,,,,,,,,,,
27-Nov-2025,1429.6,220,1209.6,-6.76,Card,Lidl,Lidl Cork Cornmarket,Food,Food,,,,,,,,,,,,,,
28-Nov-2025,1407.9,220,1187.9,-21.7,Card,Eskimo's,Eskimo Pizza (North),Pizza + 2 dips + Coke,Food,,,,,,,,,,,,,,
28-Nov-2025,1404.32,220,1184.32,-3.58,Card,Lidl,Lidl Cork Cornmarket,2 * Cookie and cream donuts,Food,,,,,,,,,,,,,,
28-Nov-2025,1397.56,220,1177.56,-6.76,Card,Lidl,Lidl Cork Cornmarket,Food,Food,,,,,,,,,,,,,,
28-Nov-2025,1391.56,220,1171.56,-6.0,Bank Transfer,BOI,,Maintaining account,BOI Fees,,,,,,,,,,,,,,
28-Nov-2025,1842.53,220,1622.53,450.97,Bank Transfer,Voodoo,Voodoo Rooms,Wages,Income,,,,,,,,,,,,,,
28-Nov-2025,1792.53,220,1572.53,-50.0,Bank Transfer,Trading212,,€50 into brokerage account,Investing,,,,,,,,,,,,,,
29-Nov-2025,1592.58,220,1372.58,-199.95,Card,Select Apple Store,select,Airpods 4 with active noise cancellation,Michael,,,,,,,,,,,,,,
29-Nov-2025,1579.81,220,1359.81,-12.77,Card,Lidl,Lidl Kanturk,"Pepsi Max, Jelly, Donuts",Food Non-Personal,,,,,,,,,,,,,,
29-Nov-2025,1779.81,420,1359.81,200.0,Cash,Michael,Knockskehy,Money for airpods,Michael,,,,,,,,,,,,,,
29-Nov-2025,1879.81,520,1359.81,100.0,Cash,Mumsie,Knockskehy,Working at home,Mumsie,,,,,,,,,,,,,,
30-Nov-2025,1860.51,520,1340.51,-19.3,Card,Eskimo's,Eskimo Pizza (North),Pizza + 2 dips,Food,,,,,,,,,,,,,,
30-Nov-2025,1844.1,520,1324.1,-16.41,Card,Lidl,Lidl Cork Cornmarket,Food + sponges + bags + paper towels,Food,,,,,,,,,,,,,,
1-Dec-2025,1824.15,520,1304.15,-19.95,Card,Live Carreer,,CV builder,Personal Development,,,,,,,,,,,,,,
1-Dec-2025,1820.62,520,1300.62,-3.53,Card,Mr Price,Mr Price,"Club Orange, Pens",Food,,,,,,,,,,,,,,
1-Dec-2025,1818.83,520,1298.83,-1.79,Card,Lidl,Lidl Cork Cornmarket,Donut,Food,,,,,,,,,,,,,,
1-Dec-2025,1809.57,520,1289.57,-9.26,Card,Lidl,Lidl Cork Cornmarket,Food,Food,,,,,,,,,,,,,,
1-Dec-2025,1805.63,520,1285.63,-3.94,Card,Lidl,Lidl Cork Cornmarket,Food,Food,,,,,,,,,,,,,,
2-Dec-2025,1805.0,520,1285.0,-0.63,Card,,,,Null,,,,,,,,,,,,,,
2-Dec-2025,1773.7,520,1253.7,-31.3,Card,TopStep,,Combine Trial 50k,Trading,,,,,,,,,,,,,,
2-Dec-2025,1766.83,520,1246.83,-6.87,Card,Lidl,Lidl Cork Cornmarket,Food,Food,,,,,,,,,,,,,,
2-Dec-2025,1756.83,520,1236.83,-10.0,Card,Lidl,Lidl Cork Cornmarket,Food,Food,,,,,,,,,,,,,,
2-Dec-2025,1753.25,520,1233.25,-3.58,Card,Lidl,Lidl Cork Cornmarket,2 Donuts,Food,,,,,,,,,,,,,,
3-Dec-2025,1743.93,520,1223.93,-9.32,Card,Lidl,Lidl Cork Cornmarket,Food,Food,,,,,,,,,,,,,,
3-Dec-2025,1737.34,520,1217.34,-6.59,Card,Mr Price,Mr Price,4 Monster,Food,,,,,,,,,,,,,,
4-Dec-2025,1730.47,520,1210.47,-6.87,Card,Lidl,Lidl Cork Cornmarket,Food,Food,,,,,,,,,,,,,,
4-Dec-2025,1726.89,520,1206.89,-3.58,Card,Lidl,Lidl Cork Cornmarket,2 Donuts,Food,,,,,,,,,,,,,,
5-Dec-2025,1716.06,520,1196.06,-10.83,Card,Lidl,Lidl Kanturk,"Pepsi Max, Donuts, Sweets",Food Non-Personal,,,,,,,,,,,,,,
5-Dec-2025,1816.06,620,1196.06,100.0,Cash,Mumsie,,Powerhosed Meelin,Mumsie,,,,,,,,,,,,,,
6-Dec-2025,1916.06,720,1196.06,100.0,Cash,Mumsie,,Powerhosed back yard,Mumsie,,,,,,,,,,,,,,
7-Dec-2025,1966.06,770,1196.06,50.0,Cash,Dadsie,,money and have me coins,Dadsie,,,,,,,,,,,,,,
7-Dec-2025,1946.06,750,1196.06,-20.0,Cash,Eskimo's,Eskimo Pizza (North),Pizza + 2 dips,Food,,,,,,,,,,,,,,
5-Dec-2025,2307.56,750,1557.56,361.5,Bank Transfer,Voodoo,Voodoo Rooms,Wages,Income,,,,,,,,,,,,,,
8-Dec-2025,2298.61,750,1548.61,-8.95,Card,Lidl,Lidl Cork Cornmarket,Food,Food,,,,,,,,,,,,,,
8-Dec-2025,2286.85,750,1536.85,-11.76,Card,Lidl,Lidl Cork Cornmarket,Food,Food,,,,,,,,,,,,,,
9-Dec-2025,2277.64,750,1527.64,-9.21,Card,Lidl,Lidl Cork Cornmarket,Food,Food,,,,,,,,,,,,,,
10-Dec-2025,2276.29,750,1526.29,-1.35,Card,Lidl,Lidl Cork Cornmarket,Food,Food,,,,,,,,,,,,,,
10-Dec-2025,2263.31,750,1513.31,-12.98,Card,Lidl,Lidl Cork Cornmarket,Food,Food,,,,,,,,,,,,,,
11-Dec-2025,2254.95,750,1504.95,-8.36,Card,Lidl,Lidl Cork Cornmarket,Food,Food,,,,,,,,,,,,,,
12-Dec-2025,2615.75,750,1865.75,360.8,Bank Transfer,Voodoo,Voodoo Rooms,Wages,Income,,,,,,,,,,,,,,
12-Dec-2025,2605.04,750,1855.04,-10.71,Card,Lidl,Lidl Cork Cornmarket,Food,Food,,,,,,,,,,,,,,
12-Dec-2025,2601.06,750,1851.06,-3.98,Card,Mr Price,Mr Price,Sweets,Food,,,,,,,,,,,,,,
13-Dec-2025,2501.06,750,1751.06,-100.0,Card,Circle K,Circle K | Car Wash,Petrol,Petrol,,,,,,,,,,,,,,
13-Dec-2025,2488.32,750,1738.32,-12.74,Card,Lidl,Lidl Kanturk,"Pepsi Max, Donuts, Sweets",Food Non-Personal,,,,,,,,,,,,,,
14-Dec-2025,2469.93,750,1719.93,-18.39,Card,TradingView,,Subscription,Trading,,,,,,,,,,,,,,
14-Dec-2025,2457.62,750,1707.62,-12.31,Card,Lidl,Lidl Cork Cornmarket,Food,Food,,,,,,,,,,,,,,
15-Dec-2025,2438.83,750,1688.83,-18.79,Card,Lidl,Lidl Cork Cornmarket,Food,Food,,,,,,,,,,,,,,
15-Dec-2025,2434.89,750,1684.89,-3.94,Card,Lidl,Lidl Cork Cornmarket,Food,Food,,,,,,,,,,,,,,
16-Dec-2025,2425.19,750,1675.19,-9.7,Card,Lidl,Lidl Cork Cornmarket,Food,Food,,,,,,,,,,,,,,
16-Dec-2025,2416.43,750,1666.43,-8.76,Card,Lidl,Lidl Cork Cornmarket,Food,Food,,,,,,,,,,,,,,
16-Dec-2025,2413.35,750,1663.35,-3.08,Card,Lidl,Lidl Cork Cornmarket,Food,Food,,,,,,,,,,,,,,
17-Dec-2025,767.67,750,17.67,-1645.68,Bank Transfer,Electric Ireland,,Back pay since Feb/2024,Household,,,,,,,,,,,,,,
17-Dec-2025,756.21,750,6.21,-11.46,Card,Lidl,Lidl Cork Cornmarket,Food,Food,,,,,,,,,,,,,,
19-Dec-2025,1214.69,750,464.69,458.48,Bank Transfer,Voodoo,Voodoo Rooms,Wages,Income,,,,,,,,,,,,,,
19-Dec-2025,1064.69,750,314.69,-150.0,Bank Transfer,Trading212,,€150 into brokerage account,Investing,,,,,,,,,,,,,,
19-Dec-2025,1056.13,750,306.13,-8.56,Card,Lidl,Lidl Cork Cornmarket,Food,Food,,,,,,,,,,,,,,
20-Dec-2025,1042.58,750,292.58,-13.55,Card,Lidl,Lidl Kanturk,Food for home,Food Non-Personal,,,,,,,,,,,,,,
20-Dec-2025,1032.44,750,282.44,-10.14,Card,Supervalu,Twohig's SuperValu Kanturk,Food for home,Food Non-Personal,,,,,,,,,,,,,,
21-Dec-2025,1012.45,750,262.45,-19.99,Card,Lidl,Lidl Kanturk,Food for home,Food Non-Personal,,,,,,,,,,,,,,
21-Dec-2025,1005.2,750,255.2,-7.25,Card,Supervalu,Twohig's SuperValu Kanturk,Food for home,Food Non-Personal,,,,,,,,,,,,,,
21-Dec-2025,1155.2,900,255.2,150.0,Cash,Mumsie,,Working at home,Mumsie,,,,,,,,,,,,,,
22-Dec-2025,1022.75,900,122.75,-132.45,Bank Transfer,Electric Ireland,,Electricity Bill,Household,,,,,,,,,,,,,,
22-Dec-2025,1012.54,900,112.54,-10.21,Card,Lidl,Lidl Cork Cornmarket,Food,Food,,,,,,,,,,,,,,
20-Dec-2025,1022.54,910,112.54,10.0,Cash,Peggie,,Brought in timber,Mumsie,,,,,,,,,,,,,,
23-Dec-2025,1584.3,910,674.3,561.76,Bank Transfer,Voodoo,Voodoo Rooms,Wages,Income,,,,,,,,,,,,,,
23-Dec-2025,1579.03,910,669.03,-5.27,Card,Lidl,Lidl Cork Cornmarket,Food,Food,,,,,,,,,,,,,,
24-Dec-2025,1538.08,910,628.08,-40.95,Card,Tesco,Tesco mallow,Turkey,Food Non-Personal,,,,,,,,,,,,,,
24-Dec-2025,1534.84,910,624.84,-3.24,Card,Spar,Aspel's Spar,Monster,Food,,,,,,,,,,,,,,
25-Dec-2025,1834.84,1210,624.84,300.0,Cash,Dadsie,,Christmas Money,Dadsie,,,,,,,,,,,,,,
26-Dec-2025,1825.89,1210,615.89,-8.95,Card,Daybreak,Daybreak,"Sweets, tayto's, monster",Food,,,,,,,,,,,,,,
27-Dec-2025,1804.19,1210,594.19,-21.7,Card,Eskimo's,Eskimo Pizza (North),Pizza + 2 dips + Coke,Food,,,,,,,,,,,,,,
27-Dec-2025,1789.15,1210,579.15,-15.04,Card,Lidl,Lidl Cork Cornmarket,Food,Food,,,,,,,,,,,,,,
27-Dec-2025,1739.15,1210,529.15,-50.0,Bank Transfer,Trading212,,€50 into brokerage account,Investing,,,,,,,,,,,,,,
28-Dec-2025,1729.3,1210,519.3,-9.85,Card,Lidl,Lidl Cork Cornmarket,Food,Food,,,,,,,,,,,,,,
29-Dec-2025,1719.53,1210,509.53,-9.77,Card,Lidl,Lidl Cork Cornmarket,Food,Food,,,,,,,,,,,,,,
30-Dec-2025,1710.96,1210,500.96,-8.57,Card,Lidl,Lidl Cork Cornmarket,Food,Food,,,,,,,,,,,,,,
31-Dec-2025,2231.8,1210,1021.8,520.84,Bank Transfer,Voodoo,Voodoo Rooms,Wages,Income,,,,,,,,,,,,,,
31-Dec-2025,2225.8,1210,1015.8,-6.0,Bank Transfer,BOI,,Maintaining account,BOI Fees,,,,,,,,,,,,,,
31-Dec-2025,2174.47,1210,964.47,-51.33,Card,TopStep,,50K Combine,Trading,,,,,,,,,,,,,,
31-Dec-2025,1874.47,910,964.47,-300.0,Cash,Robert Murphy,T45 HE40,Wahoo Kicker Core for Michael,Michael,,,,,,,,,,,,,,
31-Dec-2025,1866.54,910,956.54,-7.93,Card,Lidl,Lidl Cork Cornmarket,Food,Food,,,,,,,,,,,,,,
1-Jan-2026,1856.54,910,946.54,-10.0,Card,Animark,,Transferring ownership for Mumsie,Mumsie,,,,,,,,,,,,,,
2-Jan-2026,1855.51,910,945.51,-1.03,Bank Transfer,,,Dont have a clue,Null,,,,,,,,,,,,,,
2-Jan-2026,1847.18,910,937.18,-8.33,Card,Lidl,Lidl Cork Cornmarket,Food,Food,,,,,,,,,,,,,,
3-Jan-2026,1753.33,910,843.33,-93.85,Card,Circle K,Circle K | Car Wash,Petrol,Petrol,,,,,,,,,,,,,,
3-Jan-2026,1729.67,910,819.67,-23.66,Card,Lidl,Lidl Kanturk,"Tayto's, Pepsi Max, Toilet Paper",Food,,,,,,,,,,,,,,
4-Jan-2026,1727.22,910,817.22,-2.45,Card,Lidl,Lidl Cork Cornmarket,Cookies,Food,,,,,,,,,,,,,,
5-Jan-2026,1717.69,910,807.69,-9.53,Card,Lidl,Lidl Cork Cornmarket,Food,Food,,,,,,,,,,,,,,
5-Jan-2026,1713.0,910,803.0,-4.69,Card,Lidl,Lidl Cork Cornmarket,"Cookies, Apple Juice",Food,,,,,,,,,,,,,,
5-Jan-2026,1663.0,910,753.0,-50.0,Bank Transfer,Trading212,,€50 into brokerage account,Investing,,,,,,,,,,,,,,
6-Jan-2026,1652.17,910,742.17,-10.83,Card,Lidl,Lidl Cork Cornmarket,Food,Food,,,,,,,,,,,,,,
7-Jan-2026,1642.64,910,732.64,-9.53,Card,Lidl,Lidl Cork Cornmarket,Food,Food,,,,,,,,,,,,,,
8-Jan-2026,1638.04,910,728.04,-4.6,Card,Tesco,Tesco Superstore,Monster,Food,,,,,,,,,,,,,,
8-Jan-2026,1628.03,910,718.03,-10.01,Card,Lidl,Lidl Cork Cornmarket,Food,Food,,,,,,,,,,,,,,
9-Jan-2026,1617.22,910,707.22,-10.81,Card,Lidl,Lidl Cork Cornmarket,Food,Food,,,,,,,,,,,,,,
9-Jan-2026,1612.65,910,702.65,-4.57,Card,Lidl,Lidl Cork Cornmarket,Food,Food,,,,,,,,,,,,,,
9-Jan-2026,1602.99,910,692.99,-9.66,Card,Lidl,Lidl Cork Cornmarket,Food,Food,,,,,,,,,,,,,,
9-Jan-2026,1906.5,910,996.5,303.51,Bank Transfer,Voodoo,Voodoo Rooms,Wages,Income,,,,,,,,,,,,,,
9-Jan-2026,1856.5,910,946.5,-50.0,Bank Transfer,Trading212,,€50 into brokerage account,Investing,,,,,,,,,,,,,,
10-Jan-2026,1844.38,910,934.38,-12.12,Card,Lidl,Lidl Kanturk,Food for home,Food Non-Personal,,,,,,,,,,,,,,
10-Jan-2026,1829.44,910,919.44,-14.94,Card,Aldi,ALDI,Cat litter,Sheila,,,,,,,,,,,,,,
10-Jan-2026,2039.44,1120,919.44,210.0,Cash,Michael,Knockskehy,"Money for bike thing, 300 - 210 = 90 still owed.",Michael,,,,,,,,,,,,,,
11-Jan-2026,2032.76,1120,912.76,-6.68,Card,Lidl,Lidl Cork Cornmarket,Food,Food,,,,,,,,,,,,,,
11-Jan-2026,2028.69,1120,908.69,-4.07,Card,Lidl,Lidl Cork Cornmarket,Food,Food,,,,,,,,,,,,,,
12-Jan-2026,2015.89,1120,895.89,-12.8,Card,Lidl,Lidl Cork Cornmarket,Food,Food,,,,,,,,,,,,,,
13-Jan-2026,2004.59,1120,884.59,-11.3,Card,Tesco,Tesco Superstore,"Mi Wadi * 2, Monster",Food,,,,,,,,,,,,,,
13-Jan-2026,1997.76,1120,877.76,-6.83,Card,Lidl,Lidl Cork Cornmarket,Food,Food,,,,,,,,,,,,,,
14-Jan-2026,1984.47,1120,864.47,-13.29,Card,Lidl,Lidl Cork Cornmarket,Food,Food,,,,,,,,,,,,,,
14-Jan-2026,1980.52,1120,860.52,-3.95,Card,Daybreak,Daybreak,Ketchup,Food,,,,,,,,,,,,,,
14-Jan-2026,1962.13,1120,842.13,-18.39,Card,TradingView,,Subscription,Trading,,,,,,,,,,,,,,
15-Jan-2026,1861.13,1120,741.13,-101.0,Card,Dunnes Stores,Dunnes Stores,"Socks, Jocks, Bed Clothes",Clothes,,,,,,,,,,,,,,
15-Jan-2026,1855.88,1120,735.88,-5.25,Card,Dunnes Stores,Dunnes Stores,"Crunchie Bites, Jelly Snakes, Dunkers",Food,,,,,,,,,,,,,,
15-Jan-2026,1848.71,1120,728.71,-7.17,Card,Lidl,Lidl Cork Cornmarket,Food,Food,,,,,,,,,,,,,,
16-Jan-2026,2218.12,1120,1098.12,369.41,Bank Transfer,Voodoo,Voodoo Rooms,Wages,Income,,,,,,,,,,,,,,
16-Jan-2026,2046.45,1120,926.45,-171.67,Card,OneOption,,OneOption Chat Room 3 Month,Trading,,,,,,,,,,,,,,
16-Jan-2026,2034.34,1120,914.34,-12.11,Card,Lidl,Lidl Cork Cornmarket,Food,Food,,,,,,,,,,,,,,
17-Jan-2026,2026.07,1120,906.07,-8.27,Card,Lidl,Lidl Kanturk,"Pepsi Max, Tayto's",Food Non-Personal,,,,,,,,,,,,,,
17-Jan-2026,2126.07,1220,906.07,100.0,Cash,Michael,Knockskehy,"Money for bike thing, 90 - 100 = -10, Nothing Owed",Michael,,,,,,,,,,,,,,
17-Jan-2026,2226.07,1320,906.07,100.0,Cash,Mumsie,Knockskehy,Worked at home,Mumsie,,,,,,,,,,,,,,
18-Jan-2026,2217.55,1320,897.55,-8.52,Card,Lidl,Lidl Cork Cornmarket,Food,Food,,,,,,,,,,,,,,
12-Jan-2026,2232.49,1320,912.49,14.94,Bank Transfer,Sheila,,Cat litter,Sheila,,,,,,,,,,,,,,
18-Jan-2026,2229.92,1320,909.92,-2.57,Card,Lidl,Lidl Cork Cornmarket,Food,Food,,,,,,,,,,,,,,
18-Jan-2026,2210.62,1320,890.62,-19.3,Card,Eskimo's,Eskimo Pizza (North),Pizza + 2 dips,Food,,,,,,,,,,,,,,
19-Jan-2026,2207.19,1320,887.19,-3.43,Card,OneOption,,One Option convertion fee,Trading,,,,,,,,,,,,,,
19-Jan-2026,2204.61,1320,884.61,-2.58,Card,Lidl,Lidl Cork Cornmarket,Food,Food,,,,,,,,,,,,,,
19-Jan-2026,2198.03,1320,878.03,-6.58,Card,Lidl,Lidl Cork Cornmarket,Food,Food,,,,,,,,,,,,,,
19-Jan-2026,2185.39,1320,865.39,-12.64,Card,Lidl,Lidl Cork Cornmarket,Food,Food,,,,,,,,,,,,,,
19-Jan-2026,2168.82,1320,848.82,-16.57,Card,Chemist Warehouse,Chemist Warehouse Cornmarket,"Deodrent, shampoo, body wash",Personal,,,,,,,,,,,,,,
20-Jan-2026,2166.24,1320,846.24,-2.58,Card,Lidl,Lidl Cork Cornmarket,Food,Food,,,,,,,,,,,,,,
20-Jan-2026,2160.24,1320,840.24,-6.0,Card,Lidl,Lidl Cork Cornmarket,Food,Food,,,,,,,,,,,,,,
20-Jan-2026,2150.01,1320,830.01,-10.23,Card,Lidl,Lidl Cork Cornmarket,Food,Food,,,,,,,,,,,,,,
21-Jan-2026,2147.43,1320,827.43,-2.58,Card,Lidl,Lidl Cork Cornmarket,Food,Food,,,,,,,,,,,,,,
21-Jan-2026,2138.38,1320,818.38,-9.05,Card,Lidl,Lidl Cork Cornmarket,Food,Food,,,,,,,,,,,,,,
21-Jan-2026,2134.0,1320,814.0,-4.38,Card,Lidl,Lidl Cork Cornmarket,Food,Food,,,,,,,,,,,,,,
22-Jan-2026,2123.45,1320,803.45,-10.55,Card,Lidl,Lidl Cork Cornmarket,Food,Food,,,,,,,,,,,,,,
22-Jan-2026,2120.48,1320,800.48,-2.97,Card,Lidl,Lidl Cork Cornmarket,Food,Food,,,,,,,,,,,,,,
23-Jan-2026,2020.48,1320,700.48,-100.0,Bank Transfer,Trading212,,€100 into brokerage account,Investing,,,,,,,,,,,,,,
23-Jan-2026,2018.54,1320,698.54,-1.94,Card,Mr Price,Mr Price,Monster,Food,,,,,,,,,,,,,,
23-Jan-2026,2005.45,1320,685.45,-13.09,Card,Lidl,Lidl Cork Cornmarket,Food,Food,,,,,,,,,,,,,,
23-Jan-2026,2002.87,1320,682.87,-2.58,Card,Lidl,Lidl Cork Cornmarket,Food,Food,,,,,,,,,,,,,,
24-Jan-2026,1993.39,1320,673.39,-9.48,Card,Lidl,Lidl Kanturk,Food for home,Food,,,,,,,,,,,,,,
24-Jan-2026,1887.85,1320,567.85,-105.54,Card,Spar,Aspel's Spar,Petrol,Petrol,,,,,,,,,,,,,,
25-Jan-2026,1877.0,1320,557.0,-10.85,Card,Lidl,Lidl Cork Cornmarket,Food,Food,,,,,,,,,,,,,,
25-Jan-2026,1874.0,1320,554.0,-3.0,Card,Lidl,Lidl Cork Cornmarket,Food,Food,,,,,,,,,,,,,,
25-Jan-2026,1854.7,1320,534.7,-19.3,Card,Eskimo's,Eskimo Pizza (North),Pizza + 2 dips,Food,,,,,,,,,,,,,,
23-Jan-2026,2166.32,1320,846.32,311.62,Bank Transfer,Voodoo,Voodoo Rooms,Wages,Income,,,,,,,,,,,,,,
24-Jan-2026,2266.32,1420,846.32,100.0,Cash,Mumsie,,Working at home,Mumsie,,,,,,,,,,,,,,
26-Jan-2026,2264.38,1420,844.38,-1.94,Card,Mr Price,Mr Price,monster,Food,,,,,,,,,,,,,,
26-Jan-2026,2253.87,1420,833.87,-10.51,Card,Lidl,Lidl Cork Cornmarket,Food,Food,,,,,,,,,,,,,,
27-Jan-2026,2232.75,1420,812.75,-21.12,Card,TC2000,,1 month subscription,Trading,,,,,,,,,,,,,,
27-Jan-2026,2160.85,1420,740.85,-71.9,Card,The Perfume Shop,The Perfume Shop,2 prada l'homme,Personal,,,,,,,,,,,,,,
27-Jan-2026,2160.43,1420,740.43,-0.42,Card,TC2000,,Convertion Fee,Trading,,,,,,,,,,,,,,
27-Jan-2026,2157.48,1420,737.48,-2.95,Card,Daybreak,Daybreak,Monster,Food,,,,,,,,,,,,,,
27-Jan-2026,2154.53,1420,734.53,-2.95,Card,Dinos,Dinos Blackpool,Food,Food,,,,,,,,,,,,,,
27-Jan-2026,2152.08,1420,732.08,-2.45,Card,Lidl,Lidl Cork Cornmarket,Cookies,Food,,,,,,,,,,,,,,
28-Jan-2026,2139.6,1420,719.6,-12.48,Card,Lidl,Lidl Cork Cornmarket,Food,Food,,,,,,,,,,,,,,
27-Jan-2026,2139.36,1420,719.36,-0.24,Bank Transfer,BOI,,GOVT DUTY,BOI Fees,,,,,,,,,,,,,,
29-Jan-2026,2126.61,1420,706.61,-12.75,Card,Lidl,Lidl Cork Cornmarket,Food,Food,,,,,,,,,,,,,,
30-Jan-2026,2427.43,1420,1007.43,300.82,Bank Transfer,Voodoo,Voodoo Rooms,Wages,Income,,,,,,,,,,,,,,
30-Jan-2026,2377.43,1420,957.43,-50.0,Bank Transfer,Trading212,,€50 into brokerage account,Investing,,,,,,,,,,,,,,
30-Jan-2026,2371.43,1420,951.43,-6.0,Bank Transfer,BOI,,Maintaining account,BOI Fees,,,,,,,,,,,,,,
30-Jan-2026,2364.55,1420,944.55,-6.88,Card,Lidl,Lidl Cork Cornmarket,Food,Food,,,,,,,,,,,,,,
30-Jan-2026,2353.45,1420,933.45,-11.1,Card,Tesco,Tesco Superstore,"Monster, 2 Mi Wadi",Food,,,,,,,,,,,,,,
31-Jan-2026,2344.79,1420,924.79,-8.66,Card,Lidl,Lidl Kanturk,"Pepsi Max, 2 pan du choclate",Food Non-Personal,,,,,,,,,,,,,,
31-Jan-2026,2494.79,1570,924.79,150.0,Cash,Mumsie,,Cleaned mumsie's side knocktoosh,Mumsie,,,,,,,,,,,,,,
31-Jan-2026,2504.79,1580,924.79,10.0,Cash,Voodoo,Voodoo Rooms,Found money,Income,,,,,,,,,,,,,,
1-Feb-2026,2485.49,1580,905.49,-19.3,Card,Eskimo's,Eskimo Pizza (North),Pizza + 2 dips,Food,,,,,,,,,,,,,,
1-Feb-2026,2473.53,1580,893.53,-11.96,Card,Lidl,Lidl Cork Cornmarket,Food,Food,,,,,,,,,,,,,,
2-Feb-2026,2454.23,1580,874.23,-19.3,Card,Eskimo's,Eskimo Pizza (North),Pizza + 2 dips,Food,,,,,,,,,,,,,,
2-Feb-2026,2445.86,1580,865.86,-8.37,Card,Lidl,Lidl Cork Cornmarket,Food,Food,,,,,,,,,,,,,,
2-Feb-2026,2394.98,1580,814.98,-50.88,Card,Topstep,,Topstep Combine New Account,Trading,,,,,,,,,,,,,,
2-Feb-2026,2393.96,1580,813.96,-1.02,Bank Transfer,BOI,,Convertion Fee,Trading,,,,,,,,,,,,,,
3-Feb-2026,2389.36,1580,809.36,-4.6,Card,Tesco,Tesco Superstore,"Monster, 2 Mi Wadi",Food,,,,,,,,,,,,,,
3-Feb-2026,2380.6,1580,800.6,-8.76,Card,Lidl,Lidl Cork Cornmarket,Food,Food,,,,,,,,,,,,,,
4-Feb-2026,2368.64,1580,788.64,-11.96,Card,Lidl,Lidl Cork Cornmarket,Food,Food,,,,,,,,,,,,,,
4-Feb-2026,2418.64,1630,788.64,50.0,Cash,,Cornmarket Street,Found Money,Income,,,,,,,,,,,,,,
5-Feb-2026,2407.39,1630,777.39,-11.25,Card,Lidl,Lidl Cork Cornmarket,Food,Food,,,,,,,,,,,,,,
6-Feb-2026,2806.73,1630,1176.73,399.34,Bank Transfer,Voodoo,Voodoo Rooms,Wages,Income,,,,,,,,,,,,,,
6-Feb-2026,2756.73,1630,1126.73,-50.0,Bank Transfer,Trading212,,€50 into brokerage account,Investing,,,,,,,,,,,,,,
6-Feb-2026,2721.73,1595,1126.73,-35.0,Cash,Dinos,Dinos Blackpool,"Food mostly for me, Shed court case.",Food,,,,,,,,,,,,,,
7-Feb-2026,2704.01,1595,1109.01,-17.72,Card,Lidl,Lidl Kanturk,Food for home,Food Non-Personal,,,,,,,,,,,,,,
9-Feb-2026,2700.07,1595,1105.07,-3.94,Card,Lidl,Lidl Cork Cornmarket,Food,Food,,,,,,,,,,,,,,
10-Feb-2026,2692.83,1595,1097.83,-7.24,Card,Lidl,Lidl Cork Cornmarket,Food,Food,,,,,,,,,,,,,,
10-Feb-2026,2690.38,1595,1095.38,-2.45,Card,Lidl,Lidl Cork Cornmarket,Food,Food,,,,,,,,,,,,,,
10-Feb-2026,2686.65,1595,1091.65,-3.73,Card,Mr Price,Mr Price,"Monster, tayto's",Food,,,,,,,,,,,,,,
11-Feb-2026,2677.82,1595,1082.82,-8.83,Card,Lidl,Lidl Cork Cornmarket,Food,Food,,,,,,,,,,,,,,
11-Feb-2026,2673.87,1595,1078.87,-3.95,Card,Daybreak,Daybreak,Chewing gum,Food,,,,,,,,,,,,,,
12-Feb-2026,2664.05,1595,1069.05,-9.82,Card,Lidl,Lidl Cork Cornmarket,Food,Food,,,,,,,,,,,,,,
12-Feb-2026,2662.11,1595,1067.11,-1.94,Card,Mr Price,Mr Price,Monster,Food,,,,,,,,,,,,,,
12-Feb-2026,2872.11,1595,1277.11,210.0,Bank Transfer,Revolut,,IBKR -> Revolut,Trading,,,,,,,,,,,,,,
13-Feb-2026,3227.7,1595,1632.7,355.59,Bank Transfer,Voodoo,Voodoo Rooms,Wages,Income,,,,,,,,,,,,,,
13-Feb-2026,3177.7,1595,1582.7,-50.0,Bank Transfer,Trading212,,€50 into brokerage account,Investing,,,,,,,,,,,,,,
13-Feb-2026,3167.07,1595,1572.07,-10.63,Card,Lidl,Lidl Cork Cornmarket,Food,Food,,,,,,,,,,,,,,
13-Feb-2026,3163.14,1595,1568.14,-3.93,Card,Mr Price,Mr Price,"Monster, tayto's",Food,,,,,,,,,,,,,,
14-Feb-2026,3144.75,1595,1549.75,-18.39,Card,TradingView,,Monthly subscription,Trading,,,,,,,,,,,,,,
14-Feb-2026,3126.91,1595,1531.91,-17.84,Card,Lidl,Lidl Kanturk,Food for home,Food Non-Personal,,,,,,,,,,,,,,
16-Feb-2026,3105.21,1595,1510.21,-21.7,Card,Eskimo's,Eskimo Pizza (North),Pizza + 2 dips + Coke,Food,,,,,,,,,,,,,,
16-Feb-2026,3092.6,1595,1497.6,-12.61,Card,Lidl,Lidl Cork Cornmarket,Food,Food,,,,,,,,,,,,,,
17-Feb-2026,3072.43,1595,1477.43,-20.17,Card,Lidl,Lidl Cork Cornmarket,Food,Food,,,,,,,,,,,,,,
18-Feb-2026,3068.0,1595,1473.0,-4.43,Card,Mr Price,Mr Price,"Tayto's, monster",Food,,,,,,,,,,,,,,
18-Feb-2026,3056.29,1595,1461.29,-11.71,Card,Lidl,Lidl Cork Cornmarket,Food,Food,,,,,,,,,,,,,,
19-Feb-2026,3046.63,1595,1451.63,-9.66,Card,Lidl,Lidl Cork Cornmarket,Food,Food,,,,,,,,,,,,,,
19-Feb-2026,3021.63,1595,1426.63,-25.0,Card,City Barbers,City barbers,Haircut,Personal,,,,,,,,,,,,,,
20-Feb-2026,3413.65,1595,1818.65,392.02,Bank Transfer,Voodoo,Voodoo Rooms,Wages,Income,,,,,,,,,,,,,,
20-Feb-2026,3363.65,1595,1768.65,-50.0,Bank Transfer,Trading212,,€50 into brokerage account,Investing,,,,,,,,,,,,,,
20-Feb-2026,3213.65,1595,1618.65,-150.0,Card,Mick Murphy,Mick Murphy Menswear,Work Shoes,Clothes,,,,,,,,,,,,,,
20-Feb-2026,3205.57,1595,1610.57,-8.08,Card,Lidl,Lidl Cork Cornmarket,Food,Food,,,,,,,,,,,,,,
20-Feb-2026,3201.84,1595,1606.84,-3.73,Card,Mr Price,Mr Price,"Tayto's, Monster",Food,,,,,,,,,,,,,,
22-Feb-2026,3182.54,1595,1587.54,-19.3,Card,Eskimo's,Eskimo Pizza (North),Pizza + 2 dips ,Food,,,,,,,,,,,,,,
22-Feb-2026,3175.45,1595,1580.45,-7.09,Card,Lidl,Lidl Cork Cornmarket,Food,Food,,,,,,,,,,,,,,
23-Feb-2026,3162.35,1595,1567.35,-13.1,Card,Tesco,Tesco Superstore,Mi Wadi * 2,Food,,,,,,,,,,,,,,
23-Feb-2026,3155.26,1595,1560.26,-7.09,Card,Lidl,Lidl Cork Cornmarket,Food,Food,,,,,,,,,,,,,,
24-Feb-2026,2994.27,1595,1399.27,-160.99,Bank Transfer,Electric Ireland,,Electricity Bill,Household,,,,,,,,,,,,,,
24-Feb-2026,2982.32,1595,1387.32,-11.95,Card,Irish Rail,Kent Station,"Going home to put in sawdust, down by train",Transport,,,,,,,,,,,,,,
25-Feb-2026,2970.95,1595,1375.95,-11.37,Card,Lidl,Lidl Cork Cornmarket,Food,Food,,,,,,,,,,,,,,
26-Feb-2026,2957.77,1595,1362.77,-13.18,Card,Lidl,Lidl Cork Cornmarket,Food,Food,,,,,,,,,,,,,,
27-Feb-2026,3210.73,1595,1615.73,252.96,Bank Transfer,Voodoo,Voodoo Rooms,Wages,Income,,,,,,,,,,,,,,
27-Feb-2026,3160.73,1595,1565.73,-50.0,Bank Transfer,Trading212,,€50 into brokerage account,Investing,,,,,,,,,,,,,,
27-Feb-2026,3154.73,1595,1559.73,-6.0,Bank Transfer,BOI,,Maintaining account,BOI Fees,,,,,,,,,,,,,,
27-Feb-2026,3144.4,1595,1549.4,-10.33,Card,Lidl,Lidl Cork Cornmarket,Food,Food,,,,,,,,,,,,,,
28-Feb-2026,3140.71,1595,1545.71,-3.69,Card,Shop,Kent Station,Sweets,Food,,,,,,,,,,,,,,
28-Feb-2026,3128.76,1595,1533.76,-11.95,Card,Irish Rail,Kent Station,"Train ticket, Banteer",Transport,,,,,,,,,,,,,,
1-Mar-2026,3117.11,1595,1522.11,-11.65,Card,Irish Rail,Kent Station,"Train ticket, Banteer",Transport,,,,,,,,,,,,,,
2-Mar-2026,3108.73,1595,1513.73,-8.38,Card,Lidl,Lidl Cork Cornmarket,Food,Food,,,,,,,,,,,,,,
2-Mar-2026,3106.24,1595,1511.24,-2.49,Card,Costco,Costcutter,Sweets,Food,,,,,,,,,,,,,,
3-Mar-2026,3097.27,1595,1502.27,-8.97,Card,Lidl,Lidl Cork Cornmarket,Food,Food,,,,,,,,,,,,,,
2-Mar-2026,3077.02,1595,1482.02,-20.25,Card,Mc Donalds,McDonald's,Food,Food,,,,,,,,,,,,,,
23-Feb-2026,3066.24,1595,1471.24,-10.78,Card,Chemist Warhouse,Chemist Warehouse Cornmarket,"Shampoo, mouthwash",Personal,,,,,,,,,,,,,,
4-Mar-2026,3064.3,1595,1469.3,-1.94,Card,Mr Price,Mr Price,Monster,Food,,,,,,,,,,,,,,
4-Mar-2026,3052.49,1595,1457.49,-11.81,Card,Lidl,Lidl Cork Cornmarket,Food,Food,,,,,,,,,,,,,,
5-Mar-2026,3000.21,1595,1405.21,-52.28,Card,TopStep ,,Combine subscription,Trading,,,,,,,,,,,,,,
5-Mar-2026,2999.16,1595,1404.16,-1.05,Bank Transfer,BOI,,"$ -> € fee, for topstep",Trading,,,,,,,,,,,,,,
5-Mar-2026,2988.7,1595,1393.7,-10.46,Card,Lidl,Lidl Cork Cornmarket,Food,Food,,,,,,,,,,,,,,
5-Mar-2026,2986.76,1595,1391.76,-1.94,Card,Mr Price,Mr Price,Monster,Food,,,,,,,,,,,,,,
6-Mar-2026,3244.56,1595,1649.56,257.8,Bank Transfer,Voodoo,Voodoo Rooms,Wages,Income,,,,,,,,,,,,,,
6-Mar-2026,3194.56,1595,1599.56,-50.0,Bank Transfer,Trading212,,€50 into brokerage account,Investing,,,,,,,,,,,,,,
6-Mar-2026,3192.62,1595,1597.62,-1.94,Card,Mr Price,Mr Price,Monster,Food,,,,,,,,,,,,,,
6-Mar-2026,3185.23,1595,1590.23,-7.39,Card,Lidl,Lidl Cork Cornmarket,Food,Food,,,,,,,,,,,,,,
6-Mar-2026,3165.93,1595,1570.93,-19.3,Card,Eskimo's,Eskimo Pizza (North),Pizza + 2 dips ,Food,,,,,,,,,,,,,,
7-Mar-2026,3154.28,1595,1559.28,-11.65,Card,Irish Rail,Kent Station,"Train ticket, Banteer",Transport,,,,,,,,,,,,,,
7-Mar-2026,3106.78,1595,1511.78,-47.5,Card,Lidl,Lidl Kanturk,"Soup, chowder, rolls, chicen tikka, pepsi max, club orange",Food Non-Personal,,,,,,,,,,,,,,
7-Mar-2026,3095.44,1595,1500.44,-11.34,Card,Lidl,Lidl Kanturk,Cat lick sticks * 6,Food Non-Personal,,,,,,,,,,,,,,
7-Mar-2026,3091.49,1595,1496.49,-3.95,Card,Spar,Aspel's Spar,Latte,Mumsie,,,,,,,,,,,,,,
8-Mar-2026,3089.55,1595,1494.55,-1.94,Card,Mr Price,Mr Price,Monster,Food,,,,,,,,,,,,,,
8-Mar-2026,3082.16,1595,1487.16,-7.39,Card,Lidl,Lidl Cork Cornmarket,Food,Food,,,,,,,,,,,,,,
9-Mar-2026,3074.43,1595,1479.43,-7.73,Card,Lidl,Lidl Cork Cornmarket,Food,Food,,,,,,,,,,,,,,
10-Mar-2026,3069.59,1595,1474.59,-4.84,Card,Lidl,Lidl Cork Cornmarket,Food,Food,,,,,,,,,,,,,,
10-Mar-2026,3063.09,1595,1468.09,-6.5,Card,Centra,Centra,"Sweets, choclate bar",Food,,,,,,,,,,,,,,
11-Mar-2026,3056.59,1595,1461.59,-6.5,Card,Tesco,Tesco Superstore,Mi Wadi * 2,Food,,,,,,,,,,,,,,
11-Mar-2026,3045.78,1595,1450.78,-10.81,Card,Lidl,Lidl Cork Cornmarket,Food,Food,,,,,,,,,,,,,,
11-Mar-2026,3040.2,1595,1445.2,-5.58,Card,Lidl,Lidl Cork Cornmarket,"Cookies, kinder bars",Food,,,,,,,,,,,,,,
12-Mar-2026,3032.18,1595,1437.18,-8.02,Card,Lidl,Lidl Cork Cornmarket,Food,Food,,,,,,,,,,,,,,
12-Mar-2026,3030.24,1595,1435.24,-1.94,Card,Mr Price,Mr Price,Monster,Food,,,,,,,,,,,,,,
13-Mar-2026,3238.87,1595,1643.87,208.63,Bank Transfer,Voodoo,Voodoo Rooms,Wages,Income,,,,,,,,,,,,,,
13-Mar-2026,3224.38,1595,1629.38,-14.49,Card,Lidl,Lidl Cork Cornmarket,Food,Food,,,,,,,,,,,,,,
14-Mar-2026,3212.73,1595,1617.73,-11.65,Card,Irish Rail,Kent Station,"Train ticket, Banteer",Transport,,,,,,,,,,,,,,
14-Mar-2026,3194.34,1595,1599.34,-18.39,Card,TradingView,,Subscription,Trading,,,,,,,,,,,,,,
14-Mar-2026,2944.34,1595,1349.34,-250.0,Card,,Newmarket,Account -> Cash,Null,,,,,,,,,,,,,,
14-Mar-2026,2894.34,1595,1299.34,-50.0,Card,,Newmarket,Account -> Cash,Null,,,,,,,,,,,,,,
14-Mar-2026,3194.34,1895,1299.34,300.0,Cash,,,Money taken from account,Null,,,,,,,,,,,,,,
14-Mar-2026,1594.34,295,1299.34,-1600.0,Cash,John Guerin,Newmarket,Fixed two doors,Car Maintenance,,,,,,,,,,,,,,
15-Mar-2026,1584.13,295,1289.13,-10.21,Card,Lidl,Lidl Cork Cornmarket,Food,Food,,,,,,,,,,,,,,
16-Mar-2026,1575.41,295,1280.41,-8.72,Card,Lidl,Lidl Cork Cornmarket,Food,Food,,,,,,,,,,,,,,
17-Mar-2026,1569.71,295,1274.71,-5.7,Card,Lidl,Lidl Cork Cornmarket,Food,Food,,,,,,,,,,,,,,
18-Mar-2026,1558.19,295,1263.19,-11.52,Card,Lidl,Lidl Cork Cornmarket,Food,Food,,,,,,,,,,,,,,
19-Mar-2026,1548.72,295,1253.72,-9.47,Card,Lidl,Lidl Cork Cornmarket,Food,Food,,,,,,,,,,,,,,
20-Mar-2026,1540.0,295,1245.0,-8.72,Card,Lidl,Lidl Cork Cornmarket,Food,Food,,,,,,,,,,,,,,
20-Mar-2026,1520.7,295,1225.7,-19.3,Card,Eskimo's,Eskimo Pizza (North),Pizza + 2 dips ,Food,,,,,,,,,,,,,,
20-Mar-2026,2097.07,295,1802.07,576.37,Bank Transfer,Voodoo,Voodoo Rooms,Wages,Income,,,,,,,,,,,,,,
20-Mar-2026,1397.07,295,1102.07,-700.0,Card,BOI,Bank of Ireland Workbench,Account -> Cash,Null,,,,,,,,,,,,,,
20-Mar-2026,2097.07,995,1102.07,700.0,Cash,,,Money taken from account,Null,,,,,,,,,,,,,,
21-Mar-2026,2085.42,995,1090.42,-11.65,Card,Irish Rail,Kent Station,"Train tciket, Banteer",Transport,,,,,,,,,,,,,,
21-Mar-2026,2235.42,1145,1090.42,150.0,Cash,Mumsie,Knockskehy,Money for working at home,Mumsie,,,,,,,,,,,,,,
22-Mar-2026,2228.03,1145,1083.03,-7.39,Card,Lidl,Lidl Cork Cornmarket,Food,Food,,,,,,,,,,,,,,
23-Mar-2026,2225.64,1145,1080.64,-2.39,Card,Lidl,Lidl Cork Cornmarket,Food,Food,,,,,,,,,,,,,,
24-Mar-2026,2215.47,1145,1070.47,-10.17,Card,Lidl,Lidl Cork Cornmarket,Food,Food,,,,,,,,,,,,,,
24-Mar-2026,2211.63,1145,1066.63,-3.84,Card,Lidl,Lidl Cork Cornmarket,Food for Denis,Denis,,,,,,,,,,,,,,
24-Mar-2026,2192.69,1145,1047.69,-18.94,Card,Lidl,Lidl Cork Cornmarket,Food,Food,,,,,,,,,,,,,,
25-Mar-2026,2189.71,1145,1044.71,-2.98,Card,Lidl,Lidl Cork Cornmarket,Food,Food,,,,,,,,,,,,,,
26-Mar-2026,1489.71,1145,344.71,-700.0,Card,BOI,Bank of Ireland Workbench,Account -> Cash,Null,,,,,,,,,,,,,,
26-Mar-2026,2189.71,1845,344.71,700.0,Cash,,,Money taken from account,Null,,,,,,,,,,,,,,
26-Mar-2026,2181.41,1845,336.41,-8.3,Card,Lidl,Lidl Cork Cornmarket,Food,Food,,,,,,,,,,,,,,
27-Mar-2026,1941.41,1845,96.41,-240.0,Card,BOI,Bank of Ireland Workbench,Account -> Cash,Null,,,,,,,,,,,,,,
27-Mar-2026,2181.41,2085,96.41,240.0,Cash,,,Money taken from account,Null,,,,,,,,,,,,,,
27-Mar-2026,2513.55,2085,428.55,332.14,Bank Transfer,Voodoo,Voodoo Rooms,Wages,Income,,,,,,,,,,,,,,
27-Mar-2026,2504.29,2085,419.29,-9.26,Card,Lidl,Lidl Cork Cornmarket,Food,Food,,,,,,,,,,,,,,
27-Mar-2026,2454.29,2085,369.29,-50.0,Card,Mumsie,,Dogs.ie add,Mumsie,,,,,,,,,,,,,,
28-Mar-2026,2404.29,2085,319.29,-50.0,Card,Mumsie,,Dogs.ie add,Mumsie,,,,,,,,,,,,,,
28-Mar-2026,2399.42,2085,314.42,-4.87,Card,Lidl,Lidl Cork Cornmarket,Food,Food,,,,,,,,,,,,,,
29-Mar-2026,2380.12,2085,295.12,-19.3,Card,Eskimo's,Eskimo Pizza (North),Pizza + 2 dips ,Food,,,,,,,,,,,,,,
30-Mar-2026,2371.04,2085,286.04,-9.08,Card,Lidl,Lidl Cork Cornmarket,Food,Food,,,,,,,,,,,,,,
30-Mar-2026,2368.09,2085,283.09,-2.95,Card,Daybreak,Daybreak,Monster,Food,,,,,,,,,,,,,,
31-Mar-2026,2288.09,2085,203.09,-80.0,Card,BOI,Bank of Ireland Workbench,Account -> Cash,Null,,,,,,,,,,,,,,
31-Mar-2026,2368.09,2165,203.09,80.0,Cash,,,Money taken from account,Null,,,,,,,,,,,,,,
31-Mar-2026,2362.09,2165,197.09,-6.0,Bank Transfer,BOI,,Maintaining account,BOI Fees,,,,,,,,,,,,,,
31-Mar-2026,2355.85,2165,190.85,-6.24,Card,Lidl,Lidl Cork Cornmarket,Food,Food,,,,,,,,,,,,,,
31-Mar-2026,195.85,5,190.85,-2160.0,Cash,Pat Sheehan,T23 X499,Rent - 27 weeks,,,,,,,,,,,,,,,
31-Mar-2026,190.85,0,190.85,-5.0,Cash,Lidl,Lidl Cork Cornmarket,"Monster, cookies",Food,,,,,,,,,,,,,,
1-Apr-2026,180.33,0,180.33,-10.52,Card,Lidl,Lidl Cork Cornmarket,Food,Food,,,,,,,,,,,,,,
2-Apr-2026,169.31,0,169.31,-11.02,Card,Lidl,Lidl Cork Cornmarket,Food,Food,,,,,,,,,,,,,,
3-Apr-2026,158.1,0,158.1,-11.21,Card,Lidl,Lidl Cork Cornmarket,Food,Food,,,,,,,,,,,,,,
3-Apr-2026,386.99,0,386.99,228.89,Bank Transfer,Voodoo,Voodoo Rooms,Wages,Income,,,,,,,,,,,,,,
4-Apr-2026,375.34,0,375.34,-11.65,Card,Irish Rail,Kent Station,"Train ticket, Banteer",Transport,,,,,,,,,,,,,,
4-Apr-2026,575.34,200,375.34,200.0,Cash,Mumsie,Knockskehy,Labour,Mumsie,,,,,,,,,,,,,,
5-Apr-2026,570.1,200,370.1,-5.24,Card,Lidl,Lidl Cork Cornmarket,Food,Food,,,,,,,,,,,,,,
5-Apr-2026,567.15,200,367.15,-2.95,Card,Daybreak,Daybreak,Monster,Food,,,,,,,,,,,,,,
5-Apr-2026,557.17,200,357.17,-9.98,Card,Chemist Warehouse,Chemist Warehouse Cornmarket,"Toothpaste, deodrant",Personal,,,,,,,,,,,,,,
6-Apr-2026,551.79,200,351.79,-5.38,Card,Lidl,Lidl Cork Cornmarket,Food,Food,,,,,,,,,,,,,,
6-Apr-2026,548.5,200,348.5,-3.29,Card,Lidl,Lidl Cork Cornmarket,Food,Food,,,,,,,,,,,,,,
6-Apr-2026,546.15,200,346.15,-2.35,Card,Tesco,Tesco Superstore,"Monster, 2*mi wadi",Food,,,,,,,,,,,,,,
7-Apr-2026,538.42,200,338.42,-7.73,Card,Lidl,Lidl Cork Cornmarket,Food,Food,,,,,,,,,,,,,,
7-Apr-2026,531.3,200,331.3,-7.12,Card,Lidl,Lidl Cork Cornmarket,Food,Food,,,,,,,,,,,,,,
7-Apr-2026,529.12,200,329.12,-2.18,Card,Lidl,Lidl Cork Cornmarket,Food,Food,,,,,,,,,,,,,,
8-Apr-2026,521.11,200,321.11,-8.01,Card,Lidl,Lidl Cork Cornmarket,Food,Food,,,,,,,,,,,,,,
8-Apr-2026,496.11,175,321.11,-25.0,Cash,Eskimo's,Eskimo Pizza (North),Pizza + 2 dips + Coke,Food,,,,,,,,,,,,,,
9-Apr-2026,493.93,175,318.93,-2.18,Card,Lidl,Lidl Cork Cornmarket,Food,Food,,,,,,,,,,,,,,
9-Apr-2026,486.4,175,311.4,-7.53,Card,Lidl,Lidl Cork Cornmarket,Food,Food,,,,,,,,,,,,,,
10-Apr-2026,943.06,175,768.06,456.66,Bank Transfer,Voodoo,Voodoo Rooms,Wages,Income,,,,,,,,,,,,,,
10-Apr-2026,893.06,175,718.06,-50.0,Bank Transfer,Trading212,,€50 into brokerage account,Investing,,,,,,,,,,,,,,
11-Apr-2026,890.88,175,715.88,-2.18,Card,Lidl,Lidl Cork Cornmarket,Food,Food,,,,,,,,,,,,,,
11-Apr-2026,882.06,175,707.06,-8.82,Card,Lidl,Lidl Cork Cornmarket,Food,Food,,,,,,,,,,,,,,
12-Apr-2026,870.41,175,695.41,-11.65,Card,Irish Rail,Kent Station,"Train ticket, Banteer",Transport,,,,,,,,,,,,,,
12-Apr-2026,866.72,175,691.72,-3.69,Card,Kent Station,Kent Station,Sweets,Food,,,,,,,,,,,,,,
13-Apr-2026,966.72,175,791.72,100.0,Bank Transfer,Mumsie,,Labour,Mumsie,,,,,,,,,,,,,,
13-Apr-2026,961.33,175,786.33,-5.39,Card,Lidl,Lidl Kanturk,"Cloudy apple juice, mints, chewing gum",Food,,,,,,,,,,,,,,
13-Apr-2026,954.15,175,779.15,-7.18,Card,Lidl,Lidl Cork Cornmarket,Food,Food,,,,,,,,,,,,,,
14-Apr-2026,940.83,175,765.83,-13.32,Card,Lidl,Lidl Cork Cornmarket,Food,Food,,,,,,,,,,,,,,
14-Apr-2026,922.8,175,747.8,-18.03,Card,Lidl,Lidl Cork Cornmarket,Burger stuff,Food,,,,,,,,,,,,,,
14-Apr-2026,904.41,175,729.41,-18.39,Card,TradingView,,TradingView subscription,Trading,,,,,,,,,,,,,,
15-Apr-2026,900.59,175,725.59,-3.82,Card,Lidl,Lidl Cork Cornmarket,Food,Food,,,,,,,,,,,,,,
15-Apr-2026,898.65,175,723.65,-1.94,Card,Mr Price,Mr Price,Monster,Food,,,,,,,,,,,,,,
16-Apr-2026,887.56,175,712.56,-11.09,Card,Lidl,Lidl Cork Cornmarket,Food,Food,,,,,,,,,,,,,,
16-Apr-2026,881.06,175,706.06,-6.5,Card,Tesco,Tesco Superstore,2 * Mi wadi,Food,,,,,,,,,,,,,,
17-Apr-2026,1289.16,175,1114.16,408.1,Bank Transfer,Voodoo,Voodoo Rooms,Wages,Income,,,,,,,,,,,,,,
17-Apr-2026,1239.16,175,1064.16,-50.0,Bank Transfer,Trading212,,€50 into brokerage account,Investing,,,,,,,,,,,,,,
17-Apr-2026,815.06,175,640.06,-424.1,Card,One Option,,Chat Room 1 Year,Trading,,,,,,,,,,,,,,
17-Apr-2026,808.49,175,633.49,-6.57,Card,Lidl,Lidl Cork Cornmarket,Food,Food,,,,,,,,,,,,,,
10-Apr-2026,797.23,175,622.23,-11.26,Card,Lidl,Lidl Cork Cornmarket,Food,Food,,,,,,,,,,,,,,
18-Apr-2026,785.58,175,610.58,-11.65,Card,Irish Rail,Kent Station,"Train ticket, Banteer",Transport,,,,,,,,,,,,,,
18-Apr-2026,777.1,175,602.1,-8.48,Bank Transfer,BOI,,Convertion Fee,BOI Fees,,,,,,,,,,,,,,
19-Apr-2026,765.45,175,590.45,-11.65,Card,Irish Rail,Kent Station,"Train ticket, Banteer",Transport,,,,,,,,,,,,,,
19-Apr-2026,915.45,325,590.45,150.0,Cash,Mumsie,Knockskehy,Labour,Mumsie,,,,,,,,,,,,,,
20-Apr-2026,765.45,325,440.45,-150.0,Card,Revolut,,Account -> Revolut -> IBKR,Trading,,,,,,,,,,,,,,
20-Apr-2026,757.07,325,432.07,-8.38,Card,Lidl,Lidl Cork Cornmarket,Food,Food,,,,,,,,,,,,,,
21-Apr-2026,751.69,325,426.69,-5.38,Card,Lidl,Lidl Cork Cornmarket,Food,Food,,,,,,,,,,,,,,
21-Apr-2026,749.51,325,424.51,-2.18,Card,Lidl,Lidl Cork Cornmarket,Food,Food,,,,,,,,,,,,,,
22-Apr-2026,744.13,325,419.13,-5.38,Card,Lidl,Lidl Cork Cornmarket,Food,Food,,,,,,,,,,,,,,
22-Apr-2026,739.43,325,414.43,-4.7,Card,Lidl,Lidl Cork Cornmarket,Food,Food,,,,,,,,,,,,,,
23-Apr-2026,731.26,325,406.26,-8.17,Card,Lidl,Lidl Cork Cornmarket,Food,Food,,,,,,,,,,,,,,
23-Apr-2026,727.23,325,402.23,-4.03,Card,Lidl,Lidl Cork Cornmarket,Food,Food,,,,,,,,,,,,,,
23-Apr-2026,720.95,325,395.95,-6.28,Card,Chemist Warehouse,Chemist Warehouse Cornmarket,"Sampoo, floss",Personal,,,,,,,,,,,,,,
23-Apr-2026,701.65,325,376.65,-19.3,Card,Eskimo's,Eskimo Pizza (North),Pizza + 2 dips ,Food,,,,,,,,,,,,,,
24-Apr-2026,691.33,325,366.33,-10.32,Card,Lidl,Lidl Cork Cornmarket,Food,Food,,,,,,,,,,,,,,
24-Apr-2026,908.05,325,583.05,216.72,Bank Transfer,Voodoo,Voodoo Rooms,Wages,Income,,,,,,,,,,,,,,
24-Apr-2026,890.99,325,565.99,-17.06,Card,Apex Trader Funding,,Eval 25K,Trading,,,,,,,,,,,,,,
24-Apr-2026,890.65,325,565.65,-0.34,Bank Transfer,BOI,,Convertion Fee,BOI Fees,,,,,,,,,,,,,,
25-Apr-2026,886.71,325,561.71,-3.94,Card,Lidl,Lidl Cork Cornmarket,Food,Food,,,,,,,,,,,,,,
25-Apr-2026,884.53,325,559.53,-2.18,Card,Lidl,Lidl Cork Cornmarket,Food,Food,,,,,,,,,,,,,,
25-Apr-2026,874.18,325,549.18,-10.35,Card,Lidl,Lidl Cork Cornmarket,Food,Food,,,,,,,,,,,,,,
26-Apr-2026,869.18,320,549.18,-5.0,Cash,Centra,Centra,sweets,Food,,,,,,,,,,,,,,
26-Apr-2026,969.18,420,549.18,100.0,Cash,Mumsie,,labour,Mumsie,,,,,,,,,,,,,,
27-Apr-2026,954.88,420,534.88,-14.3,Card,Lidl,Lidl Cork Cornmarket,Food,Food,,,,,,,,,,,,,,
27-Apr-2026,945.65,420,525.65,-9.23,Card,Lidl,Lidl Cork Cornmarket,Burger Stuff,Food,,,,,,,,,,,,,,
27-Apr-2026,941.65,420,521.65,-4.0,Card,Tesco,Tesco Superstore,Mi Wadi * 2,Food,,,,,,,,,,,,,,
28-Apr-2026,793.56,420,373.56,-148.09,Bank Transfer,Electric Ireland,,Direct debit bill,Household,,,,,,,,,,,,,,
28-Apr-2026,782.05,420,362.05,-11.51,Card,Lidl,Lidl Cork Cornmarket,Food,Food,,,,,,,,,,,,,,
28-Apr-2026,779.6,420,359.6,-2.45,Card,Lidl,Lidl Cork Cornmarket,Cookies,Food,,,,,,,,,,,,,,
29-Apr-2026,770.68,420,350.68,-8.92,Card,Lidl,Lidl Cork Cornmarket,Food,Food,,,,,,,,,,,,,,
29-Apr-2026,767.68,420,347.68,-3.0,Card,Lidl,Lidl Cork Cornmarket,3 * Toffee Yum yum,Food,,,,,,,,,,,,,,
27-Apr-2026,765.69,420,345.69,-1.99,Card,Mr Price ,Mr Price,Monster,Food,,,,,,,,,,,,,,
30-Apr-2026,935.71,420,515.71,170.02,Bank Transfer,Voodoo,Voodoo Rooms,Wages,Income,,,,,,,,,,,,,,
30-Apr-2026,929.71,420,509.71,-6.0,Bank Transfer,BOI,,Maintaining account,BOI Fees,,,,,,,,,,,,,,
30-Apr-2026,928.73,420,508.73,-0.98,Card,Lidl,Lidl Cork Cornmarket,Food,Food,,,,,,,,,,,,,,
30-Apr-2026,918.85,420,498.85,-9.88,Card,Lidl,Lidl Cork Cornmarket,Food,Food,,,,,,,,,,,,,,
1-May-2026,906.48,420,486.48,-12.37,Card,Lidl,Lidl Cork Cornmarket,Food,Food,,,,,,,,,,,,,,
1-May-2026,883.03,420,463.03,-23.45,Card,Mr Price,Mr Price,"Cleaning stuff, tablets for washing",Household,,,,,,,,,,,,,,
1-May-2026,683.03,220,463.03,-200.0,Cash,Denis,T23 X499,"Wanted money, lost card",Denis,,,,,,,,,,,,,,
1-May-2026,883.03,220,663.03,200.0,Bank Transfer,Denis,,Money given back,Denis,,,,,,,,,,,,,,
1-May-2026,833.03,220,613.03,-50.0,Bank Transfer,Trading212,,€50 into brokerage account,Investing,,,,,,,,,,,,,,
2-May-2026,813.73,220,593.73,-19.3,Card,Eskimo's,Eskimo Pizza (North),Pizza + 2 dips ,Food,,,,,,,,,,,,,,
2-May-2026,806.2,220,586.2,-7.53,Card,Lidl,Lidl Cork Cornmarket,Food,Food,,,,,,,,,,,,,,
2-May-2026,803.65,220,583.65,-2.55,Card,Daybreak,Daybreak,Club Orange,Food,,,,,,,,,,,,,,
2-May-2026,767.0,220,547.0,-36.65,Card,Dinos,Dinos Blackpool,"2 * breast bun meal, 2 curry, chicken strips",Food,,,,,,,,,,,,,,
3-May-2026,765.05,220,545.05,-1.95,Card,Caseys,Freemount,Spuds,Food,,,,,,,,,,,,,,
3-May-2026,758.85,220,538.85,-6.2,Card,Centra,Aspel's Centra,"Latte, sweets",Food,,,,,,,,,,,,,,
4-May-2026,750.95,220,530.95,-7.9,Card,SuperMacs,Supermac's & Papa John's Mallow,2 * hot choclate muffin,Food,,,,,,,,,,,,,,
4-May-2026,746.0,220,526.0,-4.95,Card,Irish Rail,Kent Station,"Train ticket, Mallow",Transport,,,,,,,,,,,,,,
4-May-2026,740.55,220,520.55,-5.45,Card,Macs Place,Supermac's & Papa John's Mallow,"Pepsi Max, wispa bars",Food,,,,,,,,,,,,,,
5-May-2026,726.4,220,506.4,-14.15,Card,Lidl,Lidl Cork Cornmarket,Food,Food,,,,,,,,,,,,,,
5-May-2026,723.95,220,503.95,-2.45,Card,Lidl,Lidl Cork Cornmarket,Cookies,Food,,,,,,,,,,,,,,
6-May-2026,711.42,220,491.42,-12.53,Card,Lidl,Lidl Cork Cornmarket,Food,Food,,,,,,,,,,,,,,
6-May-2026,704.59,220,484.59,-6.83,Card,Lidl,Lidl Cork Cornmarket,Food,Food,,,,,,,,,,,,,,
7-May-2026,689.19,220,469.19,-15.4,Card,Lidl,Lidl Cork Cornmarket,Food,Food,,,,,,,,,,,,,,
7-May-2026,686.24,220,466.24,-2.95,Card,Daybreak,Daybreak,Monster,Food,,,,,,,,,,,,,,
4-May-2026,836.24,370,466.24,150.0,Cash,Mumsie,Knockskehy,Labour,Mumsie,,,,,,,,,,,,,,
4-May-2026,886.24,420,466.24,50.0,Cash,Dadsie,Knockskehy,"Unsure why, gave during chinese",Dadsie,,,,,,,,,,,,,,
6-May-2026,936.24,470,466.24,50.0,Cash,Sheila,T23 X499,Money for food + cans returned,Sheila,,,,,,,,,,,,,,
3-May-2026,924.59,470,454.59,-11.65,Card,Irish Rail,Kent Station,"Train ticket, Banteer",Transport,,,,,,,,,,,,,,
8-May-2026,1290.31,470,820.31,365.72,Bank Transfer,Voodoo,Voodoo Rooms,Wages,Income,,,,,,,,,,,,,,
8-May-2026,1240.31,470,770.31,-50.0,Bank Transfer,Trading212,,€50 into brokerage account,Investing,,,,,,,,,,,,,,
8-May-2026,1222.91,470,752.91,-17.4,Card,Lidl,Lidl Cork Cornmarket,Food,Food,,,,,,,,,,,,,,
8-May-2026,1214.99,470,744.99,-7.92,Card,Mr Price,Mr Price,"Sweets, monster for sis",Food,,,,,,,,,,,,,,
9-May-2026,1174.22,470,704.22,-40.77,Card,Lidl,Lidl Kanturk,Food for home,Food Non-Personal,,,,,,,,,,,,,,
9-May-2026,1165.22,470,695.22,-9.0,Card,Lidl,Lidl Kanturk,Food for home,Food Non-Personal,,,,,,,,,,,,,,
10-May-2026,1157.65,470,687.65,-7.57,Card,Lidl,Lidl Cork Cornmarket,Food,Food,,,,,,,,,,,,,,
10-May-2026,1152.41,470,682.41,-5.24,Card,Lidl,Lidl Cork Cornmarket,Food,Food,,,,,,,,,,,,,,
11-May-2026,1144.48,470,674.48,-7.93,Card,Lidl,Lidl Cork Cornmarket,Food,Food,,,,,,,,,,,,,,
12-May-2026,1131.96,470,661.96,-12.52,Card,Lidl,Lidl Cork Cornmarket,Food,Food,,,,,,,,,,,,,,
12-May-2026,1130.02,470,660.02,-1.94,Card,Mr Price,Mr Price,Monster,Food,,,,,,,,,,,,,,
12-May-2026,1127.57,470,657.57,-2.45,Card,Lidl,Lidl Cork Cornmarket,Cookies,Food,,,,,,,,,,,,,,
13-May-2026,1116.64,470,646.64,-10.93,Card,Lidl,Lidl Cork Cornmarket,Food,Food,,,,,,,,,,,,,,
13-May-2026,1112.6,470,642.6,-4.04,Card,Lidl,Lidl Cork Cornmarket,Food,Food,,,,,,,,,,,,,,
14-May-2026,1103.57,470,633.57,-9.03,Card,Lidl,Lidl Cork Cornmarket,Food,Food,,,,,,,,,,,,,,
14-May-2026,1099.73,470,629.73,-3.84,Card,Lidl,Lidl Cork Cornmarket,Food,Food,,,,,,,,,,,,,,
14-May-2026,1081.34,470,611.34,-18.39,Card,TradingView,,TradingView subscription,Trading,,,,,,,,,,,,,,
15-May-2026,1402.87,470,932.87,321.53,Bank Transfer,Voodoo,Voodoo Rooms,Wages,Income,,,,,,,,,,,,,,
15-May-2026,1352.87,470,882.87,-50.0,Bank Transfer,Trading212,,€50 into brokerage account,Investing,,,,,,,,,,,,,,
15-May-2026,1334.18,470,864.18,-18.69,Card,Lidl,Lidl Cork Cornmarket,Food,Food,,,,,,,,,,,,,,
15-May-2026,1332.49,470,862.49,-1.69,Card,Lidl,Lidl Cork Cornmarket,Food,Food,,,,,,,,,,,,,,
16-May-2026,1320.54,470,850.54,-11.95,Card,Irish Rail,Kent,Ticket to Banteer,Transport,,,,,,,,,,,,,,
16-May-2026,1316.74,470,846.74,-3.8,Card,Spar,Aspel's Centra,Latte for mumsie,Food Non-Personal,,,,,,,,,,,,,,
15-May-2026,1314.8,470,844.8,-1.94,Card,Mr Price,Mr Price,Monster,Food,,,,,,,,,,,,,,
16-May-2026,1514.8,670,844.8,200.0,Cash,Mumsie,Knockskehy,Labour,Mumsie,,,,,,,,,,,,,,
17-May-2026,1509.85,670,839.85,-4.95,Card,Irish Rail,Kent,Ticket to Mallow,Transport,,,,,,,,,,,,,,
17-May-2026,1507.1,670,837.1,-2.75,Card,Centra,Aspel's Centra,Sweets,Food,,,,,,,,,,,,,,
17-May-2026,1506.72,670,836.72,-0.38,Card,SuperValu,O'Keeffe's SuperValu Newmarket,Food,Food,,,,,,,,,,,,,,
17-May-2026,1502.22,670,832.22,-4.5,Card,Mace,Hannon’s Mace/Maxol,Tayto's,Food,,,,,,,,,,,,,,
9-May-2026,1602.22,770,832.22,100.0,Cash,Musmie,Knockskehy,Labour,Mumsie,,,,,,,,,,,,,,
18-May-2026,1590.57,770,820.57,-11.65,Card,Irish Rail,Banteer,Train ticket to Kent,Transport,,,,,,,,,,,,,,
18-May-2026,1580.22,770,810.22,-10.35,Card,Lidl,Lidl Cork Cornmarket,Food,Food,,,,,,,,,,,,,,
19-May-2026,1573.12,770,803.12,-7.1,Card,Lidl,Lidl Cork Cornmarket,Food,Food,,,,,,,,,,,,,,
19-May-2026,1570.12,770,800.12,-3.0,Card,Lidl,Lidl Cork Cornmarket,Food,Food,,,,,,,,,,,,,,
19-May-2026,1568.18,770,798.18,-1.94,Card,Mr Price,Mr Price,Monster,Food,,,,,,,,,,,,,,
20-May-2026,1561.51,770,791.51,-6.67,Card,Lidl,Lidl Cork Cornmarket,Food,Food,,,,,,,,,,,,,,
21-May-2026,1519.06,770,749.06,-42.45,Card,Dinos,Dinos Blackpool,Food,Food,,,,,,,,,,,,,,
22-May-2026,1805.66,770,1035.66,286.6,Bank Transfer,Voodoo,Voodoo Rooms,Wages,Income,,,,,,,,,,,,,,
22-May-2026,1755.66,770,985.66,-50.0,Bank Transfer,Trading212,,€50 into brokerage account,Investing,,,,,,,,,,,,,,
22-May-2026,1748.99,770,978.99,-6.67,Card,Lidl,Lidl Cork Cornmarket,Food,Food,,,,,,,,,,,,,,
22-May-2026,1747.05,770,977.05,-1.94,Card,Mr Price,Mr Price,Monster,Food,,,,,,,,,,,,,,
23-May-2026,1742.1,770,972.1,-4.95,Card,Irish Rail,Kent,Ticket to Mallow,Transport,,,,,,,,,,,,,,
23-May-2026,1732.5,770,962.5,-9.6,Card,Centra,Aspel's Centra,"Coffee's, Monster",Food,,,,,,,,,,,,,,
23-May-2026,1729.51,770,959.51,-2.99,Card,Costcutter,Costcutter,Coke,Food,,,,,,,,,,,,,,
24-May-2026,1717.51,770,947.51,-12.0,Card,Wok N Roll,Wok'n'Roll Grand Parade,Spice Cone,Food,,,,,,,,,,,,,,
23-May-2026,1837.51,890,947.51,120.0,Cash,Mumsie,Knockskehy,Labour,Mumsie,,,,,,,,,,,,,,
24-May-2026,1826.78,890,936.78,-10.73,Card,Costcutter,Costcutter,Sweets,Food,,,,,,,,,,,,,,
24-May-2026,1820.11,890,930.11,-6.67,Card,Lidl,Lidl Cork Cornmarket,Food,Food,,,,,,,,,,,,,,
24-May-2026,1817.54,890,927.54,-2.57,Card,Lidl,Lidl Cork Cornmarket,Food,Food,,,,,,,,,,,,,,
25-May-2026,1808.16,890,918.16,-9.38,Card,Lidl,Lidl Cork Cornmarket,Food,Food,,,,,,,,,,,,,,
25-May-2026,1802.82,890,912.82,-5.34,Card,Costcutter,Costcutter,Sweets,Food,,,,,,,,,,,,,,
26-May-2026,1781.33,890,891.33,-21.49,Card,Apex Trader Funding,,1 month 25K Evaluation,Trading,,,,,,,,,,,,,,
26-May-2026,1780.9,890,890.9,-0.43,Card,BOI,,FX Fee,BOI Fees,,,,,,,,,,,,,,
26-May-2026,1774.2,890,884.2,-6.7,Card,Tesco,Tesco Superstore,2 * Mi Wadi,Food,,,,,,,,,,,,,,
26-May-2026,1764.64,890,874.64,-9.56,Card,Lidl,Lidl Cork Cornmarket,Food,Food,,,,,,,,,,,,,,
26-May-2026,1760.05,890,870.05,-4.59,Card,Lidl,Lidl Cork Cornmarket,Food,Food,,,,,,,,,,,,,,
26-May-2026,1753.05,890,863.05,-7.0,Card,Costcutter,Costcutter,Sweets,Food,,,,,,,,,,,,,,
27-May-2026,1745.56,890,855.56,-7.49,Card,Lidl,Lidl Cork Cornmarket,Food,Food,,,,,,,,,,,,,,
27-May-2026,1738.86,890,848.86,-6.7,Card,Centra,Centra,Sweets,Food,,,,,,,,,,,,,,
28-May-2026,1736.68,890,846.68,-2.18,Card,Lidl,Lidl Cork Cornmarket,Food,Food,,,,,,,,,,,,,,
28-May-2026,1730.78,890,840.78,-5.9,Card,Lidl,Lidl Cork Cornmarket,Food,Food,,,,,,,,,,,,,,
29-May-2026,1967.39,890,1077.39,236.61,Bank Transfer,Voodoo,Voodoo Rooms,Wages,Income,,,,,,,,,,,,,,
29-May-2026,1961.39,890,1071.39,-6.0,Bank Transfer,BOI,,Maintaining account,BOI Fees,,,,,,,,,,,,,,
29-May-2026,1911.39,890,1021.39,-50.0,Bank Transfer,Trading212,,€50 into brokerage account,Investing,,,,,,,,,,,,,,
29-May-2026,1902.62,890,1012.62,-8.77,Card,Lidl,Lidl Cork Cornmarket,Food,Food,,,,,,,,,,,,,,
29-May-2026,1900.17,890,1010.17,-2.45,Card,Lidl,Lidl Cork Cornmarket,Food,Food,,,,,,,,,,,,,,
30-May-2026,1895.22,890,1005.22,-4.95,Card,Irish Rail,Kent,Train ticket to Mallow,Transport,,,,,,,,,,,,,,
30-May-2026,1886.72,890,996.72,-8.5,Card,Aspels Spar,Aspel's Centra,"Coffee's, Monster",Food,,,,,,,,,,,,,,
30-May-2026,1986.72,990,996.72,100.0,Cash,Dadsie,Knockskehy,Drew in bales,Dadsie,,,,,,,,,,,,,,
31-May-2026,1981.77,990,991.77,-4.95,Card,Irish Rail,Kent,Train ticket to Mallow,Transport,,,,,,,,,,,,,,
31-May-2026,1959.77,990,969.77,-22.0,Card,SuperValu,O'Keeffe's SuperValu Newmarket,"Guiness, pepsi maxx",Food Non-Personal,,,,,,,,,,,,,,
31-May-2026,1969.77,1000,969.77,10.0,Cash,Dadsie,Knockskehy,Money for Guiness,Dadsie,,,,,,,,,,,,,,
31-May-2026,2089.77,1120,969.77,120.0,Cash,Mumsie,Knockskehy,Drew in bales meelin,Mumsie,,,,,,,,,,,,,,
31-May-2026,2078.12,1120,958.12,-11.65,Card,Irish Rail,Banteer,Train ticket to Cork,Transport,,,,,,,,,,,,,,
1-Jun-2026,2064.96,1120,944.96,-13.16,Card,Lidl,Lidl Cork Cornmarket,Food,Food,,,,,,,,,,,,,,
1-Jun-2026,2062.51,1120,942.51,-2.45,Card,Lidl,Lidl Cork Cornmarket,Cookies,Food,,,,,,,,,,,,,,
2-Jun-2026,2051.39,1120,931.39,-11.12,Card,Lidl,Lidl Cork Cornmarket,Food,Food,,,,,,,,,,,,,,
3-Jun-2026,2039.62,1120,919.62,-11.77,Card,Lidl,Lidl Cork Cornmarket,Food,Food,,,,,,,,,,,,,,
3-Jun-2026,2036.73,1120,916.73,-2.89,Card,Lidl,Lidl Cork Cornmarket,Food,Food,,,,,,,,,,,,,,
4-Jun-2026,2024.08,1120,904.08,-12.65,Card,Lidl,Lidl Cork Cornmarket,"Noodles, chicken, peppers, mushrooms, monster, BB sauce",Food,,,,,,,,,,,,,,
5-Jun-2026,1994.08,1090,904.08,-30.0,Cash,City Barbers,City barbers,Haircut + Tip,Personal,,,,,,,,,,,,,,
5-Jun-2026,1494.08,590,904.08,-500.0,Cash,Denis,T23 X499,Money for plumber,Denis,,,,,,,,,,,,,,
5-Jun-2026,2111.18,590,1521.18,617.1,Bank Transfer,Voodoo,Voodoo Rooms,Wages,Income,,,,,,,,,,,,,,
5-Jun-2026,2061.18,590,1471.18,-50.0,Bank Transfer,Trading212,,€50 into brokerage account,Investing,,,,,,,,,,,,,,
5-Jun-2026,2561.18,590,1971.18,500.0,Bank Transfer,Denis,,Money back for plumber,Denis,,,,,,,,,,,,,,
5-Jun-2026,2540.25,590,1950.25,-20.93,Card,Lidl,Lidl Cork Cornmarket,Food,Food,,,,,,,,,,,,,,
28-May-2026,2534.55,590,1944.55,-5.7,Card,Lidl,Lidl Cork Cornmarket,Food,Food,,,,,,,,,,,,,,
5-Jun-2026,2084.55,590,1494.55,-450.0,Card,Trading212,,€450 into trading212 CFD account,Trading,,,,,,,,,,,,,,
6-Jun-2026,2079.86,590,1489.86,-4.69,Card,Lidl,Lidl Cork Cornmarket,Food,Food,,,,,,,,,,,,,,
6-Jun-2026,2070.63,590,1480.63,-9.23,Card,Lidl,Lidl Cork Cornmarket,Food,Food,,,,,,,,,,,,,,
6-Jun-2026,2051.33,590,1461.33,-19.3,Card,Eskimo's,Eskimo Pizza (North),Pizza + 2 dips ,Food,,,,,,,,,,,,,,
7-Jun-2026,2046.38,590,1456.38,-4.95,Card,Lidl,Lidl Cork Cornmarket,Food,Food,,,,,,,,,,,,,,
7-Jun-2026,2005.73,590,1415.73,-40.65,Card,Dogs.ie,Knockskehy,Bernese Add,Sheila,,,,,,,,,,,,,,
7-Jun-2026,2065.73,650,1415.73,60.0,Cash,Musmie,Knockskehy,Labour,Mumsie,,,,,,,,,,,,,,
8-Jun-2026,2059.44,650,1409.44,-6.29,Card,Chemist Warehouse,Chemist Warehouse Cornmarket,Mouth wash,Personal,,,,,,,,,,,,,,
8-Jun-2026,2044.84,650,1394.84,-14.6,Card,Lidl,Lidl Cork Cornmarket,Food,Food,,,,,,,,,,,,,,
8-Jun-2026,2042.89,650,1392.89,-1.95,Card,LiveCareer.com,,2 week CV editor,Personal Development,,,,,,,,,,,,,,
9-Jun-2026,2027.3,650,1377.3,-15.59,Card,Lidl,Lidl Cork Cornmarket,Food,Food,,,,,,,,,,,,,,
10-Jun-2026,2012.45,650,1362.45,-14.85,Card,Lidl,Lidl Cork Cornmarket,Food,Food,,,,,,,,,,,,,,
10-Jun-2026,2009.71,650,1359.71,-2.74,Card,Lidl,Lidl Cork Cornmarket,Food,Food,,,,,,,,,,,,,,
11-Jun-2026,2000.38,650,1350.38,-9.33,Card,Lidl,Lidl Cork Cornmarket,Food,Food,,,,,,,,,,,,,,
12-Jun-2026,2415.87,650,1765.87,415.49,Bank Transfer,Voodoo,Voodoo Rooms,Wages,Income,,,,,,,,,,,,,,
12-Jun-2026,2365.87,650,1715.87,-50.0,Bank Transfer,Trading212,,€50 into brokerage account,Investing,,,,,,,,,,,,,,
12-Jun-2026,2361.68,650,1711.68,-4.19,Card,Chemist Warehouse,Chemist Warehouse Cornmarket,Deodrant,Personal,,,,,,,,,,,,,,
12-Jun-2026,2351.37,650,1701.37,-10.31,Card,Lidl,Lidl Cork Cornmarket,Food,Food,,,,,,,,,,,,,,
13-Jun-2026,2336.31,650,1686.31,-15.06,Card,Lidl,Lidl Cork Cornmarket,Food,Food,,,,,,,,,,,,,,
14-Jun-2026,2317.92,650,1667.92,-18.39,Card,Trading View,,1 month subscription,Trading,,,,,,,,,,,,,,
14-Jun-2026,2312.97,650,1662.97,-4.95,Card,Irish Rail,Kent,Train Ticket to mallow,Transport,,,,,,,,,,,,,,
14-Jun-2026,2216.23,650,1566.23,-96.74,Card,Lidl,Lidl Kanturk,Food for home,Food Non-Personal,,,,,,,,,,,,,,
14-Jun-2026,2266.23,700,1566.23,50.0,Cash,Peggie,Lidl Kanturk,Money for cat food,Mumsie,,,,,,,,,,,,,,
15-Jun-2026,2253.87,700,1553.87,-12.36,Card,Lidl,Lidl Cork Cornmarket,Food,Food,,,,,,,,,,,,,,
15-Jun-2026,2236.65,700,1536.65,-17.22,Card,Apex Trader Funding,,1 month 25k eval,Trading,,,,,,,,,,,,,,
15-Jun-2026,2236.31,700,1536.31,-0.34,Bank Transfer,BOI,,Convertion Fee,BOI Fees,,,,,,,,,,,,,,
15-Jun-2026,2229.31,700,1529.31,-7.0,Card,Tesco,Tesco Superstore,Hay for squirells,Denis,,,,,,,,,,,,,,
16-Jun-2026,2215.21,700,1515.21,-14.1,Card,Lidl,Lidl Cork Cornmarket,Food,Food,,,,,,,,,,,,,,
16-Jun-2026,2208.75,700,1508.75,-6.46,Card,Lidl,Lidl Cork Cornmarket,Food,Food,,,,,,,,,,,,,,
17-Jun-2026,2198.85,700,1498.85,-9.9,Card,Lidl,Lidl Cork Cornmarket,Food,Food,,,,,,,,,,,,,,
17-Jun-2026,2189.69,700,1489.69,-9.16,Card,Lidl,Lidl Cork Cornmarket,Food,Food,,,,,,,,,,,,,,
14-Jun-2026,2239.69,750,1489.69,50.0,Cash,Musmie,,working at home,Mumsie,,,,,,,,,,,,,,
18-Jun-2026,2232.37,750,1482.37,-7.32,Card,Lidl,Lidl Cork Cornmarket,Food,Food,,,,,,,,,,,,,,
19-Jun-2026,2542.12,750,1792.12,309.75,Bank Transfer,Voodoo,Voodoo Rooms,Wages,Income,,,,,,,,,,,,,,
19-Jun-2026,2534.8,750,1784.8,-7.32,Card,Lidl,Lidl Cork Cornmarket,Food,Food,,,,,,,,,,,,,,
19-Jun-2026,2531.85,750,1781.85,-2.95,Card,Daybreak,Daybreak,Monster,Food,,,,,,,,,,,,,,
20-Jun-2026,2508.79,750,1758.79,-23.06,Card,Lidl,Lidl Kanturk,Food,Food Non-Personal,,,,,,,,,,,,,,
20-Jun-2026,2504.99,750,1754.99,-3.8,Card,Centa,Aspel's Centra,Latte,Food Non-Personal,,,,,,,,,,,,,,
21-Jun-2026,2500.04,750,1750.04,-4.95,Card,Irish Rail,Kent,train ticket mallow,Transport,,,,,,,,,,,,,,
22-Jun-2026,2489.18,750,1739.18,-10.86,Card,Lidl,Lidl Cork Cornmarket,Food,Food,,,,,,,,,,,,,,
22-Jun-2026,2487.24,750,1737.24,-1.94,Card,Mr Price,Mr Price,Monster,Food,,,,,,,,,,,,,,
21-Jun-2026,2467.24,730,1737.24,-20.0,Cash,Lidl,Lidl Kanturk,Charity,Personal,,,,,,,,,,,,,,
14-Jun-2026,2477.24,740,1737.24,10.0,Cash,Peggie,Knockskehy,money for dinner,Mumsie,,,,,,,,,,,,,,
14-Jun-2026,2527.24,790,1737.24,50.0,Cash,Sheila,,Money for bernese add,Sheila,,,,,,,,,,,,,,
22-Jun-2026,2510.44,790,1720.44,-16.8,Card,Eskimo's,Eskimo Pizza (North),Pizza + 2 dips ,Food,,,,,,,,,,,,,,
23-Jun-2026,2501.77,790,1711.77,-8.67,Card,Lidl,Lidl Cork Cornmarket,Food,Food,,,,,,,,,,,,,,
23-Jun-2026,2492.2,790,1702.2,-9.57,Card,Costcutter,Costcutter,Sweets,Food,,,,,,,,,,,,,,
23-Jun-2026,2474.77,790,1684.77,-17.43,Card,Apex Trader Funding,,Eval 25K,Trading,,,,,,,,,,,,,,
23-Jun-2026,2474.42,790,1684.42,-0.35,Card,BOI,,FX Fee,Trading,,,,,,,,,,,,,,
24-Jun-2026,2464.1,790,1674.1,-10.32,Card,Lidl,Lidl Cork Cornmarket,Food,Food,,,,,,,,,,,,,,
24-Jun-2026,2461.46,790,1671.46,-2.64,Card,Mr Price,Mr Price,Sweets,Food,,,,,,,,,,,,,,
25-Jun-2026,2445.35,790,1655.35,-16.11,Card,Lidl,Lidl Cork Cornmarket,Food,Food,,,,,,,,,,,,,,
25-Jun-2026,2427.78,790,1637.78,-17.57,Card,Apex Trader Funding,,Eval 25K,Trading,,,,,,,,,,,,,,
25-Jun-2026,2427.43,790,1637.43,-0.35,Card,BOI,,FX Fee,Trading,,,,,,,,,,,,,,
26-Jun-2026,2733.91,790,1943.91,306.48,Bank Transfer,Voodoo,Voodoo Rooms,Wages,Income,,,,,,,,,,,,,,
26-Jun-2026,2633.91,790,1843.91,-100.0,Bank Transfer,Trading212,,€100 into brokerage account,Investing,,,,,,,,,,,,,,
26-Jun-2026,2491.37,790,1701.37,-142.54,Bank Transfer,Electric Ireland,,ESB bill,Household,,,,,,,,,,,,,,
27-Jun-2026,2486.42,790,1696.42,-4.95,Card,Irish Rail,Kent,"Train ticker, cork -> mallow",Transport,,,,,,,,,,,,,,
27-Jun-2026,2481.47,790,1691.47,-4.95,Card,Irish Rail,Kent,"Train ticker, mallow->cork",Transport,,,,,,,,,,,,,,
27-Jun-2026,2478.17,790,1688.17,-3.3,Card,Shop,Supermac's & Papa John's Mallow,"Pepsi Max, Latte",Food,,,,,,,,,,,,,,
27-Jun-2026,2470.27,790,1680.27,-7.9,Card,Supermacs,Supermac's & Papa John's Mallow,2 hot choclate muffin,Food,,,,,,,,,,,,,,
28-Jun-2026,2458.25,790,1668.25,-12.02,Card,Lidl,Lidl Cork Cornmarket,Food,Food,,,,,,,,,,,,,,
29-Jun-2026,2455.25,790,1665.25,-3.0,Card,Centa,Centra,bread,Food,,,,,,,,,,,,,,
30-Jun-2026,2449.25,790,1659.25,-6.0,Bank Transfer,BOI,,Maintaining account,BOI Fees,,,,,,,,,,,,,,
30-Jun-2026,2431.76,790,1641.76,-17.49,Card,Apex Trader Funding,,Eval 25K,Trading,,,,,,,,,,,,,,
30-Jun-2026,2431.41,790,1641.41,-0.35,Card,BOI,,FX Fee,Trading,,,,,,,,,,,,,,
30-Jun-2026,2424.29,790,1634.29,-7.12,Card,Lidl,Lidl Cork Cornmarket,Food,Food,,,,,,,,,,,,,,
1-Jul-2026,2416.46,790,1626.46,-7.83,Card,Lidl,Lidl Cork Cornmarket,Food,Food,,,,,,,,,,,,,,
2-Jul-2026,2409.82,790,1619.82,-6.64,Card,Lidl,Lidl Cork Cornmarket,Food,Food,,,,,,,,,,,,,,
2-Jul-2026,2401.74,790,1611.74,-8.08,Card,Lidl,Lidl Cork Cornmarket,Food,Food,,,,,,,,,,,,,,
2-Jul-2026,2398.54,790,1608.54,-3.2,Card,Tesco,Tesco Superstore,Club Lemon 4 pack,Food,,,,,,,,,,,,,,
3-Jul-2026,2675.68,790,1885.68,277.14,Bank Transfer,Voodoo,Voodoo Rooms,Wages,Income,,,,,,,,,,,,,,
3-Jul-2026,2625.68,790,1835.68,-50.0,Bank Transfer,Trading212,,€50 into brokerage account,Investing,,,,,,,,,,,,,,
3-Jul-2026,2621.8,790,1831.8,-3.88,Card,Lidl,Lidl Cork Cornmarket,Food,Food,,,,,,,,,,,,,,
4-Jul-2026,2616.85,790,1826.85,-4.95,Card,Irish Rail,Kent,Train ticket Cork -> Mallow,Transport,,,,,,,,,,,,,,
4-Jul-2026,2666.85,840,1826.85,50.0,Cash,Mumise,Knockskehy,Labour,Mumsie,,,,,,,,,,,,,,
4-Jul-2026,2676.85,850,1826.85,10.0,Cash,Peggie,,unsure,Mumsie,,,,,,,,,,,,,,
6-Jul-2026,2661.85,850,1811.85,-15.0,Card,Eskimo's,Eskimo Pizza (North),Pizza + 2 dips ,Food,,,,,,,,,,,,,,
6-Jul-2026,2659.87,850,1809.87,-1.98,Card,Lidl,Lidl Cork Cornmarket,Food,Food,,,,,,,,,,,,,,
6-Jul-2026,2653.49,850,1803.49,-6.38,Card,Lidl,Lidl Cork Cornmarket,Food,Food,,,,,,,,,,,,,,
7-Jul-2026,2646.76,850,1796.76,-6.73,Card,Costcutter,Costcutter,Sweets,Food,,,,,,,,,,,,,,
8-Jul-2026,2628.15,850,1778.15,-18.61,Card,Lidl,Lidl Cork Cornmarket,Food,Food,,,,,,,,,,,,,,
8-Jul-2026,2624.92,850,1774.92,-3.23,Card,Lidl,Lidl Cork Cornmarket,Food,Food,,,,,,,,,,,,,,
9-Jul-2026,2619.73,850,1769.73,-5.19,Card,Lidl,Lidl Cork Cornmarket,Food,Food,,,,,,,,,,,,,,
10-Jul-2026,3068.64,850,2218.64,448.91,Bank Transfer,Voodoo,Voodoo Rooms,Wages,Income,,,,,,,,,,,,,,
10-Jul-2026,3018.64,850,2168.64,-50.0,Bank Transfer,Trading212,,€50 into brokerage account,Investing,,,,,,,,,,,,,,
10-Jul-2026,3013.91,850,2163.91,-4.73,Card,Lidl,Lidl Cork Cornmarket,Food,Food,,,,,,,,,,,,,,
11-Jul-2026,3008.96,850,2158.96,-4.95,Card,Irish Rail,Kent,"Train ticker, cork -> mallow",Transport,,,,,,,,,,,,,,
11-Jul-2026,3004.01,850,2154.01,-4.95,Card,Irish Rail,Kent,"Train ticker, mallow->cork",Transport,,,,,,,,,,,,,,
12-Jul-2026,2986.51,850,2136.51,-17.5,Card,Eskimo's,Eskimo Pizza (North),Pizza + 2 dips ,Food,,,,,,,,,,,,,,
12-Jul-2026,2972.49,850,2122.49,-14.02,Card,Lidl,Lidl Cork Cornmarket,Food,Food,,,,,,,,,,,,,,
13-Jul-2026,2967.09,850,2117.09,-5.4,Card,Costcutter,Costcutter,Sweets,Food,,,,,,,,,,,,,,
14-Jul-2026,2961.51,850,2111.51,-5.58,Card,Lidl,Lidl Cork Cornmarket,Food,Food,,,,,,,,,,,,,,
15-Jul-2026,2944.49,850,2094.49,-17.02,Card,Lidl,Lidl Cork Cornmarket,Food,Food,,,,,,,,,,,,,,
16-Jul-2026,2937.12,850,2087.12,-7.37,Card,Lidl,Lidl Cork Cornmarket,Food,Food,,,,,,,,,,,,,,
16-Jul-2026,2917.17,850,2067.17,-19.95,Card,Live Career,,CV,Personal Development,,,,,,,,,,,,,,
16-Jul-2026,2914.42,850,2064.42,-2.75,Card,Centa,Centra,drink,Food,,,,,,,,,,,,,,
17-Jul-2026,3156.23,850,2306.23,241.81,Bank Transfer,Voodoo,Voodoo Rooms,Wages,Income,,,,,,,,,,,,,,
17-Jul-2026,3106.23,850,2256.23,-50.0,Bank Transfer,Trading212,,€50 into brokerage account,Investing,,,,,,,,,,,,,,
17-Jul-2026,3098.81,850,2248.81,-7.42,Card,Lidl,Lidl Cork Cornmarket,Food,Food,,,,,,,,,,,,,,
12-Jul-2026,3096.06,850,2246.06,-2.75,Card,Centa,Centra,drink,Food,,,,,,,,,,,,,,
26-Jun-2026,3085.54,850,2235.54,-10.52,Card,Lidl,Lidl Cork Cornmarket,Food,Food,,,,,,,,,,,,,,
18-Jul-2026,3080.59,850,2230.59,-4.95,Card,Irish Rail,Kent,Train ticket,Transport,,,,,,,,,,,,,,
18-Jul-2026,3068.94,850,2218.94,-11.65,Card,Irish Rail,Banteer,Train Ticket,Transport,,,,,,,,,,,,,,
18-Jul-2026,3064.64,850,2214.64,-4.3,Card,Johns Bridge,Freemount,Food,Food,,,,,,,,,,,,,,
19-Jul-2026,3061.89,850,2211.89,-2.75,Card,Centra,Centra,Drink,Food,,,,,,,,,,,,,,
19-Jul-2026,3042.59,850,2192.59,-19.3,Card,Eskimo's,Eskimo Pizza (North),Pizza + 2 dips ,Food,,,,,,,,,,,,,,
19-Jul-2026,3037.65,850,2187.65,-4.94,Card,Lidl,Lidl Cork Cornmarket,Food,Food,,,,,,,,,,,,,,
19-Jul-2026,3031.12,850,2181.12,-6.53,Card,Lidl,Lidl Cork Cornmarket,Food,Food,,,,,,,,,,,,,,
20-Jul-2026,3021.7,850,2171.7,-9.42,Card,Lidl,Lidl Cork Cornmarket,Food,Food,,,,,,,,,,,,,,
20-Jul-2026,3017.77,850,2167.77,-3.93,Card,Mr Price,Mr Price,Sweets,Food,,,,,,,,,,,,,,
21-Jul-2026,3000.97,850,2150.97,-16.8,Card,Eskimo's,Eskimo Pizza (North),Pizza + 2 dips,Food,,,,,,,,,,,,,,
21-Jul-2026,2999.03,850,2149.03,-1.94,Card,Mr Price,Mr Price,Sweets,Food,,,,,,,,,,,,,,
21-Jul-2026,2992.89,850,2142.89,-6.14,Card,Lidl,Lidl Cork Cornmarket,Food,Food,,,,,,,,,,,,,,
21-Jul-2026,2988.85,850,2138.85,-4.04,Card,Lidl,Lidl Cork Cornmarket,Food,Food,,,,,,,,,,,,,,
22-Jul-2026,2978.58,850,2128.58,-10.27,Card,Lidl,Lidl Cork Cornmarket,Food,Food,,,,,,,,,,,,,,
23-Jul-2026,2975.63,850,2125.63,-2.95,Card,Daybreak,Daybreak,Monster,Food,,,,,,,,,,,,,,
23-Jul-2026,2965.89,850,2115.89,-9.74,Card,Lidl,Lidl Cork Cornmarket,Food,Food,,,,,,,,,,,,,,
23-Jul-2026,2959.36,850,2109.36,-6.53,Card,Lidl,Lidl Cork Cornmarket,Food,Food,,,,,,,,,,,,,,
24-Jul-2026,3304.27,850,2454.27,344.91,Bank Transfer,Voodoo,Voodoo Rooms,Wages,Income,,,,,,,,,,,,,,
24-Jul-2026,3254.27,850,2404.27,-50.0,Bank Transfer,Trading212,,€50 into brokerage account,Investing,,,,,,,,,,,,,,
24-Jul-2026,3246.09,850,2396.09,-8.18,Card,Lidl,Lidl Cork Cornmarket,Food,Food,,,,,,,,,,,,,,
25-Jul-2026,3241.14,850,2391.14,-4.95,Card,Irish Rail,Kent,Train ticket,Transport,,,,,,,,,,,,,,
25-Jul-2026,3229.49,850,2379.49,-11.65,Card,Irish Rail,Banteer,Train ticket,Transport,,,,,,,,,,,,,,
26-Jul-2026,3217.84,850,2367.84,-11.65,Card,Irish Rail,Kent,Train ticket,Transport,,,,,,,,,,,,,,
27-Jul-2026,3197.73,850,2347.73,-20.11,Card,Lidl,Lidl Cork Cornmarket,Food,Food,,,,,,,,,,,,,,
27-Jul-2026,3188.75,850,2338.75,-8.98,Card,Lidl,Lidl Cork Cornmarket,Food,Food,,,,,,,,,,,,,,
28-Jul-2026,3178.58,850,2328.58,-10.17,Card,Lidl,Lidl Cork Cornmarket,Food,Food,,,,,,,,,,,,,,
28-Jul-2026,3171.19,850,2321.19,-7.39,Card,Lidl,Lidl Cork Cornmarket,Food,Food,,,,,,,,,,,,,,
29-Jul-2026,3159.04,850,2309.04,-12.15,Card,Lidl,Lidl Cork Cornmarket,Food,Food,,,,,,,,,,,,,,
29-Jul-2026,3157.1,850,2307.1,-1.94,Card,Mr Price,Mr Price,Monster,Food,,,,,,,,,,,,,,
30-Jul-2026,3143.34,850,2293.34,-13.76,Card,Lidl,Lidl Cork Cornmarket,Food,Food,,,,,,,,,,,,,,
30-Jul-2026,3125.84,850,2275.84,-17.5,Card,Apex Trader Funding,,25K Eval,Trading,,,,,,,,,,,,,,
30-Jul-2026,3125.49,850,2275.49,-0.35,Card,BOI,,FX Fee,Trading,,,,,,,,,,,,,,
31-Jul-2026,3366.34,850,2516.34,240.85,Bank Transfer,Voodoo,Voodoo Rooms,Wages,Income,,,,,,,,,,,,,,
31-Jul-2026,3316.34,850,2466.34,-50.0,Bank Transfer,Trading212,,€50 into brokerage account,Investing,,,,,,,,,,,,,,
31-Jul-2026,3310.34,850,2460.34,-6.0,Bank Transfer,BOI,,Maintaining account,BOI Fees,,,,,,,,,,,,,,
31-Jul-2026,3299.06,850,2449.06,-11.28,Card,Lidl,Lidl Cork Cornmarket,Food,Food,,,,,,,,,,,,,,
1-Aug-2026,3287.41,850,2437.41,-11.65,Card,Irish Rail,Kent,Train ticket,Transport,,,,,,,,,,,,,,
1-Aug-2026,3282.46,850,2432.46,-4.95,Card,Irish Rail,Banteer,Train ticket,Transport,,,,,,,,,,,,,,
2-Aug-2026,3277.51,850,2427.51,-4.95,Card,Irish Rail,Kent,Train ticket,Transport,,,,,,,,,,,,,,
2-Aug-2026,3253.92,850,2403.92,-23.59,Card,Lidl,Lidl Kanturk,Food for home,Food Non-Personal,,,,,,,,,,,,,,
3-Aug-2026,3240.28,850,2390.28,-13.64,Card,Lidl,Lidl Cork Cornmarket,Food,Food,,,,,,,,,,,,,,
3-Aug-2026,3232.69,850,2382.69,-7.59,Card,Lidl,Lidl Cork Cornmarket,Food,Food,,,,,,,,,,,,,,
3-Aug-2026,3230.75,850,2380.75,-1.94,Card,Mr Price,Mr Price,monster,Food,,,,,,,,,,,,,,
4-Aug-2026,3217.13,850,2367.13,-13.62,Card,Lidl,Lidl Cork Cornmarket,Food,Food,,,,,,,,,,,,,,
4-Aug-2026,3214.38,850,2364.38,-2.75,Card,CostCutter,Costcutter,Drink,Food,,,,,,,,,,,,,,
5-Aug-2026,3203.15,850,2353.15,-11.23,Card,CostCutter,Costcutter,food,Food,,,,,,,,,,,,,,
5-Aug-2026,3192.18,850,2342.18,-10.97,Card,Lidl,Lidl Cork Cornmarket,Food,Food,,,,,,,,,,,,,,
5-Aug-2026,3170.91,850,2320.91,-21.27,Card,Chemist Warehouse,Chemist Warehouse Cornmarket,"tooth brush heads, soup moisturizer",Personal,,,,,,,,,,,,,,
5-Aug-2026,3167.96,850,2317.96,-2.95,Card,Daybreak,Daybreak,Monster,Food,,,,,,,,,,,,,,
1-Aug-2026,4167.96,1850,2317.96,1000.0,Cash,Mumsie,Knockskehy,Best Boy,Mumsie,,,,,,,,,,,,,,
